영업일,결제시각,주문금액,결제수단,메뉴,수량,취소환불액
2025-09-01,11:19,9000,카드,동치미 국수,1,0
2025-09-01,12:03,26000,카드,보리굴비 정식,1,0
2025-09-01,12:55,6000,카드,계란말이 추가,1,0
2025-09-01,13:07,15000,간편결제,제철 반상,1,0
2025-09-01,13:46,13000,카드,들기름 고등어 한상,1,0
2025-09-01,13:46,9000,간편결제,동치미 국수,1,9000
2025-09-01,13:55,15000,카드,제철 반상,1,0
2025-09-01,17:32,13000,카드,들기름 고등어 한상,1,0
2025-09-01,17:49,21000,카드,묵은지 김치찜,1,0
2025-09-01,17:51,6000,카드,계란말이 추가,1,0
2025-09-01,18:22,6000,카드,계란말이 추가,1,0
2025-09-01,18:40,17000,카드,소복 정식,1,0
2025-09-01,18:44,15000,카드,제철 반상,1,0
2025-09-01,19:07,13000,카드,들기름 고등어 한상,1,0
2025-09-01,19:24,21000,현금,묵은지 김치찜,1,0
2025-09-01,19:28,17000,카드,소복 정식,1,0
2025-09-01,19:44,9000,카드,동치미 국수,1,0
2025-09-01,19:47,30000,카드,제철 반상,2,0
2025-09-01,20:06,42000,카드,묵은지 김치찜,2,0
2025-09-01,20:09,9000,카드,동치미 국수,1,0
2025-09-01,20:53,26000,카드,보리굴비 정식,1,0
2025-09-01,20:59,26000,간편결제,들기름 고등어 한상,2,0
2025-09-02,11:10,9000,현금,동치미 국수,1,0
2025-09-02,11:20,15000,카드,제철 반상,1,0
2025-09-02,11:42,9000,카드,동치미 국수,1,0
2025-09-02,11:58,13000,간편결제,들기름 고등어 한상,1,0
2025-09-02,12:14,30000,카드,제철 반상,2,0
2025-09-02,12:27,13000,카드,들기름 고등어 한상,1,0
2025-09-02,13:01,13000,카드,들기름 고등어 한상,1,0
2025-09-02,13:34,12000,카드,계란말이 추가,2,0
2025-09-02,13:58,12000,간편결제,계란말이 추가,2,0
2025-09-02,17:09,26000,카드,보리굴비 정식,1,0
2025-09-02,17:15,9000,간편결제,동치미 국수,1,0
2025-09-02,17:29,21000,카드,묵은지 김치찜,1,0
2025-09-02,17:41,26000,카드,보리굴비 정식,1,0
2025-09-02,17:59,13000,현금,들기름 고등어 한상,1,0
2025-09-02,18:04,52000,카드,보리굴비 정식,2,0
2025-09-02,18:12,27000,카드,동치미 국수,3,0
2025-09-02,18:44,9000,카드,동치미 국수,1,0
2025-09-02,18:46,39000,간편결제,들기름 고등어 한상,3,0
2025-09-02,19:15,30000,카드,제철 반상,2,0
2025-09-02,19:19,21000,카드,묵은지 김치찜,1,0
2025-09-02,19:24,15000,카드,제철 반상,1,0
2025-09-02,19:45,26000,간편결제,보리굴비 정식,1,0
2025-09-02,19:48,15000,카드,제철 반상,1,0
2025-09-02,19:57,52000,카드,보리굴비 정식,2,0
2025-09-02,19:58,51000,카드,소복 정식,3,0
2025-09-03,11:45,6000,간편결제,계란말이 추가,1,0
2025-09-03,11:50,13000,간편결제,들기름 고등어 한상,1,0
2025-09-03,12:09,9000,카드,동치미 국수,1,0
2025-09-03,12:12,15000,카드,제철 반상,1,0
2025-09-03,12:34,13000,카드,들기름 고등어 한상,1,0
2025-09-03,12:51,17000,카드,소복 정식,1,0
2025-09-03,12:57,6000,카드,계란말이 추가,1,0
2025-09-03,13:18,15000,카드,제철 반상,1,0
2025-09-03,13:28,26000,카드,보리굴비 정식,1,26000
2025-09-03,17:22,6000,카드,계란말이 추가,1,0
2025-09-03,17:31,17000,카드,소복 정식,1,0
2025-09-03,17:42,18000,간편결제,동치미 국수,2,0
2025-09-03,17:42,26000,카드,보리굴비 정식,1,0
2025-09-03,17:52,30000,카드,제철 반상,2,0
2025-09-03,18:02,9000,카드,동치미 국수,1,0
2025-09-03,18:02,17000,카드,소복 정식,1,0
2025-09-03,18:12,15000,간편결제,제철 반상,1,0
2025-09-03,18:52,30000,카드,제철 반상,2,0
2025-09-03,18:54,15000,카드,제철 반상,1,0
2025-09-03,19:10,9000,카드,동치미 국수,1,0
2025-09-03,19:14,15000,카드,제철 반상,1,0
2025-09-03,19:23,6000,카드,계란말이 추가,1,0
2025-09-03,19:25,6000,카드,계란말이 추가,1,0
2025-09-03,19:36,18000,카드,동치미 국수,2,0
2025-09-03,19:43,34000,카드,소복 정식,2,0
2025-09-03,19:46,13000,카드,들기름 고등어 한상,1,0
2025-09-03,20:01,52000,간편결제,보리굴비 정식,2,0
2025-09-03,20:11,78000,카드,보리굴비 정식,3,0
2025-09-03,20:35,42000,카드,묵은지 김치찜,2,0
2025-09-03,20:49,9000,간편결제,동치미 국수,1,0
2025-09-03,20:59,6000,카드,계란말이 추가,1,0
2025-09-04,11:08,17000,카드,소복 정식,1,0
2025-09-04,11:09,18000,카드,동치미 국수,2,0
2025-09-04,11:09,17000,간편결제,소복 정식,1,0
2025-09-04,11:12,15000,카드,제철 반상,1,0
2025-09-04,11:19,63000,카드,묵은지 김치찜,3,0
2025-09-04,11:23,26000,카드,들기름 고등어 한상,2,0
2025-09-04,11:29,52000,카드,보리굴비 정식,2,0
2025-09-04,11:36,17000,현금,소복 정식,1,0
2025-09-04,11:54,12000,카드,계란말이 추가,2,0
2025-09-04,11:56,21000,카드,묵은지 김치찜,1,0
2025-09-04,11:59,26000,카드,보리굴비 정식,1,0
2025-09-04,12:01,6000,카드,계란말이 추가,1,0
2025-09-04,12:13,45000,카드,제철 반상,3,0
2025-09-04,12:49,17000,카드,소복 정식,1,0
2025-09-04,12:53,21000,간편결제,묵은지 김치찜,1,0
2025-09-04,13:18,15000,카드,제철 반상,1,0
2025-09-04,13:28,34000,카드,소복 정식,2,0
2025-09-04,13:33,6000,카드,계란말이 추가,1,0
2025-09-04,13:55,21000,카드,묵은지 김치찜,1,0
2025-09-04,17:19,21000,카드,묵은지 김치찜,1,0
2025-09-04,17:30,9000,간편결제,동치미 국수,1,0
2025-09-04,17:50,26000,간편결제,들기름 고등어 한상,2,0
2025-09-04,17:51,17000,카드,소복 정식,1,0
2025-09-04,17:56,9000,카드,동치미 국수,1,0
2025-09-04,18:14,6000,카드,계란말이 추가,1,0
2025-09-04,18:22,21000,카드,묵은지 김치찜,1,0
2025-09-04,18:29,13000,간편결제,들기름 고등어 한상,1,0
2025-09-04,19:05,17000,카드,소복 정식,1,0
2025-09-04,19:23,6000,현금,계란말이 추가,1,0
2025-09-04,19:29,45000,카드,제철 반상,3,0
2025-09-04,19:48,15000,카드,제철 반상,1,0
2025-09-04,19:51,9000,카드,동치미 국수,1,0
2025-09-04,20:17,9000,카드,동치미 국수,1,0
2025-09-04,20:39,15000,카드,제철 반상,1,0
2025-09-04,20:44,15000,카드,제철 반상,1,0
2025-09-04,20:54,26000,카드,보리굴비 정식,1,0
2025-09-05,11:28,9000,카드,동치미 국수,1,0
2025-09-05,11:35,30000,현금,제철 반상,2,0
2025-09-05,11:39,9000,카드,동치미 국수,1,0
2025-09-05,12:14,26000,카드,보리굴비 정식,1,0
2025-09-05,12:16,6000,카드,계란말이 추가,1,0
2025-09-05,12:17,30000,카드,제철 반상,2,0
2025-09-05,12:54,9000,현금,동치미 국수,1,0
2025-09-05,12:58,9000,카드,동치미 국수,1,0
2025-09-05,13:00,15000,카드,제철 반상,1,0
2025-09-05,13:14,30000,카드,제철 반상,2,0
2025-09-05,13:20,26000,카드,보리굴비 정식,1,0
2025-09-05,13:23,15000,간편결제,제철 반상,1,0
2025-09-05,13:28,9000,카드,동치미 국수,1,0
2025-09-05,13:44,52000,현금,보리굴비 정식,2,0
2025-09-05,17:04,17000,카드,소복 정식,1,0
2025-09-05,17:07,34000,카드,소복 정식,2,0
2025-09-05,17:09,51000,카드,소복 정식,3,0
2025-09-05,17:17,9000,카드,동치미 국수,1,0
2025-09-05,17:19,21000,간편결제,묵은지 김치찜,1,0
2025-09-05,17:24,42000,간편결제,묵은지 김치찜,2,0
2025-09-05,17:25,17000,카드,소복 정식,1,0
2025-09-05,17:41,9000,간편결제,동치미 국수,1,0
2025-09-05,17:59,78000,간편결제,보리굴비 정식,3,0
2025-09-05,18:00,21000,카드,묵은지 김치찜,1,0
2025-09-05,18:04,6000,카드,계란말이 추가,1,0
2025-09-05,18:19,26000,카드,보리굴비 정식,1,0
2025-09-05,18:47,52000,카드,보리굴비 정식,2,0
2025-09-05,18:49,45000,현금,제철 반상,3,0
2025-09-05,18:54,26000,카드,들기름 고등어 한상,2,0
2025-09-05,19:04,15000,카드,제철 반상,1,0
2025-09-05,19:16,9000,카드,동치미 국수,1,0
2025-09-05,19:18,15000,간편결제,제철 반상,1,0
2025-09-05,19:34,15000,현금,제철 반상,1,0
2025-09-05,19:58,12000,카드,계란말이 추가,2,0
2025-09-05,19:58,26000,현금,보리굴비 정식,1,0
2025-09-05,19:59,18000,카드,동치미 국수,2,0
2025-09-05,20:26,26000,간편결제,보리굴비 정식,1,0
2025-09-05,20:29,17000,카드,소복 정식,1,0
2025-09-05,20:29,21000,간편결제,묵은지 김치찜,1,0
2025-09-05,20:48,6000,카드,계란말이 추가,1,0
2025-09-05,20:50,15000,카드,제철 반상,1,0
2025-09-05,20:57,34000,간편결제,소복 정식,2,0
2025-09-06,11:07,15000,카드,제철 반상,1,0
2025-09-06,11:14,17000,현금,소복 정식,1,0
2025-09-06,11:21,30000,간편결제,제철 반상,2,0
2025-09-06,11:41,21000,현금,묵은지 김치찜,1,0
2025-09-06,11:46,21000,간편결제,묵은지 김치찜,1,0
2025-09-06,11:51,26000,카드,들기름 고등어 한상,2,0
2025-09-06,11:54,13000,카드,들기름 고등어 한상,1,0
2025-09-06,12:01,17000,카드,소복 정식,1,0
2025-09-06,12:11,13000,카드,들기름 고등어 한상,1,0
2025-09-06,12:11,34000,간편결제,소복 정식,2,0
2025-09-06,12:18,12000,카드,계란말이 추가,2,0
2025-09-06,12:28,9000,카드,동치미 국수,1,0
2025-09-06,12:54,6000,카드,계란말이 추가,1,0
2025-09-06,13:05,9000,카드,동치미 국수,1,0
2025-09-06,13:22,52000,카드,보리굴비 정식,2,0
2025-09-06,13:32,13000,카드,들기름 고등어 한상,1,0
2025-09-06,13:56,17000,카드,소복 정식,1,0
2025-09-06,17:05,17000,간편결제,소복 정식,1,0
2025-09-06,17:07,15000,카드,제철 반상,1,0
2025-09-06,17:19,17000,카드,소복 정식,1,0
2025-09-06,17:35,15000,간편결제,제철 반상,1,0
2025-09-06,17:39,9000,카드,동치미 국수,1,0
2025-09-06,17:44,15000,간편결제,제철 반상,1,0
2025-09-06,18:04,26000,카드,보리굴비 정식,1,0
2025-09-06,18:27,26000,카드,들기름 고등어 한상,2,0
2025-09-06,18:50,18000,카드,동치미 국수,2,0
2025-09-06,19:14,17000,카드,소복 정식,1,0
2025-09-06,19:23,21000,카드,묵은지 김치찜,1,0
2025-09-06,19:39,30000,간편결제,제철 반상,2,0
2025-09-06,19:50,17000,카드,소복 정식,1,17000
2025-09-06,20:33,13000,카드,들기름 고등어 한상,1,0
2025-09-06,20:35,42000,카드,묵은지 김치찜,2,0
2025-09-06,20:39,21000,카드,묵은지 김치찜,1,0
2025-09-06,20:50,9000,카드,동치미 국수,1,0
2025-09-06,20:59,15000,카드,제철 반상,1,0
2025-09-07,11:08,26000,카드,보리굴비 정식,1,0
2025-09-07,11:13,63000,카드,묵은지 김치찜,3,0
2025-09-07,11:42,26000,카드,보리굴비 정식,1,0
2025-09-07,11:56,30000,카드,제철 반상,2,0
2025-09-07,12:12,17000,카드,소복 정식,1,0
2025-09-07,12:18,13000,간편결제,들기름 고등어 한상,1,13000
2025-09-07,12:40,17000,간편결제,소복 정식,1,0
2025-09-07,12:48,21000,카드,묵은지 김치찜,1,0
2025-09-07,13:31,12000,간편결제,계란말이 추가,2,0
2025-09-07,13:54,17000,현금,소복 정식,1,0
2025-09-07,17:41,15000,카드,제철 반상,1,0
2025-09-07,18:16,17000,카드,소복 정식,1,0
2025-09-07,18:40,6000,카드,계란말이 추가,1,0
2025-09-07,19:06,15000,카드,제철 반상,1,0
2025-09-07,19:29,13000,카드,들기름 고등어 한상,1,0
2025-09-07,19:42,34000,카드,소복 정식,2,0
2025-09-07,19:46,52000,간편결제,보리굴비 정식,2,52000
2025-09-07,20:00,42000,카드,묵은지 김치찜,2,0
2025-09-07,20:36,26000,카드,보리굴비 정식,1,0
2025-09-07,20:36,18000,간편결제,동치미 국수,2,0
2025-09-07,20:42,18000,카드,동치미 국수,2,0
2025-09-07,20:51,9000,간편결제,동치미 국수,1,0
2025-09-09,11:07,9000,카드,동치미 국수,1,0
2025-09-09,11:37,30000,카드,제철 반상,2,0
2025-09-09,11:39,26000,카드,들기름 고등어 한상,2,0
2025-09-09,11:41,13000,카드,들기름 고등어 한상,1,0
2025-09-09,11:42,12000,카드,계란말이 추가,2,0
2025-09-09,11:42,13000,간편결제,들기름 고등어 한상,1,0
2025-09-09,12:16,21000,간편결제,묵은지 김치찜,1,0
2025-09-09,12:40,17000,카드,소복 정식,1,0
2025-09-09,12:43,26000,카드,보리굴비 정식,1,0
2025-09-09,13:01,17000,카드,소복 정식,1,0
2025-09-09,13:15,17000,간편결제,소복 정식,1,0
2025-09-09,13:36,15000,간편결제,제철 반상,1,0
2025-09-09,13:50,6000,카드,계란말이 추가,1,0
2025-09-09,17:10,9000,간편결제,동치미 국수,1,0
2025-09-09,17:14,13000,카드,들기름 고등어 한상,1,0
2025-09-09,17:27,26000,간편결제,보리굴비 정식,1,0
2025-09-09,17:27,30000,카드,제철 반상,2,0
2025-09-09,17:29,13000,카드,들기름 고등어 한상,1,0
2025-09-09,18:00,21000,카드,묵은지 김치찜,1,0
2025-09-09,18:50,17000,카드,소복 정식,1,0
2025-09-09,19:08,6000,간편결제,계란말이 추가,1,0
2025-09-09,19:11,26000,현금,보리굴비 정식,1,26000
2025-09-09,20:03,6000,현금,계란말이 추가,1,6000
2025-09-09,20:08,18000,현금,동치미 국수,2,0
2025-09-09,20:38,52000,현금,보리굴비 정식,2,0
2025-09-09,20:48,13000,카드,들기름 고등어 한상,1,0
2025-09-09,20:49,18000,카드,동치미 국수,2,0
2025-09-10,12:01,21000,카드,묵은지 김치찜,1,0
2025-09-10,12:08,9000,카드,동치미 국수,1,0
2025-09-10,12:13,21000,카드,묵은지 김치찜,1,0
2025-09-10,12:20,17000,카드,소복 정식,1,0
2025-09-10,12:24,18000,카드,동치미 국수,2,0
2025-09-10,12:26,13000,카드,들기름 고등어 한상,1,0
2025-09-10,12:36,17000,카드,소복 정식,1,0
2025-09-10,12:50,26000,현금,보리굴비 정식,1,0
2025-09-10,13:02,15000,카드,제철 반상,1,0
2025-09-10,13:16,18000,카드,동치미 국수,2,0
2025-09-10,13:29,13000,간편결제,들기름 고등어 한상,1,0
2025-09-10,13:36,9000,카드,동치미 국수,1,0
2025-09-10,13:44,21000,카드,묵은지 김치찜,1,0
2025-09-10,13:51,6000,카드,계란말이 추가,1,6000
2025-09-10,17:01,21000,카드,묵은지 김치찜,1,0
2025-09-10,17:08,13000,카드,들기름 고등어 한상,1,0
2025-09-10,17:49,42000,카드,묵은지 김치찜,2,0
2025-09-10,17:54,18000,카드,동치미 국수,2,0
2025-09-10,18:04,15000,카드,제철 반상,1,0
2025-09-10,18:07,9000,카드,동치미 국수,1,0
2025-09-10,18:11,13000,카드,들기름 고등어 한상,1,13000
2025-09-10,18:16,6000,카드,계란말이 추가,1,0
2025-09-10,18:23,6000,카드,계란말이 추가,1,0
2025-09-10,19:15,15000,카드,제철 반상,1,0
2025-09-10,20:04,21000,간편결제,묵은지 김치찜,1,0
2025-09-10,20:12,30000,간편결제,제철 반상,2,0
2025-09-10,20:31,15000,카드,제철 반상,1,0
2025-09-10,20:33,15000,간편결제,제철 반상,1,0
2025-09-10,20:47,6000,카드,계란말이 추가,1,0
2025-09-11,11:08,6000,현금,계란말이 추가,1,0
2025-09-11,11:38,13000,카드,들기름 고등어 한상,1,0
2025-09-11,11:50,30000,간편결제,제철 반상,2,0
2025-09-11,11:57,26000,카드,보리굴비 정식,1,0
2025-09-11,12:06,15000,카드,제철 반상,1,0
2025-09-11,12:10,9000,카드,동치미 국수,1,0
2025-09-11,12:38,17000,간편결제,소복 정식,1,0
2025-09-11,12:53,26000,간편결제,보리굴비 정식,1,0
2025-09-11,13:05,17000,카드,소복 정식,1,0
2025-09-11,13:10,26000,카드,들기름 고등어 한상,2,0
2025-09-11,13:14,26000,카드,보리굴비 정식,1,0
2025-09-11,13:19,34000,카드,소복 정식,2,0
2025-09-11,13:26,26000,카드,보리굴비 정식,1,0
2025-09-11,13:27,21000,카드,묵은지 김치찜,1,0
2025-09-11,13:29,17000,간편결제,소복 정식,1,0
2025-09-11,13:34,9000,카드,동치미 국수,1,0
2025-09-11,17:19,26000,현금,들기름 고등어 한상,2,0
2025-09-11,17:22,34000,카드,소복 정식,2,0
2025-09-11,17:27,21000,카드,묵은지 김치찜,1,0
2025-09-11,17:34,26000,카드,들기름 고등어 한상,2,0
2025-09-11,17:48,17000,현금,소복 정식,1,0
2025-09-11,18:06,21000,카드,묵은지 김치찜,1,0
2025-09-11,18:45,27000,카드,동치미 국수,3,0
2025-09-11,18:45,6000,카드,계란말이 추가,1,0
2025-09-11,19:04,13000,카드,들기름 고등어 한상,1,0
2025-09-11,19:14,42000,간편결제,묵은지 김치찜,2,0
2025-09-11,19:15,13000,카드,들기름 고등어 한상,1,0
2025-09-11,19:19,6000,간편결제,계란말이 추가,1,0
2025-09-11,19:24,45000,카드,제철 반상,3,0
2025-09-11,19:29,26000,카드,보리굴비 정식,1,0
2025-09-11,20:04,6000,카드,계란말이 추가,1,0
2025-09-11,20:12,52000,카드,보리굴비 정식,2,0
2025-09-11,20:14,21000,카드,묵은지 김치찜,1,0
2025-09-11,20:28,13000,간편결제,들기름 고등어 한상,1,0
2025-09-11,20:31,15000,간편결제,제철 반상,1,0
2025-09-11,20:59,21000,카드,묵은지 김치찜,1,0
2025-09-12,11:19,13000,카드,들기름 고등어 한상,1,0
2025-09-12,11:23,9000,카드,동치미 국수,1,0
2025-09-12,11:24,13000,현금,들기름 고등어 한상,1,0
2025-09-12,11:31,6000,카드,계란말이 추가,1,0
2025-09-12,12:00,18000,카드,동치미 국수,2,0
2025-09-12,12:06,9000,간편결제,동치미 국수,1,0
2025-09-12,12:13,13000,카드,들기름 고등어 한상,1,0
2025-09-12,12:14,52000,카드,보리굴비 정식,2,0
2025-09-12,12:21,26000,카드,보리굴비 정식,1,0
2025-09-12,12:23,9000,카드,동치미 국수,1,0
2025-09-12,12:24,15000,현금,제철 반상,1,0
2025-09-12,12:41,34000,카드,소복 정식,2,0
2025-09-12,12:42,21000,카드,묵은지 김치찜,1,0
2025-09-12,12:47,9000,카드,동치미 국수,1,0
2025-09-12,13:08,12000,카드,계란말이 추가,2,0
2025-09-12,13:10,15000,카드,제철 반상,1,0
2025-09-12,13:30,52000,카드,보리굴비 정식,2,0
2025-09-12,13:32,63000,카드,묵은지 김치찜,3,0
2025-09-12,13:42,26000,간편결제,들기름 고등어 한상,2,0
2025-09-12,13:42,6000,카드,계란말이 추가,1,6000
2025-09-12,13:43,26000,간편결제,보리굴비 정식,1,0
2025-09-12,13:44,39000,현금,들기름 고등어 한상,3,0
2025-09-12,17:13,21000,카드,묵은지 김치찜,1,0
2025-09-12,17:27,9000,카드,동치미 국수,1,0
2025-09-12,18:05,52000,현금,보리굴비 정식,2,0
2025-09-12,18:24,42000,카드,묵은지 김치찜,2,0
2025-09-12,18:31,26000,카드,보리굴비 정식,1,0
2025-09-12,18:36,13000,카드,들기름 고등어 한상,1,0
2025-09-12,18:47,26000,카드,보리굴비 정식,1,0
2025-09-12,18:51,13000,카드,들기름 고등어 한상,1,0
2025-09-12,18:53,26000,카드,들기름 고등어 한상,2,0
2025-09-12,18:57,17000,현금,소복 정식,1,0
2025-09-12,18:58,15000,카드,제철 반상,1,0
2025-09-12,18:59,18000,현금,동치미 국수,2,0
2025-09-12,19:03,21000,카드,묵은지 김치찜,1,0
2025-09-12,19:56,26000,현금,들기름 고등어 한상,2,0
2025-09-12,20:02,42000,간편결제,묵은지 김치찜,2,0
2025-09-12,20:07,17000,간편결제,소복 정식,1,0
2025-09-12,20:16,13000,카드,들기름 고등어 한상,1,0
2025-09-12,20:32,9000,간편결제,동치미 국수,1,0
2025-09-12,20:54,18000,카드,계란말이 추가,3,0
2025-09-13,11:03,9000,간편결제,동치미 국수,1,0
2025-09-13,11:11,13000,카드,들기름 고등어 한상,1,0
2025-09-13,11:28,17000,카드,소복 정식,1,0
2025-09-13,11:46,63000,카드,묵은지 김치찜,3,0
2025-09-13,11:51,13000,카드,들기름 고등어 한상,1,0
2025-09-13,12:07,17000,카드,소복 정식,1,0
2025-09-13,12:12,15000,현금,제철 반상,1,0
2025-09-13,12:16,34000,간편결제,소복 정식,2,0
2025-09-13,12:29,12000,카드,계란말이 추가,2,0
2025-09-13,13:09,9000,카드,동치미 국수,1,0
2025-09-13,13:27,6000,카드,계란말이 추가,1,0
2025-09-13,13:49,26000,카드,보리굴비 정식,1,0
2025-09-13,13:53,26000,간편결제,보리굴비 정식,1,0
2025-09-13,13:53,26000,카드,보리굴비 정식,1,0
2025-09-13,17:11,26000,카드,보리굴비 정식,1,0
2025-09-13,17:15,78000,카드,보리굴비 정식,3,0
2025-09-13,17:16,15000,카드,제철 반상,1,0
2025-09-13,17:20,27000,카드,동치미 국수,3,0
2025-09-13,17:31,9000,간편결제,동치미 국수,1,0
2025-09-13,17:37,15000,카드,제철 반상,1,0
2025-09-13,17:54,26000,카드,들기름 고등어 한상,2,0
2025-09-13,18:22,6000,카드,계란말이 추가,1,0
2025-09-13,18:40,17000,카드,소복 정식,1,0
2025-09-13,18:42,13000,현금,들기름 고등어 한상,1,0
2025-09-13,18:46,52000,카드,보리굴비 정식,2,0
2025-09-13,18:52,26000,간편결제,보리굴비 정식,1,0
2025-09-13,19:04,12000,카드,계란말이 추가,2,0
2025-09-13,19:08,21000,카드,묵은지 김치찜,1,0
2025-09-13,19:19,13000,현금,들기름 고등어 한상,1,0
2025-09-13,19:52,9000,카드,동치미 국수,1,0
2025-09-13,19:54,6000,카드,계란말이 추가,1,0
2025-09-13,19:55,52000,카드,보리굴비 정식,2,0
2025-09-13,19:57,34000,카드,소복 정식,2,0
2025-09-13,20:19,6000,카드,계란말이 추가,1,0
2025-09-13,20:21,15000,카드,제철 반상,1,0
2025-09-13,20:24,17000,간편결제,소복 정식,1,0
2025-09-13,20:30,15000,카드,제철 반상,1,0
2025-09-13,20:38,15000,카드,제철 반상,1,0
2025-09-14,11:09,9000,간편결제,동치미 국수,1,0
2025-09-14,11:24,9000,카드,동치미 국수,1,0
2025-09-14,11:42,6000,카드,계란말이 추가,1,0
2025-09-14,12:02,18000,카드,동치미 국수,2,0
2025-09-14,12:15,17000,카드,소복 정식,1,0
2025-09-14,12:32,26000,간편결제,보리굴비 정식,1,0
2025-09-14,12:53,6000,카드,계란말이 추가,1,6000
2025-09-14,13:16,52000,현금,보리굴비 정식,2,0
2025-09-14,13:29,26000,카드,보리굴비 정식,1,0
2025-09-14,13:31,13000,카드,들기름 고등어 한상,1,0
2025-09-14,13:39,15000,카드,제철 반상,1,0
2025-09-14,13:39,9000,카드,동치미 국수,1,0
2025-09-14,13:48,13000,카드,들기름 고등어 한상,1,0
2025-09-14,13:57,34000,카드,소복 정식,2,0
2025-09-14,13:57,45000,카드,제철 반상,3,0
2025-09-14,13:58,6000,카드,계란말이 추가,1,0
2025-09-14,17:23,15000,카드,제철 반상,1,0
2025-09-14,17:27,15000,간편결제,제철 반상,1,0
2025-09-14,17:40,30000,카드,제철 반상,2,0
2025-09-14,17:54,17000,카드,소복 정식,1,0
2025-09-14,18:16,26000,카드,보리굴비 정식,1,0
2025-09-14,18:21,9000,간편결제,동치미 국수,1,0
2025-09-14,18:32,9000,카드,동치미 국수,1,0
2025-09-14,18:38,15000,카드,제철 반상,1,0
2025-09-14,18:46,26000,간편결제,들기름 고등어 한상,2,0
2025-09-14,20:12,6000,카드,계란말이 추가,1,0
2025-09-15,11:14,13000,카드,들기름 고등어 한상,1,0
2025-09-15,11:19,9000,카드,동치미 국수,1,0
2025-09-15,11:32,6000,카드,계란말이 추가,1,0
2025-09-15,11:37,13000,카드,들기름 고등어 한상,1,0
2025-09-15,11:52,9000,카드,동치미 국수,1,0
2025-09-15,12:35,6000,간편결제,계란말이 추가,1,0
2025-09-15,12:50,34000,간편결제,소복 정식,2,0
2025-09-15,13:11,26000,간편결제,들기름 고등어 한상,2,0
2025-09-15,13:24,17000,카드,소복 정식,1,0
2025-09-15,17:18,12000,카드,계란말이 추가,2,0
2025-09-15,17:32,30000,카드,제철 반상,2,0
2025-09-15,17:57,21000,카드,묵은지 김치찜,1,0
2025-09-15,18:00,34000,현금,소복 정식,2,0
2025-09-15,18:20,26000,카드,보리굴비 정식,1,0
2025-09-15,18:28,21000,카드,묵은지 김치찜,1,0
2025-09-15,18:34,9000,간편결제,동치미 국수,1,0
2025-09-15,19:09,26000,간편결제,보리굴비 정식,1,0
2025-09-15,19:14,15000,카드,제철 반상,1,0
2025-09-15,19:42,21000,현금,묵은지 김치찜,1,0
2025-09-15,19:43,26000,카드,보리굴비 정식,1,0
2025-09-15,20:28,63000,카드,묵은지 김치찜,3,63000
2025-09-15,20:34,9000,카드,동치미 국수,1,0
2025-09-16,11:00,30000,카드,제철 반상,2,0
2025-09-16,11:11,26000,카드,들기름 고등어 한상,2,0
2025-09-16,11:16,34000,카드,소복 정식,2,0
2025-09-16,12:08,18000,간편결제,동치미 국수,2,0
2025-09-16,12:20,13000,간편결제,들기름 고등어 한상,1,0
2025-09-16,12:45,6000,카드,계란말이 추가,1,0
2025-09-16,12:57,15000,카드,제철 반상,1,0
2025-09-16,13:08,18000,카드,동치미 국수,2,0
2025-09-16,13:09,63000,카드,묵은지 김치찜,3,0
2025-09-16,13:28,6000,현금,계란말이 추가,1,0
2025-09-16,13:41,34000,카드,소복 정식,2,0
2025-09-16,13:45,17000,카드,소복 정식,1,0
2025-09-16,13:56,18000,카드,동치미 국수,2,0
2025-09-16,17:15,26000,카드,보리굴비 정식,1,0
2025-09-16,17:32,27000,카드,동치미 국수,3,0
2025-09-16,17:36,26000,카드,들기름 고등어 한상,2,0
2025-09-16,18:11,13000,카드,들기름 고등어 한상,1,0
2025-09-16,18:16,26000,간편결제,들기름 고등어 한상,2,0
2025-09-16,18:28,45000,카드,제철 반상,3,0
2025-09-16,18:32,9000,카드,동치미 국수,1,0
2025-09-16,18:42,6000,현금,계란말이 추가,1,0
2025-09-16,19:08,52000,카드,보리굴비 정식,2,0
2025-09-16,19:55,17000,카드,소복 정식,1,0
2025-09-16,20:03,13000,간편결제,들기름 고등어 한상,1,0
2025-09-16,20:12,17000,카드,소복 정식,1,0
2025-09-16,20:17,42000,카드,묵은지 김치찜,2,0
2025-09-16,20:27,21000,현금,묵은지 김치찜,1,0
2025-09-16,20:36,13000,현금,들기름 고등어 한상,1,0
2025-09-16,20:41,52000,카드,보리굴비 정식,2,0
2025-09-16,20:49,17000,간편결제,소복 정식,1,0
2025-09-17,11:03,15000,카드,제철 반상,1,0
2025-09-17,11:11,26000,간편결제,보리굴비 정식,1,0
2025-09-17,11:25,26000,카드,보리굴비 정식,1,0
2025-09-17,12:46,6000,카드,계란말이 추가,1,0
2025-09-17,13:10,9000,카드,동치미 국수,1,0
2025-09-17,13:56,13000,간편결제,들기름 고등어 한상,1,0
2025-09-17,13:57,21000,카드,묵은지 김치찜,1,0
2025-09-17,17:00,13000,카드,들기름 고등어 한상,1,0
2025-09-17,17:36,15000,카드,제철 반상,1,0
2025-09-17,17:49,9000,간편결제,동치미 국수,1,0
2025-09-17,17:49,9000,카드,동치미 국수,1,0
2025-09-17,17:50,21000,카드,묵은지 김치찜,1,0
2025-09-17,17:54,21000,간편결제,묵은지 김치찜,1,21000
2025-09-17,17:55,15000,현금,제철 반상,1,0
2025-09-17,18:01,17000,카드,소복 정식,1,0
2025-09-17,18:54,17000,카드,소복 정식,1,0
2025-09-17,19:04,6000,카드,계란말이 추가,1,0
2025-09-17,19:07,9000,카드,동치미 국수,1,0
2025-09-17,19:07,15000,현금,제철 반상,1,0
2025-09-17,19:14,13000,카드,들기름 고등어 한상,1,0
2025-09-17,19:44,21000,현금,묵은지 김치찜,1,0
2025-09-17,20:14,17000,카드,소복 정식,1,0
2025-09-17,20:46,9000,카드,동치미 국수,1,9000
2025-09-17,20:46,9000,간편결제,동치미 국수,1,0
2025-09-18,11:22,15000,간편결제,제철 반상,1,0
2025-09-18,12:07,6000,카드,계란말이 추가,1,0
2025-09-18,12:46,51000,카드,소복 정식,3,0
2025-09-18,13:00,15000,카드,제철 반상,1,0
2025-09-18,13:00,13000,카드,들기름 고등어 한상,1,0
2025-09-18,13:07,9000,카드,동치미 국수,1,0
2025-09-18,13:14,26000,간편결제,보리굴비 정식,1,0
2025-09-18,13:29,13000,현금,들기름 고등어 한상,1,0
2025-09-18,13:34,27000,카드,동치미 국수,3,0
2025-09-18,13:42,21000,카드,묵은지 김치찜,1,0
2025-09-18,13:51,9000,카드,동치미 국수,1,0
2025-09-18,17:04,26000,카드,보리굴비 정식,1,0
2025-09-18,17:07,18000,카드,동치미 국수,2,0
2025-09-18,17:08,34000,간편결제,소복 정식,2,0
2025-09-18,17:08,15000,간편결제,제철 반상,1,0
2025-09-18,17:09,9000,카드,동치미 국수,1,0
2025-09-18,17:26,6000,카드,계란말이 추가,1,0
2025-09-18,17:34,17000,간편결제,소복 정식,1,0
2025-09-18,18:01,18000,간편결제,동치미 국수,2,0
2025-09-18,18:07,26000,현금,보리굴비 정식,1,0
2025-09-18,18:21,15000,간편결제,제철 반상,1,0
2025-09-18,18:26,6000,현금,계란말이 추가,1,0
2025-09-18,19:26,30000,간편결제,제철 반상,2,0
2025-09-18,20:31,13000,카드,들기름 고등어 한상,1,0
2025-09-18,20:40,9000,간편결제,동치미 국수,1,0
2025-09-18,20:47,21000,카드,묵은지 김치찜,1,0
2025-09-19,11:07,17000,카드,소복 정식,1,0
2025-09-19,11:08,21000,카드,묵은지 김치찜,1,0
2025-09-19,11:09,26000,카드,보리굴비 정식,1,0
2025-09-19,11:15,6000,카드,계란말이 추가,1,0
2025-09-19,11:20,30000,현금,제철 반상,2,0
2025-09-19,11:44,26000,카드,들기름 고등어 한상,2,0
2025-09-19,12:14,9000,카드,동치미 국수,1,0
2025-09-19,12:21,21000,간편결제,묵은지 김치찜,1,0
2025-09-19,12:52,6000,카드,계란말이 추가,1,0
2025-09-19,12:56,30000,카드,제철 반상,2,0
2025-09-19,12:59,9000,카드,동치미 국수,1,0
2025-09-19,13:09,9000,카드,동치미 국수,1,9000
2025-09-19,13:43,13000,카드,들기름 고등어 한상,1,0
2025-09-19,13:45,17000,카드,소복 정식,1,0
2025-09-19,13:49,13000,카드,들기름 고등어 한상,1,0
2025-09-19,17:50,26000,카드,보리굴비 정식,1,0
2025-09-19,18:15,18000,카드,동치미 국수,2,0
2025-09-19,18:24,78000,간편결제,보리굴비 정식,3,0
2025-09-19,18:27,9000,간편결제,동치미 국수,1,0
2025-09-19,18:38,21000,카드,묵은지 김치찜,1,0
2025-09-19,19:03,42000,현금,묵은지 김치찜,2,0
2025-09-19,19:04,9000,카드,동치미 국수,1,0
2025-09-19,19:15,6000,간편결제,계란말이 추가,1,0
2025-09-19,19:22,17000,간편결제,소복 정식,1,0
2025-09-19,19:33,42000,카드,묵은지 김치찜,2,0
2025-09-19,19:39,26000,간편결제,보리굴비 정식,1,0
2025-09-19,20:11,13000,간편결제,들기름 고등어 한상,1,0
2025-09-19,20:12,15000,카드,제철 반상,1,0
2025-09-19,20:21,30000,카드,제철 반상,2,0
2025-09-19,20:23,9000,간편결제,동치미 국수,1,0
2025-09-19,20:41,78000,카드,보리굴비 정식,3,0
2025-09-19,20:44,34000,간편결제,소복 정식,2,0
2025-09-19,20:52,17000,카드,소복 정식,1,0
2025-09-20,11:15,17000,카드,소복 정식,1,0
2025-09-20,11:26,15000,카드,제철 반상,1,0
2025-09-20,11:29,6000,카드,계란말이 추가,1,0
2025-09-20,11:54,63000,카드,묵은지 김치찜,3,0
2025-09-20,11:55,52000,카드,보리굴비 정식,2,0
2025-09-20,12:05,17000,카드,소복 정식,1,0
2025-09-20,12:09,6000,현금,계란말이 추가,1,0
2025-09-20,12:10,15000,카드,제철 반상,1,0
2025-09-20,12:12,21000,카드,묵은지 김치찜,1,0
2025-09-20,12:17,26000,카드,보리굴비 정식,1,0
2025-09-20,12:20,17000,카드,소복 정식,1,0
2025-09-20,12:37,15000,카드,제철 반상,1,0
2025-09-20,12:38,26000,카드,보리굴비 정식,1,0
2025-09-20,13:04,6000,카드,계란말이 추가,1,0
2025-09-20,13:04,26000,카드,보리굴비 정식,1,0
2025-09-20,13:21,15000,현금,제철 반상,1,0
2025-09-20,17:14,34000,카드,소복 정식,2,0
2025-09-20,17:37,6000,간편결제,계란말이 추가,1,0
2025-09-20,17:53,17000,카드,소복 정식,1,0
2025-09-20,18:01,17000,카드,소복 정식,1,0
2025-09-20,18:15,26000,카드,보리굴비 정식,1,0
2025-09-20,18:47,6000,카드,계란말이 추가,1,0
2025-09-20,18:50,13000,간편결제,들기름 고등어 한상,1,0
2025-09-20,18:55,9000,카드,동치미 국수,1,0
2025-09-20,19:00,26000,카드,보리굴비 정식,1,0
2025-09-20,19:33,26000,카드,보리굴비 정식,1,0
2025-09-20,20:09,18000,카드,동치미 국수,2,0
2025-09-20,20:20,17000,카드,소복 정식,1,0
2025-09-20,20:28,6000,카드,계란말이 추가,1,0
2025-09-20,20:51,6000,카드,계란말이 추가,1,0
2025-09-20,20:58,6000,간편결제,계란말이 추가,1,0
2025-09-21,11:20,26000,카드,보리굴비 정식,1,0
2025-09-21,11:21,15000,카드,제철 반상,1,0
2025-09-21,11:29,26000,카드,보리굴비 정식,1,0
2025-09-21,11:49,52000,카드,보리굴비 정식,2,0
2025-09-21,11:59,21000,카드,묵은지 김치찜,1,0
2025-09-21,12:00,13000,카드,들기름 고등어 한상,1,0
2025-09-21,12:25,6000,카드,계란말이 추가,1,0
2025-09-21,12:42,9000,카드,동치미 국수,1,0
2025-09-21,12:49,34000,카드,소복 정식,2,0
2025-09-21,12:50,15000,카드,제철 반상,1,0
2025-09-21,12:51,26000,현금,보리굴비 정식,1,0
2025-09-21,13:06,17000,카드,소복 정식,1,0
2025-09-21,17:01,6000,현금,계란말이 추가,1,0
2025-09-21,17:09,17000,카드,소복 정식,1,0
2025-09-21,17:15,6000,카드,계란말이 추가,1,0
2025-09-21,17:18,17000,카드,소복 정식,1,0
2025-09-21,18:07,21000,현금,묵은지 김치찜,1,0
2025-09-21,18:19,26000,카드,보리굴비 정식,1,0
2025-09-21,19:09,15000,카드,제철 반상,1,0
2025-09-21,20:02,9000,간편결제,동치미 국수,1,0
2025-09-21,20:21,13000,카드,들기름 고등어 한상,1,0
2025-09-21,20:23,17000,현금,소복 정식,1,0
2025-09-21,20:36,6000,간편결제,계란말이 추가,1,0
2025-09-21,20:44,21000,카드,묵은지 김치찜,1,0
2025-09-23,11:07,52000,간편결제,보리굴비 정식,2,0
2025-09-23,11:26,15000,카드,제철 반상,1,0
2025-09-23,11:28,9000,카드,동치미 국수,1,0
2025-09-23,13:03,18000,카드,계란말이 추가,3,0
2025-09-23,13:15,26000,카드,들기름 고등어 한상,2,0
2025-09-23,13:16,26000,현금,보리굴비 정식,1,0
2025-09-23,17:02,15000,간편결제,제철 반상,1,0
2025-09-23,17:06,15000,카드,제철 반상,1,0
2025-09-23,17:25,39000,카드,들기름 고등어 한상,3,0
2025-09-23,17:27,42000,카드,묵은지 김치찜,2,0
2025-09-23,17:27,21000,현금,묵은지 김치찜,1,0
2025-09-23,17:57,9000,현금,동치미 국수,1,0
2025-09-23,18:03,42000,카드,묵은지 김치찜,2,0
2025-09-23,18:03,26000,카드,보리굴비 정식,1,0
2025-09-23,18:07,15000,카드,제철 반상,1,0
2025-09-23,18:08,21000,카드,묵은지 김치찜,1,0
2025-09-23,18:22,30000,간편결제,제철 반상,2,0
2025-09-23,18:30,21000,카드,묵은지 김치찜,1,0
2025-09-23,18:43,18000,카드,동치미 국수,2,0
2025-09-23,18:51,42000,간편결제,묵은지 김치찜,2,0
2025-09-23,19:04,6000,카드,계란말이 추가,1,0
2025-09-23,19:07,17000,카드,소복 정식,1,0
2025-09-23,19:10,17000,카드,소복 정식,1,0
2025-09-23,19:16,39000,간편결제,들기름 고등어 한상,3,0
2025-09-23,19:24,21000,카드,묵은지 김치찜,1,0
2025-09-23,19:46,6000,카드,계란말이 추가,1,0
2025-09-23,20:01,9000,카드,동치미 국수,1,0
2025-09-23,20:06,18000,카드,동치미 국수,2,0
2025-09-23,20:12,9000,카드,동치미 국수,1,0
2025-09-23,20:50,9000,카드,동치미 국수,1,0
2025-09-24,11:07,13000,카드,들기름 고등어 한상,1,0
2025-09-24,11:24,26000,카드,보리굴비 정식,1,0
2025-09-24,11:26,17000,카드,소복 정식,1,0
2025-09-24,11:49,52000,간편결제,보리굴비 정식,2,0
2025-09-24,12:01,6000,카드,계란말이 추가,1,0
2025-09-24,12:07,26000,간편결제,보리굴비 정식,1,0
2025-09-24,12:08,26000,카드,보리굴비 정식,1,0
2025-09-24,12:36,15000,현금,제철 반상,1,0
2025-09-24,13:11,26000,카드,보리굴비 정식,1,0
2025-09-24,13:12,21000,카드,묵은지 김치찜,1,0
2025-09-24,17:13,45000,카드,제철 반상,3,0
2025-09-24,17:23,30000,현금,제철 반상,2,0
2025-09-24,17:26,21000,카드,묵은지 김치찜,1,0
2025-09-24,17:40,15000,카드,제철 반상,1,0
2025-09-24,17:45,9000,현금,동치미 국수,1,0
2025-09-24,17:51,13000,카드,들기름 고등어 한상,1,0
2025-09-24,18:16,34000,현금,소복 정식,2,0
2025-09-24,18:45,26000,카드,보리굴비 정식,1,0
2025-09-24,19:20,34000,카드,소복 정식,2,0
2025-09-24,19:35,51000,카드,소복 정식,3,0
2025-09-24,19:53,21000,카드,묵은지 김치찜,1,0
2025-09-24,20:19,26000,카드,보리굴비 정식,1,0
2025-09-24,20:34,26000,카드,보리굴비 정식,1,0
2025-09-24,20:39,15000,카드,제철 반상,1,15000
2025-09-25,11:07,18000,카드,계란말이 추가,3,0
2025-09-25,11:35,26000,카드,들기름 고등어 한상,2,0
2025-09-25,11:44,26000,카드,보리굴비 정식,1,0
2025-09-25,12:25,13000,카드,들기름 고등어 한상,1,0
2025-09-25,12:32,17000,카드,소복 정식,1,0
2025-09-25,12:34,12000,간편결제,계란말이 추가,2,0
2025-09-25,13:01,42000,카드,묵은지 김치찜,2,0
2025-09-25,13:09,26000,현금,보리굴비 정식,1,0
2025-09-25,13:12,26000,카드,들기름 고등어 한상,2,0
2025-09-25,13:22,13000,카드,들기름 고등어 한상,1,0
2025-09-25,13:23,26000,카드,보리굴비 정식,1,0
2025-09-25,13:32,15000,카드,제철 반상,1,0
2025-09-25,13:37,26000,현금,보리굴비 정식,1,0
2025-09-25,13:46,17000,간편결제,소복 정식,1,0
2025-09-25,17:05,26000,카드,보리굴비 정식,1,0
2025-09-25,17:18,6000,간편결제,계란말이 추가,1,0
2025-09-25,17:49,6000,카드,계란말이 추가,1,0
2025-09-25,17:57,26000,카드,보리굴비 정식,1,0
2025-09-25,18:17,34000,간편결제,소복 정식,2,0
2025-09-25,18:24,21000,현금,묵은지 김치찜,1,0
2025-09-25,18:59,21000,카드,묵은지 김치찜,1,0
2025-09-25,19:02,21000,카드,묵은지 김치찜,1,0
2025-09-25,19:04,17000,카드,소복 정식,1,0
2025-09-25,19:26,15000,카드,제철 반상,1,0
2025-09-25,20:02,30000,카드,제철 반상,2,0
2025-09-25,20:30,34000,카드,소복 정식,2,0
2025-09-25,20:33,26000,카드,보리굴비 정식,1,0
2025-09-25,20:43,21000,카드,묵은지 김치찜,1,0
2025-09-25,20:51,6000,카드,계란말이 추가,1,0
2025-09-26,11:04,13000,카드,들기름 고등어 한상,1,0
2025-09-26,11:11,18000,카드,계란말이 추가,3,0
2025-09-26,11:13,17000,간편결제,소복 정식,1,0
2025-09-26,11:13,42000,카드,묵은지 김치찜,2,0
2025-09-26,11:19,9000,카드,동치미 국수,1,9000
2025-09-26,11:45,13000,카드,들기름 고등어 한상,1,0
2025-09-26,11:45,13000,간편결제,들기름 고등어 한상,1,0
2025-09-26,11:53,12000,카드,계란말이 추가,2,0
2025-09-26,12:03,13000,카드,들기름 고등어 한상,1,0
2025-09-26,12:17,6000,간편결제,계란말이 추가,1,0
2025-09-26,12:18,52000,간편결제,보리굴비 정식,2,0
2025-09-26,12:18,21000,카드,묵은지 김치찜,1,0
2025-09-26,12:45,6000,카드,계란말이 추가,1,0
2025-09-26,12:54,42000,현금,묵은지 김치찜,2,0
2025-09-26,12:58,78000,카드,보리굴비 정식,3,0
2025-09-26,13:16,6000,현금,계란말이 추가,1,0
2025-09-26,13:46,9000,카드,동치미 국수,1,0
2025-09-26,13:51,9000,카드,동치미 국수,1,0
2025-09-26,13:55,52000,카드,보리굴비 정식,2,0
2025-09-26,17:05,15000,카드,제철 반상,1,0
2025-09-26,17:28,15000,간편결제,제철 반상,1,0
2025-09-26,17:45,26000,카드,들기름 고등어 한상,2,0
2025-09-26,17:53,17000,카드,소복 정식,1,0
2025-09-26,18:00,26000,간편결제,보리굴비 정식,1,0
2025-09-26,18:02,18000,간편결제,동치미 국수,2,0
2025-09-26,18:02,17000,카드,소복 정식,1,0
2025-09-26,18:26,17000,간편결제,소복 정식,1,0
2025-09-26,18:46,26000,카드,보리굴비 정식,1,0
2025-09-26,18:47,26000,카드,보리굴비 정식,1,0
2025-09-26,18:57,13000,카드,들기름 고등어 한상,1,0
2025-09-26,19:00,34000,카드,소복 정식,2,0
2025-09-26,19:24,12000,현금,계란말이 추가,2,0
2025-09-26,19:28,13000,간편결제,들기름 고등어 한상,1,0
2025-09-26,19:34,9000,간편결제,동치미 국수,1,0
2025-09-26,19:35,17000,카드,소복 정식,1,0
2025-09-26,19:42,17000,간편결제,소복 정식,1,0
2025-09-26,20:04,51000,카드,소복 정식,3,0
2025-09-26,20:19,9000,카드,동치미 국수,1,0
2025-09-26,20:19,17000,카드,소복 정식,1,0
2025-09-26,20:20,21000,간편결제,묵은지 김치찜,1,0
2025-09-26,20:54,6000,카드,계란말이 추가,1,0
2025-09-27,11:14,34000,카드,소복 정식,2,0
2025-09-27,11:17,30000,간편결제,제철 반상,2,0
2025-09-27,11:24,9000,카드,동치미 국수,1,0
2025-09-27,11:26,6000,간편결제,계란말이 추가,1,0
2025-09-27,11:26,9000,카드,동치미 국수,1,0
2025-09-27,11:46,21000,카드,묵은지 김치찜,1,0
2025-09-27,11:53,9000,간편결제,동치미 국수,1,0
2025-09-27,12:09,15000,카드,제철 반상,1,0
2025-09-27,12:29,26000,간편결제,보리굴비 정식,1,0
2025-09-27,12:58,15000,카드,제철 반상,1,0
2025-09-27,13:03,13000,카드,들기름 고등어 한상,1,0
2025-09-27,13:20,34000,카드,소복 정식,2,0
2025-09-27,13:31,30000,카드,제철 반상,2,0
2025-09-27,13:50,9000,카드,동치미 국수,1,0
2025-09-27,13:52,6000,간편결제,계란말이 추가,1,0
2025-09-27,17:10,9000,간편결제,동치미 국수,1,0
2025-09-27,17:14,6000,카드,계란말이 추가,1,0
2025-09-27,17:18,6000,카드,계란말이 추가,1,0
2025-09-27,17:19,18000,카드,동치미 국수,2,0
2025-09-27,17:30,12000,카드,계란말이 추가,2,0
2025-09-27,17:32,17000,현금,소복 정식,1,0
2025-09-27,17:39,9000,카드,동치미 국수,1,0
2025-09-27,17:41,21000,카드,묵은지 김치찜,1,0
2025-09-27,17:41,26000,카드,보리굴비 정식,1,0
2025-09-27,18:09,13000,카드,들기름 고등어 한상,1,0
2025-09-27,18:18,26000,카드,들기름 고등어 한상,2,0
2025-09-27,18:29,17000,현금,소복 정식,1,0
2025-09-27,18:45,6000,현금,계란말이 추가,1,0
2025-09-27,18:55,63000,카드,묵은지 김치찜,3,0
2025-09-27,19:19,42000,카드,묵은지 김치찜,2,0
2025-09-27,19:38,34000,카드,소복 정식,2,0
2025-09-27,20:06,63000,카드,묵은지 김치찜,3,0
2025-09-27,20:10,13000,카드,들기름 고등어 한상,1,0
2025-09-27,20:11,52000,카드,보리굴비 정식,2,0
2025-09-27,20:14,9000,간편결제,동치미 국수,1,0
2025-09-27,20:30,9000,카드,동치미 국수,1,0
2025-09-27,20:34,13000,카드,들기름 고등어 한상,1,0
2025-09-27,20:36,13000,카드,들기름 고등어 한상,1,0
2025-09-27,20:40,26000,카드,보리굴비 정식,1,0
2025-09-27,20:52,26000,간편결제,보리굴비 정식,1,0
2025-09-28,11:07,13000,카드,들기름 고등어 한상,1,0
2025-09-28,11:34,9000,현금,동치미 국수,1,0
2025-09-28,11:35,26000,카드,보리굴비 정식,1,0
2025-09-28,11:55,6000,카드,계란말이 추가,1,0
2025-09-28,12:28,63000,카드,묵은지 김치찜,3,0
2025-09-28,12:29,17000,카드,소복 정식,1,0
2025-09-28,12:29,34000,현금,소복 정식,2,0
2025-09-28,12:32,9000,카드,동치미 국수,1,0
2025-09-28,13:00,13000,간편결제,들기름 고등어 한상,1,0
2025-09-28,13:09,6000,카드,계란말이 추가,1,0
2025-09-28,13:46,15000,카드,제철 반상,1,0
2025-09-28,13:48,21000,카드,묵은지 김치찜,1,0
2025-09-28,17:08,17000,카드,소복 정식,1,0
2025-09-28,17:26,30000,간편결제,제철 반상,2,0
2025-09-28,17:58,9000,카드,동치미 국수,1,0
2025-09-28,19:19,17000,카드,소복 정식,1,0
2025-09-28,19:35,30000,카드,제철 반상,2,0
2025-09-28,20:06,39000,카드,들기름 고등어 한상,3,0
2025-09-28,20:30,13000,간편결제,들기름 고등어 한상,1,0
2025-09-28,20:43,18000,카드,동치미 국수,2,0
2025-09-28,20:43,26000,카드,들기름 고등어 한상,2,0
2025-09-28,20:50,21000,카드,묵은지 김치찜,1,0
2025-09-29,11:09,9000,카드,동치미 국수,1,0
2025-09-29,11:14,6000,카드,계란말이 추가,1,0
2025-09-29,11:35,26000,카드,들기름 고등어 한상,2,0
2025-09-29,11:44,6000,카드,계란말이 추가,1,0
2025-09-29,11:51,17000,카드,소복 정식,1,0
2025-09-29,11:55,9000,카드,동치미 국수,1,0
2025-09-29,12:01,21000,카드,묵은지 김치찜,1,0
2025-09-29,12:06,15000,간편결제,제철 반상,1,0
2025-09-29,12:07,6000,카드,계란말이 추가,1,0
2025-09-29,12:13,12000,카드,계란말이 추가,2,0
2025-09-29,12:16,9000,카드,동치미 국수,1,0
2025-09-29,13:01,42000,간편결제,묵은지 김치찜,2,0
2025-09-29,13:20,17000,카드,소복 정식,1,0
2025-09-29,13:31,26000,카드,보리굴비 정식,1,0
2025-09-29,18:02,13000,카드,들기름 고등어 한상,1,0
2025-09-29,18:18,34000,카드,소복 정식,2,0
2025-09-29,18:19,17000,카드,소복 정식,1,0
2025-09-29,19:12,15000,카드,제철 반상,1,0
2025-09-29,19:30,21000,현금,묵은지 김치찜,1,0
2025-09-29,19:56,12000,카드,계란말이 추가,2,0
2025-09-29,20:40,21000,카드,묵은지 김치찜,1,0
2025-09-29,20:46,30000,간편결제,제철 반상,2,0
2025-09-30,11:01,21000,간편결제,묵은지 김치찜,1,0
2025-09-30,11:26,9000,카드,동치미 국수,1,0
2025-09-30,11:27,13000,카드,들기름 고등어 한상,1,0
2025-09-30,12:00,17000,카드,소복 정식,1,0
2025-09-30,12:23,21000,현금,묵은지 김치찜,1,0
2025-09-30,13:44,30000,카드,제철 반상,2,0
2025-09-30,13:56,13000,간편결제,들기름 고등어 한상,1,0
2025-09-30,17:06,21000,현금,묵은지 김치찜,1,0
2025-09-30,17:08,18000,카드,동치미 국수,2,0
2025-09-30,17:15,21000,카드,묵은지 김치찜,1,0
2025-09-30,17:17,51000,간편결제,소복 정식,3,0
2025-09-30,17:21,26000,카드,보리굴비 정식,1,0
2025-09-30,17:43,17000,카드,소복 정식,1,0
2025-09-30,18:21,9000,카드,동치미 국수,1,0
2025-09-30,18:39,21000,카드,묵은지 김치찜,1,0
2025-09-30,19:15,52000,카드,보리굴비 정식,2,0
2025-09-30,19:19,13000,카드,들기름 고등어 한상,1,0
2025-09-30,19:24,6000,현금,계란말이 추가,1,0
2025-09-30,19:42,15000,카드,제철 반상,1,0
2025-09-30,19:53,9000,카드,동치미 국수,1,0
2025-09-30,19:54,26000,카드,보리굴비 정식,1,0
2025-09-30,19:58,12000,카드,계란말이 추가,2,0
2025-09-30,20:22,15000,카드,제철 반상,1,0
2025-10-01,11:00,9000,카드,동치미 국수,1,0
2025-10-01,11:33,9000,카드,동치미 국수,1,0
2025-10-01,11:38,15000,카드,제철 반상,1,0
2025-10-01,11:45,12000,카드,계란말이 추가,2,0
2025-10-01,12:01,12000,카드,계란말이 추가,2,0
2025-10-01,12:10,17000,카드,소복 정식,1,0
2025-10-01,12:13,52000,카드,보리굴비 정식,2,0
2025-10-01,12:24,17000,카드,소복 정식,1,0
2025-10-01,12:30,12000,카드,계란말이 추가,2,0
2025-10-01,12:47,13000,카드,들기름 고등어 한상,1,0
2025-10-01,13:08,9000,간편결제,동치미 국수,1,0
2025-10-01,13:15,12000,카드,계란말이 추가,2,0
2025-10-01,13:31,17000,카드,소복 정식,1,0
2025-10-01,13:46,13000,카드,들기름 고등어 한상,1,0
2025-10-01,17:26,34000,카드,소복 정식,2,0
2025-10-01,17:54,15000,카드,제철 반상,1,0
2025-10-01,18:04,26000,간편결제,보리굴비 정식,1,0
2025-10-01,18:22,15000,카드,제철 반상,1,0
2025-10-01,18:50,13000,카드,들기름 고등어 한상,1,0
2025-10-01,19:10,30000,카드,제철 반상,2,0
2025-10-01,19:18,27000,카드,동치미 국수,3,0
2025-10-01,19:54,63000,카드,묵은지 김치찜,3,0
2025-10-01,20:09,34000,카드,소복 정식,2,0
2025-10-01,20:23,6000,카드,계란말이 추가,1,0
2025-10-01,20:25,9000,카드,동치미 국수,1,0
2025-10-01,20:27,9000,카드,동치미 국수,1,0
2025-10-01,20:46,9000,카드,동치미 국수,1,0
2025-10-02,11:24,15000,카드,제철 반상,1,0
2025-10-02,12:22,17000,현금,소복 정식,1,0
2025-10-02,12:32,13000,현금,들기름 고등어 한상,1,0
2025-10-02,12:36,9000,간편결제,동치미 국수,1,0
2025-10-02,12:58,52000,카드,보리굴비 정식,2,0
2025-10-02,13:23,26000,카드,들기름 고등어 한상,2,0
2025-10-02,13:30,39000,카드,들기름 고등어 한상,3,0
2025-10-02,13:36,21000,현금,묵은지 김치찜,1,0
2025-10-02,13:46,12000,현금,계란말이 추가,2,0
2025-10-02,13:57,13000,카드,들기름 고등어 한상,1,0
2025-10-02,17:11,13000,카드,들기름 고등어 한상,1,0
2025-10-02,17:17,18000,카드,동치미 국수,2,0
2025-10-02,17:23,9000,카드,동치미 국수,1,0
2025-10-02,17:26,15000,카드,제철 반상,1,0
2025-10-02,17:28,21000,카드,묵은지 김치찜,1,21000
2025-10-02,17:41,6000,카드,계란말이 추가,1,0
2025-10-02,17:52,26000,카드,보리굴비 정식,1,0
2025-10-02,17:53,26000,카드,보리굴비 정식,1,0
2025-10-02,18:03,17000,현금,소복 정식,1,0
2025-10-02,18:09,21000,카드,묵은지 김치찜,1,0
2025-10-02,18:32,12000,간편결제,계란말이 추가,2,0
2025-10-02,18:51,13000,카드,들기름 고등어 한상,1,0
2025-10-02,19:40,21000,카드,묵은지 김치찜,1,0
2025-10-02,19:50,17000,카드,소복 정식,1,0
2025-10-02,19:51,13000,카드,들기름 고등어 한상,1,0
2025-10-02,20:04,12000,카드,계란말이 추가,2,0
2025-10-02,20:05,6000,간편결제,계란말이 추가,1,0
2025-10-02,20:11,6000,카드,계란말이 추가,1,0
2025-10-02,20:18,34000,간편결제,소복 정식,2,0
2025-10-02,20:25,21000,카드,묵은지 김치찜,1,0
2025-10-02,20:45,42000,간편결제,묵은지 김치찜,2,0
2025-10-02,20:53,17000,간편결제,소복 정식,1,0
2025-10-03,11:01,26000,카드,보리굴비 정식,1,0
2025-10-03,11:25,12000,카드,계란말이 추가,2,0
2025-10-03,12:03,9000,카드,동치미 국수,1,0
2025-10-03,12:12,42000,카드,묵은지 김치찜,2,0
2025-10-03,12:15,34000,현금,소복 정식,2,0
2025-10-03,12:23,15000,간편결제,제철 반상,1,0
2025-10-03,12:26,12000,카드,계란말이 추가,2,0
2025-10-03,12:28,9000,카드,동치미 국수,1,0
2025-10-03,12:36,17000,간편결제,소복 정식,1,0
2025-10-03,12:51,6000,카드,계란말이 추가,1,0
2025-10-03,12:58,52000,카드,보리굴비 정식,2,0
2025-10-03,13:01,12000,간편결제,계란말이 추가,2,0
2025-10-03,13:11,17000,카드,소복 정식,1,0
2025-10-03,13:22,13000,간편결제,들기름 고등어 한상,1,0
2025-10-03,13:54,26000,카드,보리굴비 정식,1,0
2025-10-03,13:58,26000,카드,보리굴비 정식,1,0
2025-10-03,17:09,63000,현금,묵은지 김치찜,3,0
2025-10-03,17:19,13000,현금,들기름 고등어 한상,1,0
2025-10-03,17:25,12000,간편결제,계란말이 추가,2,0
2025-10-03,17:52,9000,카드,동치미 국수,1,0
2025-10-03,18:08,52000,카드,보리굴비 정식,2,0
2025-10-03,18:11,15000,카드,제철 반상,1,0
2025-10-03,18:24,30000,카드,제철 반상,2,0
2025-10-03,18:35,6000,카드,계란말이 추가,1,0
2025-10-03,18:35,6000,카드,계란말이 추가,1,0
2025-10-03,18:55,17000,간편결제,소복 정식,1,0
2025-10-03,19:03,42000,간편결제,묵은지 김치찜,2,0
2025-10-03,19:05,21000,카드,묵은지 김치찜,1,0
2025-10-03,19:09,18000,현금,동치미 국수,2,0
2025-10-03,19:26,6000,카드,계란말이 추가,1,0
2025-10-03,19:40,13000,카드,들기름 고등어 한상,1,0
2025-10-03,20:02,30000,카드,제철 반상,2,0
2025-10-03,20:05,26000,카드,보리굴비 정식,1,0
2025-10-03,20:06,39000,카드,들기름 고등어 한상,3,0
2025-10-03,20:52,21000,카드,묵은지 김치찜,1,0
2025-10-03,20:58,52000,카드,보리굴비 정식,2,0
2025-10-04,11:08,26000,카드,보리굴비 정식,1,0
2025-10-04,11:11,30000,간편결제,제철 반상,2,0
2025-10-04,11:19,17000,현금,소복 정식,1,0
2025-10-04,11:21,13000,카드,들기름 고등어 한상,1,0
2025-10-04,11:50,26000,간편결제,들기름 고등어 한상,2,0
2025-10-04,12:47,13000,현금,들기름 고등어 한상,1,0
2025-10-04,12:55,15000,카드,제철 반상,1,0
2025-10-04,13:00,18000,카드,동치미 국수,2,0
2025-10-04,13:13,21000,카드,묵은지 김치찜,1,0
2025-10-04,13:25,15000,간편결제,제철 반상,1,0
2025-10-04,13:35,17000,카드,소복 정식,1,0
2025-10-04,13:46,15000,간편결제,제철 반상,1,0
2025-10-04,13:51,6000,카드,계란말이 추가,1,0
2025-10-04,17:16,17000,간편결제,소복 정식,1,0
2025-10-04,17:26,15000,카드,제철 반상,1,0
2025-10-04,17:37,13000,카드,들기름 고등어 한상,1,0
2025-10-04,17:39,26000,카드,보리굴비 정식,1,0
2025-10-04,17:53,26000,카드,보리굴비 정식,1,0
2025-10-04,18:18,13000,카드,들기름 고등어 한상,1,0
2025-10-04,18:20,26000,카드,보리굴비 정식,1,0
2025-10-04,18:29,9000,현금,동치미 국수,1,0
2025-10-04,18:55,21000,카드,묵은지 김치찜,1,0
2025-10-04,18:57,17000,카드,소복 정식,1,0
2025-10-04,19:17,6000,간편결제,계란말이 추가,1,0
2025-10-04,19:18,13000,카드,들기름 고등어 한상,1,0
2025-10-04,19:27,15000,카드,제철 반상,1,0
2025-10-04,19:36,26000,카드,보리굴비 정식,1,0
2025-10-04,19:41,17000,간편결제,소복 정식,1,0
2025-10-04,20:06,13000,간편결제,들기름 고등어 한상,1,0
2025-10-04,20:13,17000,카드,소복 정식,1,0
2025-10-04,20:17,15000,카드,제철 반상,1,0
2025-10-04,20:27,17000,카드,소복 정식,1,0
2025-10-04,20:27,12000,카드,계란말이 추가,2,0
2025-10-04,20:28,42000,카드,묵은지 김치찜,2,0
2025-10-04,20:36,9000,카드,동치미 국수,1,0
2025-10-04,20:52,17000,카드,소복 정식,1,0
2025-10-05,11:50,9000,카드,동치미 국수,1,0
2025-10-05,11:57,6000,카드,계란말이 추가,1,0
2025-10-05,12:13,15000,현금,제철 반상,1,0
2025-10-05,13:07,21000,간편결제,묵은지 김치찜,1,0
2025-10-05,13:09,15000,카드,제철 반상,1,0
2025-10-05,13:43,15000,카드,제철 반상,1,0
2025-10-05,13:43,21000,간편결제,묵은지 김치찜,1,0
2025-10-05,13:44,78000,카드,보리굴비 정식,3,0
2025-10-05,13:48,17000,카드,소복 정식,1,0
2025-10-05,17:16,17000,간편결제,소복 정식,1,0
2025-10-05,17:23,15000,간편결제,제철 반상,1,0
2025-10-05,17:36,42000,카드,묵은지 김치찜,2,0
2025-10-05,18:14,9000,카드,동치미 국수,1,0
2025-10-05,18:27,30000,간편결제,제철 반상,2,0
2025-10-05,18:31,13000,간편결제,들기름 고등어 한상,1,0
2025-10-05,18:31,15000,카드,제철 반상,1,0
2025-10-05,18:47,15000,현금,제철 반상,1,0
2025-10-05,18:55,13000,간편결제,들기름 고등어 한상,1,0
2025-10-05,18:59,17000,카드,소복 정식,1,0
2025-10-05,19:08,6000,간편결제,계란말이 추가,1,0
2025-10-05,19:08,9000,카드,동치미 국수,1,0
2025-10-05,19:29,13000,간편결제,들기름 고등어 한상,1,0
2025-10-05,19:44,12000,간편결제,계란말이 추가,2,0
2025-10-05,19:53,26000,카드,보리굴비 정식,1,0
2025-10-05,20:13,26000,카드,보리굴비 정식,1,0
2025-10-05,20:27,17000,간편결제,소복 정식,1,0
2025-10-05,20:28,12000,카드,계란말이 추가,2,0
2025-10-06,11:20,15000,카드,제철 반상,1,0
2025-10-06,11:23,42000,카드,묵은지 김치찜,2,0
2025-10-06,11:23,17000,카드,소복 정식,1,0
2025-10-06,11:34,63000,카드,묵은지 김치찜,3,0
2025-10-06,11:48,26000,간편결제,보리굴비 정식,1,0
2025-10-06,11:49,17000,카드,소복 정식,1,0
2025-10-06,12:06,6000,간편결제,계란말이 추가,1,0
2025-10-06,12:08,26000,카드,보리굴비 정식,1,0
2025-10-06,12:13,9000,카드,동치미 국수,1,0
2025-10-06,12:44,12000,카드,계란말이 추가,2,0
2025-10-06,13:02,21000,간편결제,묵은지 김치찜,1,0
2025-10-06,13:14,15000,카드,제철 반상,1,0
2025-10-06,13:15,15000,카드,제철 반상,1,0
2025-10-06,17:08,34000,카드,소복 정식,2,0
2025-10-06,17:24,21000,현금,묵은지 김치찜,1,0
2025-10-06,17:40,15000,카드,제철 반상,1,0
2025-10-06,17:53,15000,카드,제철 반상,1,0
2025-10-06,18:05,15000,카드,제철 반상,1,0
2025-10-06,18:13,52000,카드,보리굴비 정식,2,0
2025-10-06,18:19,6000,카드,계란말이 추가,1,0
2025-10-06,18:40,13000,카드,들기름 고등어 한상,1,0
2025-10-06,18:51,21000,간편결제,묵은지 김치찜,1,0
2025-10-06,18:53,26000,현금,보리굴비 정식,1,0
2025-10-06,18:55,13000,카드,들기름 고등어 한상,1,0
2025-10-06,19:53,21000,카드,묵은지 김치찜,1,0
2025-10-06,20:55,52000,카드,보리굴비 정식,2,0
2025-10-07,11:01,21000,카드,묵은지 김치찜,1,0
2025-10-07,11:13,9000,간편결제,동치미 국수,1,0
2025-10-07,11:15,63000,카드,묵은지 김치찜,3,0
2025-10-07,11:28,15000,카드,제철 반상,1,0
2025-10-07,11:49,52000,카드,보리굴비 정식,2,0
2025-10-07,11:54,13000,간편결제,들기름 고등어 한상,1,0
2025-10-07,12:12,9000,카드,동치미 국수,1,0
2025-10-07,12:20,15000,카드,제철 반상,1,0
2025-10-07,12:23,13000,카드,들기름 고등어 한상,1,0
2025-10-07,12:54,18000,현금,동치미 국수,2,0
2025-10-07,13:06,52000,카드,보리굴비 정식,2,0
2025-10-07,13:23,30000,카드,제철 반상,2,0
2025-10-07,17:20,13000,카드,들기름 고등어 한상,1,0
2025-10-07,17:27,15000,현금,제철 반상,1,0
2025-10-07,18:03,15000,카드,제철 반상,1,0
2025-10-07,18:57,15000,간편결제,제철 반상,1,15000
2025-10-07,19:35,21000,카드,묵은지 김치찜,1,0
2025-10-07,19:54,26000,카드,보리굴비 정식,1,0
2025-10-07,19:57,17000,카드,소복 정식,1,0
2025-10-07,19:57,17000,카드,소복 정식,1,0
2025-10-07,20:30,6000,카드,계란말이 추가,1,0
2025-10-07,20:49,21000,카드,묵은지 김치찜,1,21000
2025-10-07,20:57,21000,간편결제,묵은지 김치찜,1,0
2025-10-08,11:02,17000,카드,소복 정식,1,0
2025-10-08,11:54,34000,간편결제,소복 정식,2,0
2025-10-08,12:00,6000,현금,계란말이 추가,1,0
2025-10-08,12:34,9000,카드,동치미 국수,1,0
2025-10-08,12:53,26000,간편결제,들기름 고등어 한상,2,0
2025-10-08,13:15,26000,카드,보리굴비 정식,1,0
2025-10-08,13:35,9000,카드,동치미 국수,1,0
2025-10-08,13:49,34000,카드,소복 정식,2,0
2025-10-08,13:52,9000,카드,동치미 국수,1,0
2025-10-08,13:59,21000,카드,묵은지 김치찜,1,0
2025-10-08,17:20,15000,현금,제철 반상,1,0
2025-10-08,17:20,34000,카드,소복 정식,2,0
2025-10-08,17:20,9000,카드,동치미 국수,1,0
2025-10-08,17:47,30000,현금,제철 반상,2,0
2025-10-08,18:00,26000,현금,보리굴비 정식,1,0
2025-10-08,18:01,13000,간편결제,들기름 고등어 한상,1,0
2025-10-08,18:20,15000,간편결제,제철 반상,1,0
2025-10-08,18:24,42000,카드,묵은지 김치찜,2,0
2025-10-08,18:33,15000,카드,제철 반상,1,0
2025-10-08,18:51,52000,카드,보리굴비 정식,2,0
2025-10-08,19:00,9000,간편결제,동치미 국수,1,0
2025-10-08,19:07,63000,간편결제,묵은지 김치찜,3,0
2025-10-08,19:33,26000,카드,보리굴비 정식,1,0
2025-10-08,20:26,17000,카드,소복 정식,1,0
2025-10-08,20:42,13000,카드,들기름 고등어 한상,1,0
2025-10-08,20:46,18000,카드,동치미 국수,2,0
2025-10-08,20:49,45000,카드,제철 반상,3,0
2025-10-09,11:01,13000,간편결제,들기름 고등어 한상,1,0
2025-10-09,11:17,9000,카드,동치미 국수,1,0
2025-10-09,11:19,13000,카드,들기름 고등어 한상,1,0
2025-10-09,11:37,6000,현금,계란말이 추가,1,0
2025-10-09,11:37,17000,카드,소복 정식,1,0
2025-10-09,11:40,15000,카드,제철 반상,1,0
2025-10-09,11:52,21000,카드,묵은지 김치찜,1,0
2025-10-09,11:57,34000,카드,소복 정식,2,0
2025-10-09,12:09,17000,간편결제,소복 정식,1,0
2025-10-09,12:26,26000,카드,보리굴비 정식,1,0
2025-10-09,12:46,13000,카드,들기름 고등어 한상,1,0
2025-10-09,13:06,6000,현금,계란말이 추가,1,0
2025-10-09,13:14,18000,현금,계란말이 추가,3,0
2025-10-09,13:18,34000,카드,소복 정식,2,0
2025-10-09,13:30,12000,카드,계란말이 추가,2,0
2025-10-09,13:41,9000,간편결제,동치미 국수,1,0
2025-10-09,13:46,26000,카드,보리굴비 정식,1,0
2025-10-09,17:20,15000,카드,제철 반상,1,0
2025-10-09,17:20,15000,카드,제철 반상,1,0
2025-10-09,17:22,26000,카드,보리굴비 정식,1,0
2025-10-09,17:31,26000,카드,보리굴비 정식,1,0
2025-10-09,17:45,15000,간편결제,제철 반상,1,0
2025-10-09,17:50,13000,간편결제,들기름 고등어 한상,1,0
2025-10-09,17:56,6000,카드,계란말이 추가,1,0
2025-10-09,18:08,26000,카드,들기름 고등어 한상,2,0
2025-10-09,18:10,9000,간편결제,동치미 국수,1,0
2025-10-09,19:30,21000,카드,묵은지 김치찜,1,0
2025-10-09,19:34,21000,카드,묵은지 김치찜,1,0
2025-10-09,20:05,15000,현금,제철 반상,1,0
2025-10-09,20:17,26000,카드,보리굴비 정식,1,0
2025-10-09,20:46,6000,카드,계란말이 추가,1,0
2025-10-09,20:51,21000,현금,묵은지 김치찜,1,0
2025-10-09,20:53,18000,카드,동치미 국수,2,0
2025-10-10,11:15,9000,간편결제,동치미 국수,1,0
2025-10-10,11:20,17000,카드,소복 정식,1,0
2025-10-10,11:31,26000,카드,들기름 고등어 한상,2,0
2025-10-10,11:42,12000,간편결제,계란말이 추가,2,0
2025-10-10,12:20,26000,카드,보리굴비 정식,1,0
2025-10-10,12:43,13000,카드,들기름 고등어 한상,1,0
2025-10-10,12:58,13000,간편결제,들기름 고등어 한상,1,0
2025-10-10,13:02,9000,카드,동치미 국수,1,0
2025-10-10,13:11,9000,간편결제,동치미 국수,1,0
2025-10-10,13:14,45000,카드,제철 반상,3,0
2025-10-10,13:19,6000,카드,계란말이 추가,1,0
2025-10-10,13:26,52000,간편결제,보리굴비 정식,2,0
2025-10-10,13:33,42000,카드,묵은지 김치찜,2,0
2025-10-10,13:44,15000,카드,제철 반상,1,0
2025-10-10,13:51,15000,카드,제철 반상,1,0
2025-10-10,13:55,13000,간편결제,들기름 고등어 한상,1,0
2025-10-10,13:58,27000,카드,동치미 국수,3,0
2025-10-10,13:59,18000,카드,동치미 국수,2,0
2025-10-10,17:00,17000,카드,소복 정식,1,0
2025-10-10,17:12,21000,간편결제,묵은지 김치찜,1,0
2025-10-10,17:21,52000,카드,보리굴비 정식,2,0
2025-10-10,17:43,21000,카드,묵은지 김치찜,1,0
2025-10-10,17:44,13000,카드,들기름 고등어 한상,1,0
2025-10-10,17:58,17000,간편결제,소복 정식,1,0
2025-10-10,18:08,52000,카드,보리굴비 정식,2,0
2025-10-10,18:41,13000,카드,들기름 고등어 한상,1,0
2025-10-10,18:50,17000,카드,소복 정식,1,0
2025-10-10,18:58,6000,카드,계란말이 추가,1,0
2025-10-10,19:09,13000,카드,들기름 고등어 한상,1,0
2025-10-10,19:13,21000,카드,묵은지 김치찜,1,0
2025-10-10,19:26,17000,카드,소복 정식,1,0
2025-10-10,19:48,26000,간편결제,보리굴비 정식,1,0
2025-10-10,19:58,27000,카드,동치미 국수,3,0
2025-10-10,20:09,26000,카드,보리굴비 정식,1,0
2025-10-10,20:30,30000,카드,제철 반상,2,0
2025-10-10,20:45,13000,간편결제,들기름 고등어 한상,1,13000
2025-10-10,20:57,21000,카드,묵은지 김치찜,1,0
2025-10-11,11:08,17000,카드,소복 정식,1,0
2025-10-11,11:25,21000,카드,묵은지 김치찜,1,21000
2025-10-11,11:28,6000,카드,계란말이 추가,1,0
2025-10-11,11:31,17000,간편결제,소복 정식,1,0
2025-10-11,11:33,42000,카드,묵은지 김치찜,2,0
2025-10-11,11:33,30000,카드,제철 반상,2,0
2025-10-11,11:46,6000,간편결제,계란말이 추가,1,0
2025-10-11,12:06,9000,카드,동치미 국수,1,0
2025-10-11,12:12,9000,카드,동치미 국수,1,0
2025-10-11,12:23,34000,카드,소복 정식,2,0
2025-10-11,12:28,26000,현금,보리굴비 정식,1,0
2025-10-11,12:33,18000,카드,동치미 국수,2,0
2025-10-11,12:42,26000,카드,들기름 고등어 한상,2,0
2025-10-11,12:43,26000,카드,보리굴비 정식,1,0
2025-10-11,13:24,26000,카드,보리굴비 정식,1,0
2025-10-11,13:29,15000,현금,제철 반상,1,0
2025-10-11,13:35,12000,카드,계란말이 추가,2,0
2025-10-11,13:51,78000,카드,보리굴비 정식,3,0
2025-10-11,13:52,9000,카드,동치미 국수,1,0
2025-10-11,17:29,21000,카드,묵은지 김치찜,1,0
2025-10-11,17:37,15000,카드,제철 반상,1,0
2025-10-11,17:39,15000,카드,제철 반상,1,0
2025-10-11,18:07,9000,카드,동치미 국수,1,0
2025-10-11,18:36,13000,현금,들기름 고등어 한상,1,0
2025-10-11,19:00,15000,카드,제철 반상,1,0
2025-10-11,19:06,26000,카드,보리굴비 정식,1,0
2025-10-11,19:13,42000,카드,묵은지 김치찜,2,0
2025-10-11,19:13,27000,카드,동치미 국수,3,0
2025-10-11,19:18,17000,간편결제,소복 정식,1,0
2025-10-11,19:25,26000,카드,들기름 고등어 한상,2,0
2025-10-11,19:30,42000,카드,묵은지 김치찜,2,0
2025-10-11,19:37,13000,카드,들기름 고등어 한상,1,0
2025-10-11,19:38,15000,카드,제철 반상,1,0
2025-10-11,19:47,15000,간편결제,제철 반상,1,0
2025-10-11,20:05,6000,카드,계란말이 추가,1,0
2025-10-11,20:06,13000,카드,들기름 고등어 한상,1,0
2025-10-11,20:31,6000,현금,계란말이 추가,1,0
2025-10-11,20:40,17000,간편결제,소복 정식,1,0
2025-10-11,20:44,13000,간편결제,들기름 고등어 한상,1,0
2025-10-11,20:51,15000,카드,제철 반상,1,0
2025-10-12,11:02,13000,카드,들기름 고등어 한상,1,0
2025-10-12,11:15,26000,카드,보리굴비 정식,1,0
2025-10-12,11:32,12000,간편결제,계란말이 추가,2,0
2025-10-12,11:40,34000,카드,소복 정식,2,0
2025-10-12,11:43,9000,카드,동치미 국수,1,0
2025-10-12,11:44,52000,간편결제,보리굴비 정식,2,0
2025-10-12,11:55,9000,카드,동치미 국수,1,0
2025-10-12,11:59,13000,카드,들기름 고등어 한상,1,0
2025-10-12,12:36,15000,카드,제철 반상,1,0
2025-10-12,12:53,9000,카드,동치미 국수,1,0
2025-10-12,13:23,15000,간편결제,제철 반상,1,0
2025-10-12,17:05,30000,카드,제철 반상,2,0
2025-10-12,17:35,13000,카드,들기름 고등어 한상,1,0
2025-10-12,17:50,42000,현금,묵은지 김치찜,2,0
2025-10-12,17:50,21000,간편결제,묵은지 김치찜,1,0
2025-10-12,18:00,13000,카드,들기름 고등어 한상,1,0
2025-10-12,18:15,6000,카드,계란말이 추가,1,0
2025-10-12,18:22,21000,카드,묵은지 김치찜,1,0
2025-10-12,18:24,6000,카드,계란말이 추가,1,0
2025-10-12,18:51,78000,카드,보리굴비 정식,3,0
2025-10-12,18:52,6000,카드,계란말이 추가,1,0
2025-10-12,19:38,26000,카드,보리굴비 정식,1,0
2025-10-12,19:50,15000,간편결제,제철 반상,1,0
2025-10-14,11:37,13000,카드,들기름 고등어 한상,1,0
2025-10-14,13:03,52000,카드,보리굴비 정식,2,0
2025-10-14,13:12,17000,간편결제,소복 정식,1,0
2025-10-14,13:17,51000,카드,소복 정식,3,0
2025-10-14,13:41,13000,카드,들기름 고등어 한상,1,0
2025-10-14,13:42,21000,카드,묵은지 김치찜,1,0
2025-10-14,17:00,26000,카드,보리굴비 정식,1,0
2025-10-14,17:11,26000,간편결제,보리굴비 정식,1,0
2025-10-14,17:41,13000,카드,들기름 고등어 한상,1,0
2025-10-14,18:04,17000,카드,소복 정식,1,0
2025-10-14,18:07,17000,카드,소복 정식,1,0
2025-10-14,18:40,9000,카드,동치미 국수,1,0
2025-10-14,18:42,26000,카드,보리굴비 정식,1,0
2025-10-14,18:44,21000,카드,묵은지 김치찜,1,0
2025-10-14,18:58,13000,카드,들기름 고등어 한상,1,0
2025-10-14,19:06,9000,카드,동치미 국수,1,0
2025-10-14,19:09,6000,카드,계란말이 추가,1,0
2025-10-14,19:10,12000,현금,계란말이 추가,2,0
2025-10-14,19:17,15000,카드,제철 반상,1,0
2025-10-14,19:43,9000,카드,동치미 국수,1,0
2025-10-14,20:20,21000,카드,묵은지 김치찜,1,0
2025-10-14,20:21,6000,현금,계란말이 추가,1,0
2025-10-14,20:47,17000,카드,소복 정식,1,0
2025-10-15,11:21,13000,간편결제,들기름 고등어 한상,1,0
2025-10-15,11:26,52000,현금,보리굴비 정식,2,0
2025-10-15,11:30,26000,카드,보리굴비 정식,1,0
2025-10-15,12:00,13000,간편결제,들기름 고등어 한상,1,0
2025-10-15,12:08,52000,카드,보리굴비 정식,2,0
2025-10-15,12:12,26000,카드,보리굴비 정식,1,0
2025-10-15,12:29,9000,카드,동치미 국수,1,0
2025-10-15,12:30,6000,카드,계란말이 추가,1,0
2025-10-15,12:36,63000,카드,묵은지 김치찜,3,0
2025-10-15,12:38,15000,카드,제철 반상,1,0
2025-10-15,12:38,15000,카드,제철 반상,1,0
2025-10-15,12:46,21000,카드,묵은지 김치찜,1,0
2025-10-15,17:11,26000,카드,보리굴비 정식,1,0
2025-10-15,17:22,26000,카드,보리굴비 정식,1,0
2025-10-15,17:31,17000,간편결제,소복 정식,1,0
2025-10-15,17:33,21000,카드,묵은지 김치찜,1,0
2025-10-15,17:41,6000,카드,계란말이 추가,1,0
2025-10-15,17:43,18000,카드,동치미 국수,2,0
2025-10-15,17:45,21000,카드,묵은지 김치찜,1,0
2025-10-15,18:02,27000,카드,동치미 국수,3,0
2025-10-15,18:04,15000,카드,제철 반상,1,0
2025-10-15,18:05,9000,카드,동치미 국수,1,0
2025-10-15,18:54,17000,현금,소복 정식,1,0
2025-10-15,19:03,52000,카드,보리굴비 정식,2,0
2025-10-15,19:34,6000,카드,계란말이 추가,1,0
2025-10-15,19:36,17000,간편결제,소복 정식,1,0
2025-10-15,19:58,21000,카드,묵은지 김치찜,1,0
2025-10-15,20:22,18000,카드,동치미 국수,2,0
2025-10-15,20:29,18000,카드,계란말이 추가,3,0
2025-10-15,20:47,12000,카드,계란말이 추가,2,0
2025-10-15,20:48,52000,카드,보리굴비 정식,2,0
2025-10-16,11:12,9000,카드,동치미 국수,1,0
2025-10-16,11:24,42000,카드,묵은지 김치찜,2,0
2025-10-16,11:24,26000,간편결제,보리굴비 정식,1,0
2025-10-16,11:27,9000,카드,동치미 국수,1,0
2025-10-16,11:38,39000,간편결제,들기름 고등어 한상,3,0
2025-10-16,11:39,9000,카드,동치미 국수,1,0
2025-10-16,11:51,21000,카드,묵은지 김치찜,1,0
2025-10-16,12:03,13000,간편결제,들기름 고등어 한상,1,0
2025-10-16,12:13,26000,카드,보리굴비 정식,1,0
2025-10-16,12:24,15000,카드,제철 반상,1,0
2025-10-16,12:35,17000,카드,소복 정식,1,0
2025-10-16,12:42,52000,카드,보리굴비 정식,2,0
2025-10-16,13:06,21000,간편결제,묵은지 김치찜,1,0
2025-10-16,13:08,21000,현금,묵은지 김치찜,1,21000
2025-10-16,13:55,17000,간편결제,소복 정식,1,0
2025-10-16,17:27,15000,카드,제철 반상,1,0
2025-10-16,17:36,17000,카드,소복 정식,1,0
2025-10-16,18:10,6000,카드,계란말이 추가,1,0
2025-10-16,18:19,42000,카드,묵은지 김치찜,2,0
2025-10-16,18:33,12000,카드,계란말이 추가,2,0
2025-10-16,18:43,6000,카드,계란말이 추가,1,0
2025-10-16,18:55,13000,간편결제,들기름 고등어 한상,1,0
2025-10-16,19:16,9000,카드,동치미 국수,1,0
2025-10-16,19:30,9000,카드,동치미 국수,1,0
2025-10-16,19:32,26000,간편결제,보리굴비 정식,1,0
2025-10-16,20:06,15000,카드,제철 반상,1,0
2025-10-16,20:16,78000,카드,보리굴비 정식,3,0
2025-10-16,20:25,26000,카드,보리굴비 정식,1,0
2025-10-16,20:55,13000,간편결제,들기름 고등어 한상,1,0
2025-10-17,11:19,9000,카드,동치미 국수,1,0
2025-10-17,11:23,30000,카드,제철 반상,2,0
2025-10-17,11:25,18000,카드,동치미 국수,2,0
2025-10-17,11:36,26000,카드,보리굴비 정식,1,0
2025-10-17,11:44,9000,카드,동치미 국수,1,0
2025-10-17,11:46,52000,현금,보리굴비 정식,2,0
2025-10-17,11:48,6000,간편결제,계란말이 추가,1,0
2025-10-17,11:58,13000,카드,들기름 고등어 한상,1,0
2025-10-17,12:14,17000,간편결제,소복 정식,1,0
2025-10-17,12:19,21000,카드,묵은지 김치찜,1,21000
2025-10-17,12:31,78000,카드,보리굴비 정식,3,0
2025-10-17,12:33,9000,카드,동치미 국수,1,0
2025-10-17,12:44,26000,카드,들기름 고등어 한상,2,0
2025-10-17,12:52,78000,카드,보리굴비 정식,3,0
2025-10-17,12:55,15000,카드,제철 반상,1,0
2025-10-17,13:05,51000,간편결제,소복 정식,3,0
2025-10-17,13:05,12000,카드,계란말이 추가,2,0
2025-10-17,13:11,15000,카드,제철 반상,1,0
2025-10-17,13:12,6000,현금,계란말이 추가,1,0
2025-10-17,13:36,21000,카드,묵은지 김치찜,1,0
2025-10-17,13:48,21000,카드,묵은지 김치찜,1,0
2025-10-17,13:50,6000,카드,계란말이 추가,1,0
2025-10-17,17:17,21000,카드,묵은지 김치찜,1,0
2025-10-17,17:27,17000,카드,소복 정식,1,0
2025-10-17,17:28,30000,간편결제,제철 반상,2,0
2025-10-17,18:01,13000,카드,들기름 고등어 한상,1,0
2025-10-17,18:05,9000,카드,동치미 국수,1,0
2025-10-17,18:19,6000,카드,계란말이 추가,1,0
2025-10-17,18:42,39000,카드,들기름 고등어 한상,3,0
2025-10-17,18:59,17000,카드,소복 정식,1,0
2025-10-17,19:00,39000,카드,들기름 고등어 한상,3,0
2025-10-17,19:02,27000,카드,동치미 국수,3,0
2025-10-17,19:12,26000,카드,보리굴비 정식,1,0
2025-10-17,19:30,26000,카드,보리굴비 정식,1,0
2025-10-17,19:55,52000,카드,보리굴비 정식,2,0
2025-10-17,20:23,9000,카드,동치미 국수,1,0
2025-10-17,20:26,51000,현금,소복 정식,3,0
2025-10-17,20:40,17000,카드,소복 정식,1,0
2025-10-17,20:45,12000,카드,계란말이 추가,2,0
2025-10-17,20:51,6000,간편결제,계란말이 추가,1,0
2025-10-18,11:17,17000,카드,소복 정식,1,0
2025-10-18,11:41,6000,카드,계란말이 추가,1,0
2025-10-18,11:43,13000,간편결제,들기름 고등어 한상,1,0
2025-10-18,11:52,26000,카드,보리굴비 정식,1,0
2025-10-18,11:53,15000,카드,제철 반상,1,0
2025-10-18,12:01,17000,간편결제,소복 정식,1,0
2025-10-18,12:08,15000,현금,제철 반상,1,0
2025-10-18,12:12,17000,카드,소복 정식,1,0
2025-10-18,12:29,18000,현금,동치미 국수,2,0
2025-10-18,12:35,26000,카드,보리굴비 정식,1,0
2025-10-18,12:42,17000,현금,소복 정식,1,0
2025-10-18,12:46,9000,카드,동치미 국수,1,0
2025-10-18,13:14,18000,카드,동치미 국수,2,0
2025-10-18,13:22,9000,간편결제,동치미 국수,1,0
2025-10-18,13:39,26000,카드,보리굴비 정식,1,0
2025-10-18,13:43,21000,카드,묵은지 김치찜,1,0
2025-10-18,13:49,26000,카드,보리굴비 정식,1,0
2025-10-18,17:06,26000,현금,보리굴비 정식,1,0
2025-10-18,17:16,17000,카드,소복 정식,1,0
2025-10-18,17:33,9000,카드,동치미 국수,1,0
2025-10-18,17:58,15000,카드,제철 반상,1,0
2025-10-18,18:46,15000,카드,제철 반상,1,0
2025-10-18,18:49,42000,현금,묵은지 김치찜,2,0
2025-10-18,19:13,30000,간편결제,제철 반상,2,0
2025-10-18,19:23,17000,카드,소복 정식,1,0
2025-10-18,19:25,15000,카드,제철 반상,1,0
2025-10-18,19:44,12000,카드,계란말이 추가,2,0
2025-10-18,19:55,26000,간편결제,들기름 고등어 한상,2,0
2025-10-18,20:24,9000,카드,동치미 국수,1,0
2025-10-18,20:33,18000,카드,동치미 국수,2,0
2025-10-18,20:55,6000,카드,계란말이 추가,1,0
2025-10-19,11:05,21000,현금,묵은지 김치찜,1,0
2025-10-19,11:08,21000,카드,묵은지 김치찜,1,0
2025-10-19,11:11,6000,카드,계란말이 추가,1,0
2025-10-19,11:34,26000,카드,보리굴비 정식,1,0
2025-10-19,11:50,26000,카드,보리굴비 정식,1,0
2025-10-19,11:51,34000,카드,소복 정식,2,0
2025-10-19,11:59,9000,카드,동치미 국수,1,0
2025-10-19,12:01,30000,현금,제철 반상,2,0
2025-10-19,13:30,26000,카드,보리굴비 정식,1,0
2025-10-19,13:36,26000,카드,보리굴비 정식,1,0
2025-10-19,13:47,21000,간편결제,묵은지 김치찜,1,0
2025-10-19,17:09,21000,카드,묵은지 김치찜,1,0
2025-10-19,17:33,6000,간편결제,계란말이 추가,1,0
2025-10-19,17:36,34000,카드,소복 정식,2,0
2025-10-19,17:46,12000,카드,계란말이 추가,2,0
2025-10-19,17:51,17000,간편결제,소복 정식,1,0
2025-10-19,18:17,30000,간편결제,제철 반상,2,0
2025-10-19,18:31,26000,카드,보리굴비 정식,1,0
2025-10-19,18:35,26000,카드,보리굴비 정식,1,0
2025-10-19,18:47,52000,현금,보리굴비 정식,2,0
2025-10-19,18:51,21000,카드,묵은지 김치찜,1,0
2025-10-19,19:00,21000,현금,묵은지 김치찜,1,0
2025-10-19,20:01,26000,현금,들기름 고등어 한상,2,0
2025-10-19,20:16,17000,카드,소복 정식,1,0
2025-10-19,20:30,17000,카드,소복 정식,1,0
2025-10-19,20:33,26000,카드,보리굴비 정식,1,0
2025-10-19,20:35,63000,카드,묵은지 김치찜,3,0
2025-10-20,12:28,6000,카드,계란말이 추가,1,0
2025-10-20,12:50,17000,카드,소복 정식,1,0
2025-10-20,12:55,17000,카드,소복 정식,1,0
2025-10-20,13:04,17000,카드,소복 정식,1,0
2025-10-20,13:05,6000,현금,계란말이 추가,1,0
2025-10-20,13:07,6000,카드,계란말이 추가,1,0
2025-10-20,13:20,34000,카드,소복 정식,2,0
2025-10-20,13:23,13000,카드,들기름 고등어 한상,1,0
2025-10-20,13:25,15000,간편결제,제철 반상,1,0
2025-10-20,13:43,13000,카드,들기름 고등어 한상,1,0
2025-10-20,13:47,13000,카드,들기름 고등어 한상,1,0
2025-10-20,17:35,17000,간편결제,소복 정식,1,0
2025-10-20,17:47,78000,카드,보리굴비 정식,3,0
2025-10-20,17:48,21000,카드,묵은지 김치찜,1,0
2025-10-20,17:50,12000,카드,계란말이 추가,2,0
2025-10-20,17:58,6000,간편결제,계란말이 추가,1,0
2025-10-20,18:01,13000,카드,들기름 고등어 한상,1,0
2025-10-20,18:14,18000,카드,동치미 국수,2,0
2025-10-20,18:20,52000,카드,보리굴비 정식,2,0
2025-10-20,18:24,12000,현금,계란말이 추가,2,0
2025-10-20,18:27,26000,간편결제,보리굴비 정식,1,0
2025-10-20,18:40,26000,카드,보리굴비 정식,1,0
2025-10-20,18:55,6000,간편결제,계란말이 추가,1,0
2025-10-20,20:47,18000,카드,계란말이 추가,3,0
2025-10-20,20:53,9000,카드,동치미 국수,1,0
2025-10-21,11:22,18000,간편결제,동치미 국수,2,0
2025-10-21,11:31,6000,카드,계란말이 추가,1,0
2025-10-21,11:34,13000,카드,들기름 고등어 한상,1,0
2025-10-21,11:34,52000,카드,보리굴비 정식,2,0
2025-10-21,11:35,9000,간편결제,동치미 국수,1,0
2025-10-21,11:51,13000,카드,들기름 고등어 한상,1,0
2025-10-21,12:01,21000,카드,묵은지 김치찜,1,0
2025-10-21,12:12,9000,현금,동치미 국수,1,0
2025-10-21,12:34,12000,현금,계란말이 추가,2,0
2025-10-21,13:27,26000,현금,보리굴비 정식,1,0
2025-10-21,13:41,52000,카드,보리굴비 정식,2,0
2025-10-21,13:49,21000,카드,묵은지 김치찜,1,0
2025-10-21,17:38,78000,간편결제,보리굴비 정식,3,0
2025-10-21,17:40,9000,카드,동치미 국수,1,0
2025-10-21,17:57,6000,카드,계란말이 추가,1,0
2025-10-21,18:05,6000,카드,계란말이 추가,1,0
2025-10-21,18:06,6000,간편결제,계란말이 추가,1,0
2025-10-21,18:16,13000,간편결제,들기름 고등어 한상,1,0
2025-10-21,18:16,21000,카드,묵은지 김치찜,1,0
2025-10-21,18:21,18000,간편결제,동치미 국수,2,0
2025-10-21,18:32,6000,카드,계란말이 추가,1,0
2025-10-21,18:57,15000,카드,제철 반상,1,0
2025-10-21,19:14,21000,카드,묵은지 김치찜,1,0
2025-10-21,19:23,6000,카드,계란말이 추가,1,0
2025-10-21,19:27,26000,카드,보리굴비 정식,1,0
2025-10-21,20:26,13000,카드,들기름 고등어 한상,1,0
2025-10-22,11:19,26000,카드,보리굴비 정식,1,26000
2025-10-22,11:32,30000,카드,제철 반상,2,0
2025-10-22,12:03,15000,카드,제철 반상,1,0
2025-10-22,12:05,15000,카드,제철 반상,1,0
2025-10-22,12:26,51000,카드,소복 정식,3,0
2025-10-22,12:36,51000,카드,소복 정식,3,0
2025-10-22,12:51,26000,카드,보리굴비 정식,1,0
2025-10-22,12:56,9000,카드,동치미 국수,1,0
2025-10-22,12:59,17000,카드,소복 정식,1,0
2025-10-22,13:29,26000,카드,들기름 고등어 한상,2,0
2025-10-22,13:43,51000,카드,소복 정식,3,0
2025-10-22,17:22,26000,카드,보리굴비 정식,1,0
2025-10-22,17:25,13000,카드,들기름 고등어 한상,1,0
2025-10-22,17:28,17000,현금,소복 정식,1,0
2025-10-22,17:31,30000,카드,제철 반상,2,0
2025-10-22,19:01,12000,카드,계란말이 추가,2,0
2025-10-22,19:17,13000,현금,들기름 고등어 한상,1,0
2025-10-22,19:19,18000,현금,계란말이 추가,3,0
2025-10-22,19:22,78000,간편결제,보리굴비 정식,3,0
2025-10-22,19:28,9000,간편결제,동치미 국수,1,0
2025-10-22,19:37,13000,간편결제,들기름 고등어 한상,1,0
2025-10-22,19:49,9000,카드,동치미 국수,1,0
2025-10-22,20:07,15000,카드,제철 반상,1,0
2025-10-22,20:50,21000,카드,묵은지 김치찜,1,0
2025-10-23,11:23,15000,간편결제,제철 반상,1,0
2025-10-23,11:29,21000,간편결제,묵은지 김치찜,1,0
2025-10-23,11:35,15000,카드,제철 반상,1,0
2025-10-23,11:38,12000,현금,계란말이 추가,2,0
2025-10-23,12:07,9000,카드,동치미 국수,1,0
2025-10-23,12:15,6000,현금,계란말이 추가,1,0
2025-10-23,12:16,26000,간편결제,보리굴비 정식,1,0
2025-10-23,12:41,12000,카드,계란말이 추가,2,0
2025-10-23,12:44,17000,카드,소복 정식,1,0
2025-10-23,12:48,52000,카드,보리굴비 정식,2,0
2025-10-23,13:12,18000,카드,동치미 국수,2,0
2025-10-23,13:24,15000,간편결제,제철 반상,1,0
2025-10-23,13:34,26000,카드,보리굴비 정식,1,0
2025-10-23,13:42,17000,간편결제,소복 정식,1,0
2025-10-23,13:48,21000,카드,묵은지 김치찜,1,0
2025-10-23,13:58,6000,카드,계란말이 추가,1,0
2025-10-23,17:04,21000,카드,묵은지 김치찜,1,0
2025-10-23,17:30,6000,카드,계란말이 추가,1,0
2025-10-23,17:50,12000,카드,계란말이 추가,2,0
2025-10-23,17:55,9000,간편결제,동치미 국수,1,0
2025-10-23,18:18,13000,카드,들기름 고등어 한상,1,0
2025-10-23,18:54,26000,카드,보리굴비 정식,1,0
2025-10-23,18:58,9000,간편결제,동치미 국수,1,0
2025-10-23,19:08,26000,카드,보리굴비 정식,1,0
2025-10-23,19:15,26000,카드,보리굴비 정식,1,0
2025-10-23,19:16,26000,카드,보리굴비 정식,1,0
2025-10-23,19:41,78000,카드,보리굴비 정식,3,0
2025-10-23,19:49,18000,간편결제,동치미 국수,2,0
2025-10-23,19:54,26000,간편결제,들기름 고등어 한상,2,0
2025-10-23,20:08,9000,간편결제,동치미 국수,1,0
2025-10-23,20:34,78000,카드,보리굴비 정식,3,0
2025-10-23,20:48,13000,간편결제,들기름 고등어 한상,1,0
2025-10-24,11:04,15000,카드,제철 반상,1,0
2025-10-24,11:33,26000,간편결제,들기름 고등어 한상,2,0
2025-10-24,12:04,21000,카드,묵은지 김치찜,1,0
2025-10-24,12:05,26000,카드,들기름 고등어 한상,2,0
2025-10-24,12:06,26000,카드,보리굴비 정식,1,0
2025-10-24,12:23,13000,카드,들기름 고등어 한상,1,0
2025-10-24,12:23,13000,카드,들기름 고등어 한상,1,0
2025-10-24,12:29,15000,카드,제철 반상,1,0
2025-10-24,12:38,21000,현금,묵은지 김치찜,1,0
2025-10-24,13:03,13000,카드,들기름 고등어 한상,1,0
2025-10-24,13:03,9000,카드,동치미 국수,1,0
2025-10-24,13:07,18000,간편결제,동치미 국수,2,0
2025-10-24,13:27,13000,간편결제,들기름 고등어 한상,1,0
2025-10-24,13:35,21000,카드,묵은지 김치찜,1,0
2025-10-24,13:47,52000,현금,보리굴비 정식,2,0
2025-10-24,13:50,42000,카드,묵은지 김치찜,2,0
2025-10-24,17:05,18000,간편결제,계란말이 추가,3,0
2025-10-24,17:22,26000,카드,보리굴비 정식,1,0
2025-10-24,17:35,17000,현금,소복 정식,1,0
2025-10-24,18:09,15000,카드,제철 반상,1,0
2025-10-24,18:13,9000,카드,동치미 국수,1,0
2025-10-24,18:16,17000,카드,소복 정식,1,0
2025-10-24,18:39,9000,카드,동치미 국수,1,0
2025-10-24,19:00,45000,카드,제철 반상,3,0
2025-10-24,19:04,15000,현금,제철 반상,1,0
2025-10-24,20:06,17000,카드,소복 정식,1,0
2025-10-24,20:07,30000,간편결제,제철 반상,2,0
2025-10-24,20:17,21000,카드,묵은지 김치찜,1,0
2025-10-24,20:23,26000,카드,보리굴비 정식,1,0
2025-10-24,20:45,30000,간편결제,제철 반상,2,0
2025-10-24,20:58,30000,카드,제철 반상,2,0
2025-10-25,11:31,9000,현금,동치미 국수,1,0
2025-10-25,12:00,6000,카드,계란말이 추가,1,0
2025-10-25,12:38,17000,카드,소복 정식,1,0
2025-10-25,13:10,9000,카드,동치미 국수,1,0
2025-10-25,13:30,30000,카드,제철 반상,2,0
2025-10-25,13:30,13000,카드,들기름 고등어 한상,1,0
2025-10-25,13:53,26000,카드,보리굴비 정식,1,0
2025-10-25,17:13,13000,카드,들기름 고등어 한상,1,0
2025-10-25,17:25,34000,카드,소복 정식,2,0
2025-10-25,17:30,15000,카드,제철 반상,1,0
2025-10-25,17:33,42000,현금,묵은지 김치찜,2,0
2025-10-25,17:36,9000,간편결제,동치미 국수,1,0
2025-10-25,17:42,26000,카드,보리굴비 정식,1,0
2025-10-25,17:57,6000,카드,계란말이 추가,1,0
2025-10-25,18:20,9000,카드,동치미 국수,1,0
2025-10-25,18:31,27000,간편결제,동치미 국수,3,0
2025-10-25,18:43,26000,카드,들기름 고등어 한상,2,0
2025-10-25,18:50,15000,카드,제철 반상,1,0
2025-10-25,18:51,18000,간편결제,동치미 국수,2,0
2025-10-25,18:53,15000,현금,제철 반상,1,15000
2025-10-25,18:56,15000,카드,제철 반상,1,0
2025-10-25,19:16,15000,카드,제철 반상,1,0
2025-10-25,19:30,17000,카드,소복 정식,1,0
2025-10-25,20:01,26000,간편결제,보리굴비 정식,1,0
2025-10-25,20:01,13000,카드,들기름 고등어 한상,1,0
2025-10-25,20:16,26000,간편결제,보리굴비 정식,1,0
2025-10-25,20:19,18000,간편결제,동치미 국수,2,0
2025-10-25,20:35,17000,카드,소복 정식,1,0
2025-10-25,20:48,9000,현금,동치미 국수,1,0
2025-10-25,20:48,15000,간편결제,제철 반상,1,0
2025-10-26,11:01,26000,간편결제,보리굴비 정식,1,0
2025-10-26,11:02,26000,카드,보리굴비 정식,1,0
2025-10-26,11:05,17000,카드,소복 정식,1,0
2025-10-26,11:12,15000,카드,제철 반상,1,0
2025-10-26,11:31,26000,카드,보리굴비 정식,1,0
2025-10-26,11:33,15000,간편결제,제철 반상,1,0
2025-10-26,11:43,9000,카드,동치미 국수,1,0
2025-10-26,11:57,17000,간편결제,소복 정식,1,0
2025-10-26,11:59,26000,카드,보리굴비 정식,1,0
2025-10-26,12:00,15000,카드,제철 반상,1,0
2025-10-26,12:02,17000,간편결제,소복 정식,1,0
2025-10-26,12:06,26000,간편결제,보리굴비 정식,1,0
2025-10-26,12:13,17000,카드,소복 정식,1,0
2025-10-26,12:24,13000,카드,들기름 고등어 한상,1,0
2025-10-26,13:33,12000,간편결제,계란말이 추가,2,0
2025-10-26,13:58,30000,간편결제,제철 반상,2,0
2025-10-26,17:25,26000,카드,보리굴비 정식,1,0
2025-10-26,17:28,17000,카드,소복 정식,1,0
2025-10-26,17:50,9000,현금,동치미 국수,1,0
2025-10-26,18:03,6000,카드,계란말이 추가,1,0
2025-10-26,18:03,9000,카드,동치미 국수,1,0
2025-10-26,18:20,26000,간편결제,보리굴비 정식,1,0
2025-10-26,18:24,9000,현금,동치미 국수,1,0
2025-10-26,18:28,13000,카드,들기름 고등어 한상,1,0
2025-10-26,18:38,52000,카드,보리굴비 정식,2,0
2025-10-26,19:47,34000,카드,소복 정식,2,0
2025-10-26,20:06,17000,카드,소복 정식,1,0
2025-10-26,20:28,39000,카드,들기름 고등어 한상,3,0
2025-10-26,20:34,6000,간편결제,계란말이 추가,1,0
2025-10-28,11:37,9000,카드,동치미 국수,1,0
2025-10-28,11:43,13000,현금,들기름 고등어 한상,1,0
2025-10-28,11:57,15000,현금,제철 반상,1,0
2025-10-28,11:58,6000,간편결제,계란말이 추가,1,0
2025-10-28,12:28,17000,카드,소복 정식,1,0
2025-10-28,12:49,26000,카드,들기름 고등어 한상,2,0
2025-10-28,12:54,21000,카드,묵은지 김치찜,1,0
2025-10-28,13:20,34000,카드,소복 정식,2,0
2025-10-28,13:26,6000,카드,계란말이 추가,1,0
2025-10-28,13:29,52000,카드,보리굴비 정식,2,0
2025-10-28,13:37,21000,카드,묵은지 김치찜,1,0
2025-10-28,13:53,42000,카드,묵은지 김치찜,2,0
2025-10-28,17:27,21000,현금,묵은지 김치찜,1,0
2025-10-28,17:32,12000,카드,계란말이 추가,2,0
2025-10-28,17:46,26000,카드,보리굴비 정식,1,0
2025-10-28,17:57,6000,카드,계란말이 추가,1,0
2025-10-28,18:03,26000,카드,보리굴비 정식,1,0
2025-10-28,18:17,12000,카드,계란말이 추가,2,0
2025-10-28,18:57,21000,카드,묵은지 김치찜,1,0
2025-10-28,19:13,21000,카드,묵은지 김치찜,1,0
2025-10-28,19:39,26000,카드,보리굴비 정식,1,0
2025-10-28,19:56,13000,카드,들기름 고등어 한상,1,0
2025-10-28,19:56,17000,카드,소복 정식,1,0
2025-10-28,19:59,15000,카드,제철 반상,1,0
2025-10-28,20:35,6000,카드,계란말이 추가,1,0
2025-10-28,20:42,15000,카드,제철 반상,1,0
2025-10-28,20:48,18000,카드,동치미 국수,2,0
2025-10-29,11:05,17000,간편결제,소복 정식,1,0
2025-10-29,11:24,21000,간편결제,묵은지 김치찜,1,0
2025-10-29,11:29,26000,카드,보리굴비 정식,1,0
2025-10-29,12:01,12000,카드,계란말이 추가,2,0
2025-10-29,12:02,17000,카드,소복 정식,1,0
2025-10-29,12:20,26000,간편결제,들기름 고등어 한상,2,0
2025-10-29,12:32,17000,카드,소복 정식,1,0
2025-10-29,12:46,6000,카드,계란말이 추가,1,0
2025-10-29,12:46,21000,간편결제,묵은지 김치찜,1,0
2025-10-29,12:47,26000,카드,보리굴비 정식,1,0
2025-10-29,13:27,15000,카드,제철 반상,1,0
2025-10-29,13:32,12000,카드,계란말이 추가,2,0
2025-10-29,13:49,30000,간편결제,제철 반상,2,0
2025-10-29,13:55,42000,카드,묵은지 김치찜,2,0
2025-10-29,13:56,6000,카드,계란말이 추가,1,0
2025-10-29,17:13,21000,카드,묵은지 김치찜,1,0
2025-10-29,17:20,26000,카드,보리굴비 정식,1,0
2025-10-29,17:26,15000,카드,제철 반상,1,0
2025-10-29,17:30,26000,카드,보리굴비 정식,1,0
2025-10-29,18:08,6000,카드,계란말이 추가,1,0
2025-10-29,18:13,26000,카드,보리굴비 정식,1,0
2025-10-29,18:39,13000,카드,들기름 고등어 한상,1,0
2025-10-29,18:41,6000,카드,계란말이 추가,1,0
2025-10-29,19:09,17000,간편결제,소복 정식,1,0
2025-10-29,19:27,12000,카드,계란말이 추가,2,0
2025-10-29,19:32,26000,카드,보리굴비 정식,1,0
2025-10-29,19:58,21000,카드,묵은지 김치찜,1,0
2025-10-29,20:16,26000,카드,들기름 고등어 한상,2,0
2025-10-29,20:55,9000,카드,동치미 국수,1,0
2025-10-30,11:11,13000,간편결제,들기름 고등어 한상,1,0
2025-10-30,11:24,17000,카드,소복 정식,1,0
2025-10-30,11:38,15000,간편결제,제철 반상,1,0
2025-10-30,11:54,9000,카드,동치미 국수,1,0
2025-10-30,12:04,12000,카드,계란말이 추가,2,0
2025-10-30,12:05,34000,카드,소복 정식,2,0
2025-10-30,12:17,26000,카드,보리굴비 정식,1,0
2025-10-30,12:32,26000,카드,보리굴비 정식,1,0
2025-10-30,12:55,6000,카드,계란말이 추가,1,0
2025-10-30,13:07,26000,카드,들기름 고등어 한상,2,0
2025-10-30,13:11,9000,카드,동치미 국수,1,0
2025-10-30,13:12,13000,카드,들기름 고등어 한상,1,0
2025-10-30,13:14,15000,카드,제철 반상,1,0
2025-10-30,13:22,17000,현금,소복 정식,1,0
2025-10-30,13:43,17000,현금,소복 정식,1,0
2025-10-30,13:52,13000,카드,들기름 고등어 한상,1,0
2025-10-30,17:11,13000,카드,들기름 고등어 한상,1,0
2025-10-30,17:21,13000,카드,들기름 고등어 한상,1,0
2025-10-30,17:34,42000,카드,묵은지 김치찜,2,0
2025-10-30,18:13,12000,카드,계란말이 추가,2,0
2025-10-30,18:23,17000,간편결제,소복 정식,1,0
2025-10-30,18:39,26000,카드,보리굴비 정식,1,0
2025-10-30,18:57,9000,카드,동치미 국수,1,0
2025-10-30,19:14,9000,카드,동치미 국수,1,0
2025-10-30,19:19,30000,카드,제철 반상,2,0
2025-10-30,19:27,42000,카드,묵은지 김치찜,2,0
2025-10-30,19:29,15000,카드,제철 반상,1,0
2025-10-30,19:42,30000,카드,제철 반상,2,0
2025-10-30,19:44,17000,간편결제,소복 정식,1,0
2025-10-30,20:04,21000,카드,묵은지 김치찜,1,0
2025-10-30,20:17,13000,카드,들기름 고등어 한상,1,0
2025-10-30,20:20,17000,카드,소복 정식,1,0
2025-10-30,20:40,42000,카드,묵은지 김치찜,2,0
2025-10-30,20:51,26000,카드,보리굴비 정식,1,0
2025-10-30,20:55,9000,현금,동치미 국수,1,0
2025-10-31,11:01,17000,간편결제,소복 정식,1,0
2025-10-31,11:24,9000,현금,동치미 국수,1,0
2025-10-31,11:28,15000,카드,제철 반상,1,0
2025-10-31,11:31,9000,카드,동치미 국수,1,0
2025-10-31,11:41,6000,간편결제,계란말이 추가,1,0
2025-10-31,12:08,17000,카드,소복 정식,1,0
2025-10-31,12:14,6000,간편결제,계란말이 추가,1,0
2025-10-31,12:21,45000,카드,제철 반상,3,0
2025-10-31,12:22,6000,카드,계란말이 추가,1,0
2025-10-31,12:22,13000,카드,들기름 고등어 한상,1,0
2025-10-31,12:45,17000,현금,소복 정식,1,0
2025-10-31,13:00,12000,간편결제,계란말이 추가,2,0
2025-10-31,13:20,26000,카드,보리굴비 정식,1,0
2025-10-31,13:22,21000,간편결제,묵은지 김치찜,1,0
2025-10-31,13:32,17000,간편결제,소복 정식,1,0
2025-10-31,13:41,13000,카드,들기름 고등어 한상,1,0
2025-10-31,13:48,13000,카드,들기름 고등어 한상,1,0
2025-10-31,17:02,21000,카드,묵은지 김치찜,1,0
2025-10-31,17:03,15000,현금,제철 반상,1,0
2025-10-31,17:07,26000,카드,보리굴비 정식,1,0
2025-10-31,17:11,30000,카드,제철 반상,2,0
2025-10-31,17:12,9000,간편결제,동치미 국수,1,0
2025-10-31,17:31,26000,간편결제,보리굴비 정식,1,0
2025-10-31,18:09,13000,카드,들기름 고등어 한상,1,0
2025-10-31,18:16,17000,간편결제,소복 정식,1,0
2025-10-31,18:26,26000,현금,보리굴비 정식,1,0
2025-10-31,18:30,17000,카드,소복 정식,1,0
2025-10-31,18:36,26000,현금,들기름 고등어 한상,2,0
2025-10-31,18:51,17000,카드,소복 정식,1,0
2025-10-31,19:04,45000,카드,제철 반상,3,0
2025-10-31,19:08,26000,카드,보리굴비 정식,1,0
2025-10-31,19:11,26000,카드,보리굴비 정식,1,0
2025-10-31,19:26,26000,카드,보리굴비 정식,1,0
2025-10-31,19:36,6000,현금,계란말이 추가,1,0
2025-10-31,19:44,6000,현금,계란말이 추가,1,0
2025-10-31,20:20,15000,카드,제철 반상,1,0
2025-10-31,20:31,12000,간편결제,계란말이 추가,2,0
2025-10-31,20:32,34000,카드,소복 정식,2,0
2025-10-31,20:34,52000,카드,보리굴비 정식,2,0
2025-11-01,11:02,9000,카드,동치미 국수,1,0
2025-11-01,11:09,17000,카드,소복 정식,1,0
2025-11-01,11:19,51000,카드,소복 정식,3,0
2025-11-01,11:27,12000,간편결제,계란말이 추가,2,0
2025-11-01,11:28,27000,카드,동치미 국수,3,0
2025-11-01,11:49,26000,카드,보리굴비 정식,1,0
2025-11-01,12:19,15000,카드,제철 반상,1,0
2025-11-01,12:31,21000,간편결제,묵은지 김치찜,1,0
2025-11-01,12:46,15000,카드,제철 반상,1,0
2025-11-01,12:48,30000,카드,제철 반상,2,0
2025-11-01,13:35,13000,카드,들기름 고등어 한상,1,0
2025-11-01,13:41,6000,카드,계란말이 추가,1,0
2025-11-01,13:43,26000,현금,보리굴비 정식,1,0
2025-11-01,17:00,52000,카드,보리굴비 정식,2,0
2025-11-01,17:07,17000,카드,소복 정식,1,0
2025-11-01,17:11,15000,간편결제,제철 반상,1,0
2025-11-01,17:21,21000,카드,묵은지 김치찜,1,0
2025-11-01,17:50,42000,현금,묵은지 김치찜,2,0
2025-11-01,17:51,6000,카드,계란말이 추가,1,0
2025-11-01,17:52,9000,카드,동치미 국수,1,9000
2025-11-01,18:00,13000,카드,들기름 고등어 한상,1,0
2025-11-01,18:15,18000,현금,동치미 국수,2,0
2025-11-01,18:31,26000,카드,들기름 고등어 한상,2,0
2025-11-01,18:57,26000,카드,보리굴비 정식,1,0
2025-11-01,19:13,18000,카드,동치미 국수,2,0
2025-11-01,19:17,52000,간편결제,보리굴비 정식,2,0
2025-11-01,19:24,6000,간편결제,계란말이 추가,1,0
2025-11-01,19:30,42000,카드,묵은지 김치찜,2,0
2025-11-01,19:38,18000,현금,동치미 국수,2,0
2025-11-01,19:39,15000,카드,제철 반상,1,0
2025-11-01,19:42,17000,카드,소복 정식,1,0
2025-11-01,20:03,17000,카드,소복 정식,1,0
2025-11-01,20:14,13000,카드,들기름 고등어 한상,1,0
2025-11-01,20:16,18000,카드,동치미 국수,2,0
2025-11-01,20:18,21000,카드,묵은지 김치찜,1,0
2025-11-01,20:18,12000,카드,계란말이 추가,2,0
2025-11-01,20:24,13000,현금,들기름 고등어 한상,1,0
2025-11-01,20:53,6000,카드,계란말이 추가,1,0
2025-11-02,11:07,17000,카드,소복 정식,1,0
2025-11-02,11:12,6000,카드,계란말이 추가,1,0
2025-11-02,11:12,9000,카드,동치미 국수,1,0
2025-11-02,11:23,21000,카드,묵은지 김치찜,1,0
2025-11-02,11:32,17000,카드,소복 정식,1,0
2025-11-02,11:39,52000,카드,보리굴비 정식,2,0
2025-11-02,11:49,18000,카드,동치미 국수,2,0
2025-11-02,11:56,13000,카드,들기름 고등어 한상,1,0
2025-11-02,12:06,9000,간편결제,동치미 국수,1,0
2025-11-02,12:17,30000,간편결제,제철 반상,2,0
2025-11-02,12:18,21000,카드,묵은지 김치찜,1,0
2025-11-02,12:32,21000,카드,묵은지 김치찜,1,0
2025-11-02,12:55,15000,카드,제철 반상,1,0
2025-11-02,13:02,26000,카드,보리굴비 정식,1,0
2025-11-02,13:03,13000,카드,들기름 고등어 한상,1,0
2025-11-02,13:13,17000,카드,소복 정식,1,0
2025-11-02,13:36,9000,카드,동치미 국수,1,0
2025-11-02,13:46,9000,카드,동치미 국수,1,0
2025-11-02,17:50,6000,간편결제,계란말이 추가,1,0
2025-11-02,18:16,17000,카드,소복 정식,1,0
2025-11-02,19:02,15000,카드,제철 반상,1,0
2025-11-02,19:33,18000,카드,동치미 국수,2,0
2025-11-02,19:55,21000,카드,묵은지 김치찜,1,0
2025-11-02,19:59,6000,카드,계란말이 추가,1,0
2025-11-02,20:07,26000,카드,들기름 고등어 한상,2,0
2025-11-02,20:14,15000,간편결제,제철 반상,1,0
2025-11-02,20:34,15000,카드,제철 반상,1,0
2025-11-02,20:48,6000,간편결제,계란말이 추가,1,0
2025-11-02,20:49,9000,카드,동치미 국수,1,0
2025-11-03,11:44,26000,카드,보리굴비 정식,1,0
2025-11-03,11:44,9000,카드,동치미 국수,1,0
2025-11-03,11:57,30000,카드,제철 반상,2,0
2025-11-03,12:07,13000,카드,들기름 고등어 한상,1,0
2025-11-03,12:25,9000,카드,동치미 국수,1,0
2025-11-03,12:27,9000,카드,동치미 국수,1,0
2025-11-03,12:29,15000,간편결제,제철 반상,1,0
2025-11-03,12:37,21000,카드,묵은지 김치찜,1,0
2025-11-03,13:06,21000,카드,묵은지 김치찜,1,0
2025-11-03,13:24,13000,카드,들기름 고등어 한상,1,0
2025-11-03,13:31,17000,카드,소복 정식,1,0
2025-11-03,13:34,18000,카드,동치미 국수,2,0
2025-11-03,13:35,6000,카드,계란말이 추가,1,0
2025-11-03,17:08,42000,카드,묵은지 김치찜,2,0
2025-11-03,17:18,78000,카드,보리굴비 정식,3,0
2025-11-03,17:25,12000,카드,계란말이 추가,2,0
2025-11-03,17:51,9000,카드,동치미 국수,1,0
2025-11-03,17:57,13000,카드,들기름 고등어 한상,1,0
2025-11-03,17:59,26000,카드,보리굴비 정식,1,0
2025-11-03,18:05,21000,카드,묵은지 김치찜,1,0
2025-11-03,19:27,39000,카드,들기름 고등어 한상,3,0
2025-11-03,20:02,51000,카드,소복 정식,3,0
2025-11-03,20:09,17000,카드,소복 정식,1,0
2025-11-03,20:28,15000,간편결제,제철 반상,1,0
2025-11-03,20:39,39000,카드,들기름 고등어 한상,3,0
2025-11-03,20:43,15000,간편결제,제철 반상,1,0
2025-11-04,11:18,26000,카드,보리굴비 정식,1,0
2025-11-04,11:28,9000,카드,동치미 국수,1,0
2025-11-04,11:33,17000,카드,소복 정식,1,0
2025-11-04,11:41,9000,간편결제,동치미 국수,1,0
2025-11-04,11:47,26000,카드,들기름 고등어 한상,2,0
2025-11-04,11:49,26000,카드,보리굴비 정식,1,0
2025-11-04,11:58,6000,카드,계란말이 추가,1,0
2025-11-04,12:00,13000,카드,들기름 고등어 한상,1,0
2025-11-04,12:47,26000,카드,보리굴비 정식,1,0
2025-11-04,12:55,6000,카드,계란말이 추가,1,0
2025-11-04,12:57,17000,간편결제,소복 정식,1,0
2025-11-04,13:10,26000,카드,보리굴비 정식,1,0
2025-11-04,13:12,15000,카드,제철 반상,1,0
2025-11-04,13:12,15000,카드,제철 반상,1,0
2025-11-04,13:26,15000,현금,제철 반상,1,0
2025-11-04,13:27,51000,카드,소복 정식,3,0
2025-11-04,13:28,52000,카드,보리굴비 정식,2,0
2025-11-04,13:39,9000,카드,동치미 국수,1,0
2025-11-04,13:42,15000,현금,제철 반상,1,0
2025-11-04,13:54,17000,카드,소복 정식,1,0
2025-11-04,17:19,13000,카드,들기름 고등어 한상,1,0
2025-11-04,18:13,9000,간편결제,동치미 국수,1,0
2025-11-04,18:19,6000,카드,계란말이 추가,1,0
2025-11-04,18:42,21000,카드,묵은지 김치찜,1,0
2025-11-04,18:54,26000,카드,들기름 고등어 한상,2,0
2025-11-04,19:14,17000,현금,소복 정식,1,0
2025-11-04,19:28,15000,간편결제,제철 반상,1,0
2025-11-04,19:36,13000,간편결제,들기름 고등어 한상,1,0
2025-11-04,19:43,34000,현금,소복 정식,2,0
2025-11-04,20:26,21000,카드,묵은지 김치찜,1,0
2025-11-04,20:53,21000,카드,묵은지 김치찜,1,0
2025-11-05,11:14,13000,현금,들기름 고등어 한상,1,0
2025-11-05,11:17,18000,카드,동치미 국수,2,0
2025-11-05,11:23,26000,카드,보리굴비 정식,1,0
2025-11-05,11:41,15000,카드,제철 반상,1,0
2025-11-05,12:16,13000,간편결제,들기름 고등어 한상,1,0
2025-11-05,12:32,34000,카드,소복 정식,2,0
2025-11-05,13:01,26000,카드,보리굴비 정식,1,26000
2025-11-05,13:04,26000,현금,보리굴비 정식,1,0
2025-11-05,13:08,42000,카드,묵은지 김치찜,2,0
2025-11-05,13:16,26000,간편결제,들기름 고등어 한상,2,26000
2025-11-05,13:22,26000,카드,보리굴비 정식,1,0
2025-11-05,13:37,13000,카드,들기름 고등어 한상,1,0
2025-11-05,13:44,12000,카드,계란말이 추가,2,0
2025-11-05,17:33,26000,카드,보리굴비 정식,1,0
2025-11-05,17:44,63000,카드,묵은지 김치찜,3,0
2025-11-05,18:26,42000,카드,묵은지 김치찜,2,0
2025-11-05,18:38,6000,카드,계란말이 추가,1,0
2025-11-05,18:50,6000,카드,계란말이 추가,1,0
2025-11-05,19:07,34000,카드,소복 정식,2,0
2025-11-05,19:39,13000,카드,들기름 고등어 한상,1,0
2025-11-05,20:04,9000,카드,동치미 국수,1,0
2025-11-05,20:14,13000,카드,들기름 고등어 한상,1,0
2025-11-05,20:51,26000,카드,들기름 고등어 한상,2,0
2025-11-05,20:55,30000,카드,제철 반상,2,0
2025-11-05,20:58,26000,카드,보리굴비 정식,1,0
2025-11-06,11:46,26000,간편결제,보리굴비 정식,1,0
2025-11-06,11:56,30000,간편결제,제철 반상,2,0
2025-11-06,12:10,9000,카드,동치미 국수,1,0
2025-11-06,12:42,17000,카드,소복 정식,1,0
2025-11-06,12:46,6000,카드,계란말이 추가,1,0
2025-11-06,12:47,13000,카드,들기름 고등어 한상,1,0
2025-11-06,12:50,15000,카드,제철 반상,1,0
2025-11-06,13:15,17000,카드,소복 정식,1,0
2025-11-06,13:17,39000,카드,들기름 고등어 한상,3,0
2025-11-06,13:18,15000,간편결제,제철 반상,1,0
2025-11-06,13:21,6000,간편결제,계란말이 추가,1,0
2025-11-06,13:22,26000,카드,보리굴비 정식,1,0
2025-11-06,13:28,26000,간편결제,보리굴비 정식,1,0
2025-11-06,13:31,17000,카드,소복 정식,1,0
2025-11-06,13:38,21000,간편결제,묵은지 김치찜,1,0
2025-11-06,13:41,17000,간편결제,소복 정식,1,0
2025-11-06,13:49,13000,카드,들기름 고등어 한상,1,0
2025-11-06,13:50,52000,카드,보리굴비 정식,2,0
2025-11-06,13:57,21000,카드,묵은지 김치찜,1,0
2025-11-06,17:12,30000,카드,제철 반상,2,0
2025-11-06,17:27,21000,카드,묵은지 김치찜,1,0
2025-11-06,17:36,15000,카드,제철 반상,1,0
2025-11-06,17:38,18000,카드,동치미 국수,2,0
2025-11-06,17:51,13000,카드,들기름 고등어 한상,1,0
2025-11-06,17:54,21000,간편결제,묵은지 김치찜,1,21000
2025-11-06,17:58,18000,카드,계란말이 추가,3,0
2025-11-06,18:08,42000,카드,묵은지 김치찜,2,0
2025-11-06,19:04,6000,카드,계란말이 추가,1,0
2025-11-06,19:07,15000,현금,제철 반상,1,0
2025-11-06,19:10,17000,카드,소복 정식,1,0
2025-11-06,20:08,13000,카드,들기름 고등어 한상,1,0
2025-11-06,20:14,17000,카드,소복 정식,1,0
2025-11-06,20:23,21000,카드,묵은지 김치찜,1,0
2025-11-06,20:26,30000,카드,제철 반상,2,0
2025-11-06,20:40,6000,간편결제,계란말이 추가,1,0
2025-11-06,20:41,17000,카드,소복 정식,1,0
2025-11-06,20:57,12000,간편결제,계란말이 추가,2,0
2025-11-07,11:05,15000,카드,제철 반상,1,0
2025-11-07,11:08,21000,카드,묵은지 김치찜,1,0
2025-11-07,11:09,26000,카드,보리굴비 정식,1,0
2025-11-07,11:19,17000,카드,소복 정식,1,0
2025-11-07,11:20,30000,현금,제철 반상,2,0
2025-11-07,11:24,13000,카드,들기름 고등어 한상,1,0
2025-11-07,11:37,26000,카드,보리굴비 정식,1,0
2025-11-07,11:43,21000,간편결제,묵은지 김치찜,1,0
2025-11-07,11:44,26000,카드,들기름 고등어 한상,2,0
2025-11-07,12:21,21000,간편결제,묵은지 김치찜,1,0
2025-11-07,12:23,13000,카드,들기름 고등어 한상,1,0
2025-11-07,12:52,6000,카드,계란말이 추가,1,0
2025-11-07,12:54,17000,카드,소복 정식,1,0
2025-11-07,12:59,9000,카드,동치미 국수,1,0
2025-11-07,13:15,9000,카드,동치미 국수,1,0
2025-11-07,13:26,15000,카드,제철 반상,1,0
2025-11-07,13:43,13000,카드,들기름 고등어 한상,1,0
2025-11-07,13:45,17000,카드,소복 정식,1,0
2025-11-07,13:49,34000,카드,소복 정식,2,0
2025-11-07,13:53,13000,카드,들기름 고등어 한상,1,0
2025-11-07,17:11,26000,카드,보리굴비 정식,1,0
2025-11-07,17:50,26000,카드,보리굴비 정식,1,0
2025-11-07,17:53,17000,카드,소복 정식,1,0
2025-11-07,17:56,17000,카드,소복 정식,1,0
2025-11-07,18:15,18000,카드,동치미 국수,2,0
2025-11-07,18:27,9000,간편결제,동치미 국수,1,0
2025-11-07,19:03,42000,현금,묵은지 김치찜,2,0
2025-11-07,19:04,9000,카드,동치미 국수,1,0
2025-11-07,19:15,6000,간편결제,계란말이 추가,1,0
2025-11-07,19:22,17000,간편결제,소복 정식,1,0
2025-11-07,19:30,17000,간편결제,소복 정식,1,0
2025-11-07,19:33,42000,카드,묵은지 김치찜,2,0
2025-11-07,19:39,26000,간편결제,보리굴비 정식,1,0
2025-11-07,19:41,13000,카드,들기름 고등어 한상,1,0
2025-11-07,20:11,13000,간편결제,들기름 고등어 한상,1,0
2025-11-07,20:12,15000,카드,제철 반상,1,0
2025-11-07,20:21,30000,카드,제철 반상,2,0
2025-11-07,20:23,9000,간편결제,동치미 국수,1,0
2025-11-07,20:41,78000,카드,보리굴비 정식,3,0
2025-11-07,20:44,34000,간편결제,소복 정식,2,0
2025-11-07,20:52,17000,카드,소복 정식,1,0
2025-11-07,20:59,6000,카드,계란말이 추가,1,0
2025-11-08,11:12,17000,카드,소복 정식,1,0
2025-11-08,11:26,15000,카드,제철 반상,1,0
2025-11-08,11:29,6000,카드,계란말이 추가,1,0
2025-11-08,11:54,63000,카드,묵은지 김치찜,3,0
2025-11-08,11:55,52000,카드,보리굴비 정식,2,0
2025-11-08,12:09,6000,현금,계란말이 추가,1,0
2025-11-08,12:10,15000,카드,제철 반상,1,0
2025-11-08,12:12,21000,카드,묵은지 김치찜,1,0
2025-11-08,12:17,26000,카드,보리굴비 정식,1,0
2025-11-08,12:20,17000,카드,소복 정식,1,0
2025-11-08,12:38,26000,카드,보리굴비 정식,1,0
2025-11-08,12:55,17000,카드,소복 정식,1,0
2025-11-08,13:02,26000,카드,보리굴비 정식,1,0
2025-11-08,13:04,6000,카드,계란말이 추가,1,0
2025-11-08,13:04,26000,카드,보리굴비 정식,1,0
2025-11-08,13:21,15000,현금,제철 반상,1,0
2025-11-08,13:22,15000,카드,제철 반상,1,0
2025-11-08,13:29,15000,카드,제철 반상,1,0
2025-11-08,13:43,15000,카드,제철 반상,1,0
2025-11-08,17:14,34000,카드,소복 정식,2,0
2025-11-08,17:37,6000,간편결제,계란말이 추가,1,0
2025-11-08,17:53,17000,카드,소복 정식,1,0
2025-11-08,18:34,9000,간편결제,동치미 국수,1,0
2025-11-08,18:47,6000,카드,계란말이 추가,1,0
2025-11-08,18:50,13000,간편결제,들기름 고등어 한상,1,0
2025-11-08,18:55,9000,카드,동치미 국수,1,0
2025-11-08,19:33,26000,카드,보리굴비 정식,1,0
2025-11-08,20:09,18000,카드,동치미 국수,2,0
2025-11-08,20:28,6000,카드,계란말이 추가,1,0
2025-11-08,20:51,6000,카드,계란말이 추가,1,0
2025-11-08,20:58,6000,간편결제,계란말이 추가,1,0
2025-11-09,11:21,15000,카드,제철 반상,1,0
2025-11-09,11:26,15000,카드,제철 반상,1,0
2025-11-09,11:30,6000,간편결제,계란말이 추가,1,0
2025-11-09,11:32,34000,카드,소복 정식,2,0
2025-11-09,11:59,21000,카드,묵은지 김치찜,1,0
2025-11-09,12:00,13000,카드,들기름 고등어 한상,1,0
2025-11-09,12:42,9000,카드,동치미 국수,1,0
2025-11-09,12:50,15000,카드,제철 반상,1,0
2025-11-09,12:51,26000,현금,보리굴비 정식,1,0
2025-11-09,17:01,6000,현금,계란말이 추가,1,0
2025-11-09,17:15,6000,카드,계란말이 추가,1,0
2025-11-09,17:18,6000,현금,계란말이 추가,1,0
2025-11-09,17:18,17000,카드,소복 정식,1,0
2025-11-09,17:57,9000,현금,동치미 국수,1,0
2025-11-09,18:07,21000,현금,묵은지 김치찜,1,0
2025-11-09,18:08,21000,카드,묵은지 김치찜,1,0
2025-11-09,18:19,26000,카드,보리굴비 정식,1,0
2025-11-09,18:46,39000,간편결제,들기름 고등어 한상,3,0
2025-11-09,19:07,17000,카드,소복 정식,1,0
2025-11-09,19:24,21000,카드,묵은지 김치찜,1,0
2025-11-09,20:06,18000,카드,동치미 국수,2,0
2025-11-09,20:21,13000,카드,들기름 고등어 한상,1,0
2025-11-09,20:36,6000,간편결제,계란말이 추가,1,0
2025-11-09,20:44,21000,카드,묵은지 김치찜,1,0
2025-11-11,11:07,52000,간편결제,보리굴비 정식,2,0
2025-11-11,11:26,6000,카드,계란말이 추가,1,0
2025-11-11,11:28,9000,카드,동치미 국수,1,0
2025-11-11,12:15,6000,카드,계란말이 추가,1,0
2025-11-11,12:21,13000,카드,들기름 고등어 한상,1,0
2025-11-11,12:29,26000,카드,보리굴비 정식,1,0
2025-11-11,13:15,26000,카드,들기름 고등어 한상,2,0
2025-11-11,13:16,26000,현금,보리굴비 정식,1,0
2025-11-11,13:53,6000,카드,계란말이 추가,1,0
2025-11-11,17:02,15000,간편결제,제철 반상,1,0
2025-11-11,17:06,15000,카드,제철 반상,1,0
2025-11-11,17:25,39000,카드,들기름 고등어 한상,3,0
2025-11-11,17:25,9000,카드,동치미 국수,1,0
2025-11-11,17:27,42000,카드,묵은지 김치찜,2,0
2025-11-11,17:27,21000,현금,묵은지 김치찜,1,0
2025-11-11,18:03,26000,카드,보리굴비 정식,1,0
2025-11-11,18:07,15000,카드,제철 반상,1,0
2025-11-11,18:22,30000,간편결제,제철 반상,2,0
2025-11-11,18:30,21000,카드,묵은지 김치찜,1,0
2025-11-11,18:43,18000,카드,동치미 국수,2,0
2025-11-11,18:51,42000,간편결제,묵은지 김치찜,2,0
2025-11-11,19:04,6000,카드,계란말이 추가,1,0
2025-11-11,19:10,17000,카드,소복 정식,1,0
2025-11-11,19:16,39000,간편결제,들기름 고등어 한상,3,0
2025-11-11,19:46,6000,카드,계란말이 추가,1,0
2025-11-11,20:01,9000,카드,동치미 국수,1,0
2025-11-11,20:12,9000,카드,동치미 국수,1,0
2025-11-11,20:34,15000,카드,제철 반상,1,0
2025-11-11,20:50,9000,카드,동치미 국수,1,0
2025-11-12,11:19,21000,카드,묵은지 김치찜,1,0
2025-11-12,11:34,15000,현금,제철 반상,1,0
2025-11-12,11:49,9000,간편결제,동치미 국수,1,0
2025-11-12,11:57,26000,간편결제,보리굴비 정식,1,0
2025-11-12,12:19,45000,카드,제철 반상,3,0
2025-11-12,12:25,26000,간편결제,보리굴비 정식,1,0
2025-11-12,12:31,21000,카드,묵은지 김치찜,1,0
2025-11-12,12:38,6000,카드,계란말이 추가,1,0
2025-11-12,12:45,9000,카드,동치미 국수,1,0
2025-11-12,12:45,15000,현금,제철 반상,1,0
2025-11-12,13:03,17000,간편결제,소복 정식,1,0
2025-11-12,13:22,13000,카드,들기름 고등어 한상,1,0
2025-11-12,13:26,21000,카드,묵은지 김치찜,1,0
2025-11-12,13:30,9000,카드,동치미 국수,1,0
2025-11-12,13:38,42000,카드,묵은지 김치찜,2,0
2025-11-12,13:39,6000,카드,계란말이 추가,1,0
2025-11-12,13:42,21000,카드,묵은지 김치찜,1,0
2025-11-12,17:45,26000,카드,보리굴비 정식,1,0
2025-11-12,18:09,17000,카드,소복 정식,1,0
2025-11-12,18:21,6000,카드,계란말이 추가,1,0
2025-11-12,18:37,42000,카드,묵은지 김치찜,2,0
2025-11-12,18:43,18000,카드,동치미 국수,2,0
2025-11-12,18:48,21000,간편결제,묵은지 김치찜,1,0
2025-11-12,19:32,6000,카드,계란말이 추가,1,0
2025-11-12,19:33,26000,간편결제,보리굴비 정식,1,0
2025-11-12,19:34,26000,카드,보리굴비 정식,1,0
2025-11-12,19:51,26000,카드,보리굴비 정식,1,0
2025-11-12,19:53,12000,카드,계란말이 추가,2,0
2025-11-12,20:05,9000,카드,동치미 국수,1,0
2025-11-12,20:48,17000,카드,소복 정식,1,0
2025-11-13,11:13,17000,간편결제,소복 정식,1,0
2025-11-13,11:53,12000,카드,계란말이 추가,2,0
2025-11-13,12:03,13000,카드,들기름 고등어 한상,1,0
2025-11-13,12:17,6000,간편결제,계란말이 추가,1,0
2025-11-13,12:18,52000,간편결제,보리굴비 정식,2,0
2025-11-13,12:34,30000,카드,제철 반상,2,0
2025-11-13,13:12,42000,카드,묵은지 김치찜,2,0
2025-11-13,13:16,6000,현금,계란말이 추가,1,0
2025-11-13,13:26,15000,카드,제철 반상,1,0
2025-11-13,13:29,6000,카드,계란말이 추가,1,0
2025-11-13,13:44,21000,카드,묵은지 김치찜,1,0
2025-11-13,13:50,9000,카드,동치미 국수,1,0
2025-11-13,13:51,9000,카드,동치미 국수,1,0
2025-11-13,17:34,63000,카드,묵은지 김치찜,3,0
2025-11-13,17:44,26000,카드,들기름 고등어 한상,2,0
2025-11-13,17:45,26000,카드,들기름 고등어 한상,2,0
2025-11-13,18:26,17000,간편결제,소복 정식,1,0
2025-11-13,18:46,26000,카드,보리굴비 정식,1,0
2025-11-13,18:47,26000,카드,보리굴비 정식,1,0
2025-11-13,18:57,13000,카드,들기름 고등어 한상,1,0
2025-11-13,19:03,9000,카드,동치미 국수,1,0
2025-11-13,19:14,15000,카드,제철 반상,1,0
2025-11-13,19:24,12000,현금,계란말이 추가,2,0
2025-11-13,19:35,17000,간편결제,소복 정식,1,0
2025-11-13,19:42,17000,간편결제,소복 정식,1,0
2025-11-13,19:47,42000,카드,묵은지 김치찜,2,0
2025-11-13,19:59,15000,카드,제철 반상,1,0
2025-11-13,20:04,51000,카드,소복 정식,3,0
2025-11-13,20:19,26000,카드,들기름 고등어 한상,2,0
2025-11-13,20:19,9000,카드,동치미 국수,1,0
2025-11-13,20:20,21000,간편결제,묵은지 김치찜,1,0
2025-11-13,20:39,17000,카드,소복 정식,1,0
2025-11-13,20:43,17000,카드,소복 정식,1,0
2025-11-13,20:46,30000,카드,제철 반상,2,0
2025-11-13,20:59,9000,카드,동치미 국수,1,0
2025-11-14,11:04,13000,카드,들기름 고등어 한상,1,0
2025-11-14,11:11,18000,카드,계란말이 추가,3,0
2025-11-14,11:13,42000,카드,묵은지 김치찜,2,0
2025-11-14,11:19,9000,카드,동치미 국수,1,9000
2025-11-14,11:28,34000,카드,소복 정식,2,0
2025-11-14,11:45,13000,카드,들기름 고등어 한상,1,0
2025-11-14,11:45,13000,간편결제,들기름 고등어 한상,1,0
2025-11-14,11:50,21000,카드,묵은지 김치찜,1,0
2025-11-14,11:51,9000,간편결제,동치미 국수,1,0
2025-11-14,12:18,21000,카드,묵은지 김치찜,1,0
2025-11-14,12:38,13000,현금,들기름 고등어 한상,1,0
2025-11-14,12:45,6000,카드,계란말이 추가,1,0
2025-11-14,12:54,42000,현금,묵은지 김치찜,2,0
2025-11-14,12:58,78000,카드,보리굴비 정식,3,0
2025-11-14,13:02,17000,카드,소복 정식,1,0
2025-11-14,13:29,18000,카드,동치미 국수,2,0
2025-11-14,13:38,21000,카드,묵은지 김치찜,1,0
2025-11-14,13:41,21000,카드,묵은지 김치찜,1,0
2025-11-14,13:46,9000,카드,동치미 국수,1,0
2025-11-14,13:55,52000,카드,보리굴비 정식,2,0
2025-11-14,17:05,15000,카드,제철 반상,1,0
2025-11-14,17:16,6000,카드,계란말이 추가,1,0
2025-11-14,17:28,15000,간편결제,제철 반상,1,0
2025-11-14,17:52,9000,카드,동치미 국수,1,0
2025-11-14,17:53,17000,카드,소복 정식,1,0
2025-11-14,17:53,21000,간편결제,묵은지 김치찜,1,0
2025-11-14,17:56,12000,카드,계란말이 추가,2,0
2025-11-14,18:00,26000,간편결제,보리굴비 정식,1,0
2025-11-14,18:02,17000,카드,소복 정식,1,0
2025-11-14,18:19,6000,카드,계란말이 추가,1,0
2025-11-14,18:20,15000,카드,제철 반상,1,0
2025-11-14,18:22,6000,현금,계란말이 추가,1,0
2025-11-14,18:53,17000,카드,소복 정식,1,0
2025-11-14,19:00,34000,카드,소복 정식,2,0
2025-11-14,19:00,21000,카드,묵은지 김치찜,1,0
2025-11-14,19:11,21000,카드,묵은지 김치찜,1,0
2025-11-14,19:28,13000,간편결제,들기름 고등어 한상,1,0
2025-11-14,19:34,9000,간편결제,동치미 국수,1,0
2025-11-14,19:35,17000,카드,소복 정식,1,0
2025-11-14,19:56,34000,카드,소복 정식,2,0
2025-11-14,20:11,52000,카드,보리굴비 정식,2,0
2025-11-14,20:19,17000,카드,소복 정식,1,0
2025-11-14,20:34,6000,카드,계란말이 추가,1,0
2025-11-14,20:53,9000,카드,동치미 국수,1,0
2025-11-14,20:54,6000,카드,계란말이 추가,1,0
2025-11-15,11:07,13000,카드,들기름 고등어 한상,1,0
2025-11-15,11:17,30000,간편결제,제철 반상,2,0
2025-11-15,11:24,9000,카드,동치미 국수,1,0
2025-11-15,11:26,9000,카드,동치미 국수,1,0
2025-11-15,11:28,21000,현금,묵은지 김치찜,1,0
2025-11-15,11:35,26000,카드,보리굴비 정식,1,0
2025-11-15,11:41,27000,간편결제,동치미 국수,3,0
2025-11-15,11:42,12000,카드,계란말이 추가,2,0
2025-11-15,11:53,9000,간편결제,동치미 국수,1,0
2025-11-15,11:56,9000,카드,동치미 국수,1,0
2025-11-15,12:01,13000,카드,들기름 고등어 한상,1,0
2025-11-15,12:32,9000,카드,동치미 국수,1,0
2025-11-15,12:40,6000,카드,계란말이 추가,1,0
2025-11-15,12:58,15000,카드,제철 반상,1,0
2025-11-15,13:00,13000,간편결제,들기름 고등어 한상,1,0
2025-11-15,13:03,13000,카드,들기름 고등어 한상,1,0
2025-11-15,13:50,9000,카드,동치미 국수,1,0
2025-11-15,13:52,6000,간편결제,계란말이 추가,1,0
2025-11-15,17:14,6000,카드,계란말이 추가,1,0
2025-11-15,17:18,6000,카드,계란말이 추가,1,0
2025-11-15,17:39,9000,카드,동치미 국수,1,0
2025-11-15,17:41,26000,카드,보리굴비 정식,1,0
2025-11-15,17:49,45000,카드,제철 반상,3,0
2025-11-15,18:23,12000,카드,계란말이 추가,2,0
2025-11-15,18:29,17000,현금,소복 정식,1,0
2025-11-15,18:44,21000,카드,묵은지 김치찜,1,0
2025-11-15,19:19,42000,카드,묵은지 김치찜,2,0
2025-11-15,19:38,34000,카드,소복 정식,2,0
2025-11-15,20:01,21000,간편결제,묵은지 김치찜,1,0
2025-11-15,20:03,18000,카드,동치미 국수,2,0
2025-11-15,20:10,13000,카드,들기름 고등어 한상,1,0
2025-11-15,20:14,9000,간편결제,동치미 국수,1,0
2025-11-15,20:30,9000,카드,동치미 국수,1,0
2025-11-15,20:40,26000,카드,보리굴비 정식,1,0
2025-11-15,20:43,26000,카드,들기름 고등어 한상,2,0
2025-11-15,20:50,21000,카드,묵은지 김치찜,1,0
2025-11-16,11:09,9000,카드,동치미 국수,1,0
2025-11-16,11:14,6000,카드,계란말이 추가,1,0
2025-11-16,11:35,26000,카드,들기름 고등어 한상,2,0
2025-11-16,11:51,17000,카드,소복 정식,1,0
2025-11-16,11:55,9000,카드,동치미 국수,1,0
2025-11-16,12:01,21000,카드,묵은지 김치찜,1,0
2025-11-16,12:06,15000,간편결제,제철 반상,1,0
2025-11-16,12:13,12000,카드,계란말이 추가,2,0
2025-11-16,12:16,9000,카드,동치미 국수,1,0
2025-11-16,12:55,30000,카드,제철 반상,2,0
2025-11-16,13:20,17000,카드,소복 정식,1,0
2025-11-16,13:31,26000,카드,보리굴비 정식,1,0
2025-11-16,13:46,15000,간편결제,제철 반상,1,0
2025-11-16,17:49,21000,카드,묵은지 김치찜,1,0
2025-11-16,18:02,13000,카드,들기름 고등어 한상,1,0
2025-11-16,18:19,17000,카드,소복 정식,1,0
2025-11-16,18:23,15000,카드,제철 반상,1,0
2025-11-16,18:24,17000,카드,소복 정식,1,0
2025-11-16,18:49,51000,카드,소복 정식,3,0
2025-11-16,19:30,21000,현금,묵은지 김치찜,1,0
2025-11-16,19:56,12000,카드,계란말이 추가,2,0
2025-11-16,20:40,21000,카드,묵은지 김치찜,1,0
2025-11-16,20:46,30000,간편결제,제철 반상,2,0
2025-11-17,11:01,21000,간편결제,묵은지 김치찜,1,0
2025-11-17,11:19,6000,카드,계란말이 추가,1,0
2025-11-17,11:26,9000,카드,동치미 국수,1,0
2025-11-17,11:27,13000,카드,들기름 고등어 한상,1,0
2025-11-17,11:44,6000,카드,계란말이 추가,1,0
2025-11-17,12:00,17000,카드,소복 정식,1,0
2025-11-17,12:07,6000,카드,계란말이 추가,1,0
2025-11-17,12:23,21000,현금,묵은지 김치찜,1,0
2025-11-17,13:01,42000,간편결제,묵은지 김치찜,2,0
2025-11-17,13:43,34000,현금,소복 정식,2,0
2025-11-17,13:44,30000,카드,제철 반상,2,0
2025-11-17,13:56,13000,간편결제,들기름 고등어 한상,1,0
2025-11-17,17:06,21000,현금,묵은지 김치찜,1,0
2025-11-17,17:08,18000,카드,동치미 국수,2,0
2025-11-17,17:15,21000,카드,묵은지 김치찜,1,0
2025-11-17,17:21,26000,카드,보리굴비 정식,1,0
2025-11-17,17:43,17000,카드,소복 정식,1,0
2025-11-17,18:21,9000,카드,동치미 국수,1,0
2025-11-17,18:39,21000,카드,묵은지 김치찜,1,0
2025-11-17,19:12,15000,카드,제철 반상,1,0
2025-11-17,19:15,52000,카드,보리굴비 정식,2,0
2025-11-17,19:19,13000,카드,들기름 고등어 한상,1,0
2025-11-17,19:42,15000,카드,제철 반상,1,0
2025-11-17,19:53,9000,카드,동치미 국수,1,0
2025-11-17,19:54,26000,카드,보리굴비 정식,1,0
2025-11-17,19:58,12000,카드,계란말이 추가,2,0
2025-11-17,20:22,15000,카드,제철 반상,1,0
2025-11-18,11:00,9000,카드,동치미 국수,1,0
2025-11-18,11:20,18000,카드,계란말이 추가,3,0
2025-11-18,11:26,17000,카드,소복 정식,1,0
2025-11-18,11:33,9000,카드,동치미 국수,1,0
2025-11-18,11:45,12000,카드,계란말이 추가,2,0
2025-11-18,12:00,26000,카드,보리굴비 정식,1,0
2025-11-18,12:01,12000,카드,계란말이 추가,2,0
2025-11-18,12:10,17000,카드,소복 정식,1,0
2025-11-18,12:30,12000,카드,계란말이 추가,2,0
2025-11-18,12:36,9000,간편결제,동치미 국수,1,0
2025-11-18,12:47,13000,카드,들기름 고등어 한상,1,0
2025-11-18,13:08,9000,간편결제,동치미 국수,1,0
2025-11-18,13:15,12000,카드,계란말이 추가,2,0
2025-11-18,13:31,17000,카드,소복 정식,1,0
2025-11-18,13:46,13000,카드,들기름 고등어 한상,1,0
2025-11-18,17:54,15000,카드,제철 반상,1,0
2025-11-18,18:04,26000,간편결제,보리굴비 정식,1,0
2025-11-18,18:10,21000,간편결제,묵은지 김치찜,1,0
2025-11-18,18:22,15000,카드,제철 반상,1,0
2025-11-18,18:39,15000,간편결제,제철 반상,1,0
2025-11-18,18:50,13000,카드,들기름 고등어 한상,1,0
2025-11-18,19:10,30000,카드,제철 반상,2,0
2025-11-18,19:18,27000,카드,동치미 국수,3,0
2025-11-18,19:54,63000,카드,묵은지 김치찜,3,0
2025-11-18,20:09,34000,카드,소복 정식,2,0
2025-11-18,20:23,6000,카드,계란말이 추가,1,0
2025-11-18,20:25,9000,카드,동치미 국수,1,0
2025-11-18,20:46,9000,카드,동치미 국수,1,0
2025-11-18,20:47,26000,간편결제,들기름 고등어 한상,2,0
2025-11-18,20:48,42000,카드,묵은지 김치찜,2,0
2025-11-19,11:24,15000,카드,제철 반상,1,0
2025-11-19,12:22,17000,현금,소복 정식,1,0
2025-11-19,12:32,13000,현금,들기름 고등어 한상,1,0
2025-11-19,12:58,52000,카드,보리굴비 정식,2,0
2025-11-19,13:23,26000,카드,들기름 고등어 한상,2,0
2025-11-19,13:30,39000,카드,들기름 고등어 한상,3,0
2025-11-19,13:36,21000,현금,묵은지 김치찜,1,0
2025-11-19,13:46,12000,현금,계란말이 추가,2,0
2025-11-19,13:57,13000,카드,들기름 고등어 한상,1,0
2025-11-19,17:11,13000,카드,들기름 고등어 한상,1,0
2025-11-19,17:17,18000,카드,동치미 국수,2,0
2025-11-19,17:23,9000,카드,동치미 국수,1,0
2025-11-19,17:26,15000,카드,제철 반상,1,0
2025-11-19,17:28,21000,카드,묵은지 김치찜,1,21000
2025-11-19,17:41,6000,카드,계란말이 추가,1,0
2025-11-19,17:52,26000,카드,보리굴비 정식,1,0
2025-11-19,17:53,26000,카드,보리굴비 정식,1,0
2025-11-19,18:03,17000,현금,소복 정식,1,0
2025-11-19,18:09,21000,카드,묵은지 김치찜,1,0
2025-11-19,18:21,9000,간편결제,동치미 국수,1,0
2025-11-19,18:32,12000,간편결제,계란말이 추가,2,0
2025-11-19,18:51,13000,카드,들기름 고등어 한상,1,0
2025-11-19,19:40,21000,카드,묵은지 김치찜,1,0
2025-11-19,19:50,17000,카드,소복 정식,1,0
2025-11-19,19:51,13000,카드,들기름 고등어 한상,1,0
2025-11-19,20:04,12000,카드,계란말이 추가,2,0
2025-11-19,20:11,6000,카드,계란말이 추가,1,0
2025-11-19,20:45,42000,간편결제,묵은지 김치찜,2,0
2025-11-19,20:53,17000,간편결제,소복 정식,1,0
2025-11-20,11:01,26000,카드,보리굴비 정식,1,0
2025-11-20,11:25,12000,카드,계란말이 추가,2,0
2025-11-20,12:03,9000,카드,동치미 국수,1,0
2025-11-20,12:12,42000,카드,묵은지 김치찜,2,0
2025-11-20,12:15,34000,현금,소복 정식,2,0
2025-11-20,12:23,15000,간편결제,제철 반상,1,0
2025-11-20,12:26,12000,카드,계란말이 추가,2,0
2025-11-20,12:28,9000,카드,동치미 국수,1,0
2025-11-20,12:36,17000,간편결제,소복 정식,1,0
2025-11-20,12:51,6000,카드,계란말이 추가,1,0
2025-11-20,12:58,52000,카드,보리굴비 정식,2,0
2025-11-20,13:01,12000,간편결제,계란말이 추가,2,0
2025-11-20,13:11,17000,카드,소복 정식,1,0
2025-11-20,13:54,26000,카드,보리굴비 정식,1,0
2025-11-20,13:58,26000,카드,보리굴비 정식,1,0
2025-11-20,17:09,63000,현금,묵은지 김치찜,3,0
2025-11-20,17:19,13000,현금,들기름 고등어 한상,1,0
2025-11-20,17:52,9000,카드,동치미 국수,1,0
2025-11-20,18:08,52000,카드,보리굴비 정식,2,0
2025-11-20,18:11,15000,카드,제철 반상,1,0
2025-11-20,18:24,30000,카드,제철 반상,2,0
2025-11-20,18:29,17000,카드,소복 정식,1,0
2025-11-20,18:35,6000,카드,계란말이 추가,1,0
2025-11-20,18:35,6000,카드,계란말이 추가,1,0
2025-11-20,18:55,17000,간편결제,소복 정식,1,0
2025-11-20,19:03,42000,간편결제,묵은지 김치찜,2,0
2025-11-20,19:05,21000,카드,묵은지 김치찜,1,0
2025-11-20,19:09,18000,현금,동치미 국수,2,0
2025-11-20,19:26,6000,카드,계란말이 추가,1,0
2025-11-20,19:40,13000,카드,들기름 고등어 한상,1,0
2025-11-20,20:02,30000,카드,제철 반상,2,0
2025-11-20,20:05,26000,카드,보리굴비 정식,1,0
2025-11-20,20:52,21000,카드,묵은지 김치찜,1,0
2025-11-20,20:58,52000,카드,보리굴비 정식,2,0
2025-11-21,11:01,17000,카드,소복 정식,1,0
2025-11-21,11:08,26000,카드,보리굴비 정식,1,0
2025-11-21,11:10,52000,카드,보리굴비 정식,2,0
2025-11-21,11:11,30000,간편결제,제철 반상,2,0
2025-11-21,11:49,9000,현금,동치미 국수,1,0
2025-11-21,11:50,26000,간편결제,들기름 고등어 한상,2,0
2025-11-21,11:56,34000,카드,소복 정식,2,0
2025-11-21,12:42,34000,간편결제,소복 정식,2,0
2025-11-21,12:47,13000,현금,들기름 고등어 한상,1,0
2025-11-21,12:50,9000,간편결제,동치미 국수,1,0
2025-11-21,12:55,15000,카드,제철 반상,1,0
2025-11-21,12:57,39000,카드,들기름 고등어 한상,3,0
2025-11-21,13:11,15000,카드,제철 반상,1,0
2025-11-21,13:13,21000,카드,묵은지 김치찜,1,0
2025-11-21,13:35,17000,카드,소복 정식,1,0
2025-11-21,13:39,26000,카드,보리굴비 정식,1,0
2025-11-21,13:51,6000,카드,계란말이 추가,1,0
2025-11-21,17:01,18000,카드,동치미 국수,2,0
2025-11-21,17:37,13000,카드,들기름 고등어 한상,1,0
2025-11-21,17:39,26000,카드,보리굴비 정식,1,0
2025-11-21,17:54,9000,카드,동치미 국수,1,0
2025-11-21,18:00,17000,카드,소복 정식,1,0
2025-11-21,18:03,34000,카드,소복 정식,2,0
2025-11-21,18:27,17000,간편결제,소복 정식,1,0
2025-11-21,18:39,21000,카드,묵은지 김치찜,1,0
2025-11-21,18:57,17000,카드,소복 정식,1,0
2025-11-21,19:01,9000,카드,동치미 국수,1,0
2025-11-21,19:29,18000,카드,동치미 국수,2,0
2025-11-21,19:36,9000,카드,동치미 국수,1,0
2025-11-21,19:41,17000,간편결제,소복 정식,1,0
2025-11-21,20:06,13000,간편결제,들기름 고등어 한상,1,0
2025-11-21,20:08,21000,카드,묵은지 김치찜,1,0
2025-11-21,20:50,9000,카드,동치미 국수,1,0
2025-11-22,11:35,30000,간편결제,제철 반상,2,0
2025-11-22,11:46,9000,카드,동치미 국수,1,9000
2025-11-22,11:50,9000,카드,동치미 국수,1,0
2025-11-22,11:57,6000,카드,계란말이 추가,1,0
2025-11-22,12:12,26000,카드,보리굴비 정식,1,0
2025-11-22,12:13,15000,현금,제철 반상,1,0
2025-11-22,13:09,15000,카드,제철 반상,1,0
2025-11-22,13:43,15000,카드,제철 반상,1,0
2025-11-22,13:43,21000,간편결제,묵은지 김치찜,1,0
2025-11-22,13:44,78000,카드,보리굴비 정식,3,0
2025-11-22,13:48,17000,카드,소복 정식,1,0
2025-11-22,17:16,17000,간편결제,소복 정식,1,0
2025-11-22,17:23,15000,간편결제,제철 반상,1,0
2025-11-22,17:36,42000,카드,묵은지 김치찜,2,0
2025-11-22,17:48,26000,카드,들기름 고등어 한상,2,0
2025-11-22,17:49,6000,카드,계란말이 추가,1,0
2025-11-22,18:14,52000,현금,보리굴비 정식,2,0
2025-11-22,18:14,9000,카드,동치미 국수,1,0
2025-11-22,18:27,30000,간편결제,제철 반상,2,0
2025-11-22,18:30,6000,카드,계란말이 추가,1,0
2025-11-22,18:31,13000,간편결제,들기름 고등어 한상,1,0
2025-11-22,18:31,15000,카드,제철 반상,1,0
2025-11-22,18:47,17000,카드,소복 정식,1,0
2025-11-22,18:47,15000,현금,제철 반상,1,0
2025-11-22,18:55,13000,간편결제,들기름 고등어 한상,1,0
2025-11-22,18:59,17000,카드,소복 정식,1,0
2025-11-22,19:10,78000,카드,보리굴비 정식,3,0
2025-11-22,19:29,13000,간편결제,들기름 고등어 한상,1,0
2025-11-22,19:49,6000,간편결제,계란말이 추가,1,0
2025-11-22,19:53,26000,카드,보리굴비 정식,1,0
2025-11-22,20:13,26000,카드,보리굴비 정식,1,0
2025-11-22,20:28,12000,카드,계란말이 추가,2,0
2025-11-23,11:20,15000,카드,제철 반상,1,0
2025-11-23,11:23,42000,카드,묵은지 김치찜,2,0
2025-11-23,11:23,17000,카드,소복 정식,1,0
2025-11-23,11:34,63000,카드,묵은지 김치찜,3,0
2025-11-23,11:48,26000,간편결제,보리굴비 정식,1,0
2025-11-23,11:49,17000,카드,소복 정식,1,0
2025-11-23,12:06,6000,간편결제,계란말이 추가,1,0
2025-11-23,12:08,26000,카드,보리굴비 정식,1,0
2025-11-23,12:13,9000,카드,동치미 국수,1,0
2025-11-23,12:44,12000,카드,계란말이 추가,2,0
2025-11-23,12:57,13000,현금,들기름 고등어 한상,1,0
2025-11-23,13:02,21000,간편결제,묵은지 김치찜,1,0
2025-11-23,13:14,15000,카드,제철 반상,1,0
2025-11-23,13:15,15000,카드,제철 반상,1,0
2025-11-23,13:40,9000,카드,동치미 국수,1,0
2025-11-23,17:08,34000,카드,소복 정식,2,0
2025-11-23,17:24,21000,현금,묵은지 김치찜,1,0
2025-11-23,17:40,15000,카드,제철 반상,1,0
2025-11-23,17:53,15000,카드,제철 반상,1,0
2025-11-23,17:58,17000,카드,소복 정식,1,0
2025-11-23,18:05,15000,카드,제철 반상,1,0
2025-11-23,18:13,52000,카드,보리굴비 정식,2,0
2025-11-23,18:19,6000,카드,계란말이 추가,1,0
2025-11-23,18:19,13000,카드,들기름 고등어 한상,1,0
2025-11-23,18:40,13000,카드,들기름 고등어 한상,1,0
2025-11-23,18:51,21000,간편결제,묵은지 김치찜,1,0
2025-11-23,18:53,26000,현금,보리굴비 정식,1,0
2025-11-23,18:55,13000,카드,들기름 고등어 한상,1,0
2025-11-23,19:53,21000,카드,묵은지 김치찜,1,0
2025-11-23,20:55,52000,카드,보리굴비 정식,2,0
2025-11-25,11:01,21000,카드,묵은지 김치찜,1,0
2025-11-25,11:13,9000,간편결제,동치미 국수,1,0
2025-11-25,11:15,63000,카드,묵은지 김치찜,3,0
2025-11-25,11:28,15000,카드,제철 반상,1,0
2025-11-25,11:46,52000,카드,보리굴비 정식,2,0
2025-11-25,11:49,52000,카드,보리굴비 정식,2,0
2025-11-25,11:54,13000,간편결제,들기름 고등어 한상,1,0
2025-11-25,12:12,9000,카드,동치미 국수,1,0
2025-11-25,12:20,15000,카드,제철 반상,1,0
2025-11-25,12:23,13000,카드,들기름 고등어 한상,1,0
2025-11-25,12:54,18000,현금,동치미 국수,2,0
2025-11-25,13:15,26000,카드,보리굴비 정식,1,0
2025-11-25,13:23,30000,카드,제철 반상,2,0
2025-11-25,17:20,13000,카드,들기름 고등어 한상,1,0
2025-11-25,17:27,15000,현금,제철 반상,1,0
2025-11-25,18:00,26000,현금,보리굴비 정식,1,0
2025-11-25,18:24,42000,카드,묵은지 김치찜,2,0
2025-11-25,18:57,15000,간편결제,제철 반상,1,15000
2025-11-25,19:35,21000,카드,묵은지 김치찜,1,0
2025-11-25,19:54,26000,카드,보리굴비 정식,1,0
2025-11-25,19:57,17000,카드,소복 정식,1,0
2025-11-25,20:30,6000,카드,계란말이 추가,1,0
2025-11-25,20:49,21000,카드,묵은지 김치찜,1,21000
2025-11-25,20:49,45000,카드,제철 반상,3,0
2025-11-25,20:57,21000,간편결제,묵은지 김치찜,1,0
2025-11-26,11:02,17000,카드,소복 정식,1,0
2025-11-26,11:22,52000,간편결제,보리굴비 정식,2,0
2025-11-26,11:24,18000,카드,동치미 국수,2,0
2025-11-26,11:54,34000,간편결제,소복 정식,2,0
2025-11-26,12:00,6000,현금,계란말이 추가,1,0
2025-11-26,12:03,63000,현금,묵은지 김치찜,3,0
2025-11-26,13:12,34000,카드,소복 정식,2,0
2025-11-26,13:17,6000,카드,계란말이 추가,1,0
2025-11-26,13:17,9000,카드,동치미 국수,1,0
2025-11-26,13:49,34000,카드,소복 정식,2,0
2025-11-26,13:52,9000,카드,동치미 국수,1,0
2025-11-26,13:59,21000,카드,묵은지 김치찜,1,0
2025-11-26,17:04,42000,현금,묵은지 김치찜,2,0
2025-11-26,17:20,9000,카드,동치미 국수,1,0
2025-11-26,17:47,30000,현금,제철 반상,2,0
2025-11-26,17:59,26000,카드,들기름 고등어 한상,2,0
2025-11-26,18:06,17000,카드,소복 정식,1,0
2025-11-26,18:12,21000,카드,묵은지 김치찜,1,0
2025-11-26,18:20,15000,간편결제,제철 반상,1,0
2025-11-26,18:33,15000,카드,제철 반상,1,0
2025-11-26,18:34,6000,카드,계란말이 추가,1,0
2025-11-26,19:07,63000,간편결제,묵은지 김치찜,3,0
2025-11-26,19:08,17000,카드,소복 정식,1,0
2025-11-26,19:33,26000,카드,보리굴비 정식,1,0
2025-11-26,20:14,6000,카드,계란말이 추가,1,0
2025-11-26,20:26,17000,카드,소복 정식,1,0
2025-11-26,20:34,17000,간편결제,소복 정식,1,0
2025-11-26,20:35,9000,카드,동치미 국수,1,0
2025-11-26,20:46,18000,카드,동치미 국수,2,0
2025-11-27,11:01,13000,간편결제,들기름 고등어 한상,1,0
2025-11-27,11:17,9000,카드,동치미 국수,1,0
2025-11-27,11:19,13000,카드,들기름 고등어 한상,1,0
2025-11-27,11:29,9000,카드,동치미 국수,1,0
2025-11-27,11:37,6000,현금,계란말이 추가,1,0
2025-11-27,11:37,17000,카드,소복 정식,1,0
2025-11-27,11:40,15000,카드,제철 반상,1,0
2025-11-27,11:52,21000,카드,묵은지 김치찜,1,0
2025-11-27,11:54,6000,카드,계란말이 추가,1,6000
2025-11-27,11:57,34000,카드,소복 정식,2,0
2025-11-27,12:04,6000,카드,계란말이 추가,1,0
2025-11-27,12:05,9000,현금,동치미 국수,1,0
2025-11-27,12:32,15000,카드,제철 반상,1,0
2025-11-27,12:43,13000,카드,들기름 고등어 한상,1,0
2025-11-27,12:46,13000,카드,들기름 고등어 한상,1,0
2025-11-27,13:06,6000,현금,계란말이 추가,1,0
2025-11-27,13:14,18000,현금,계란말이 추가,3,0
2025-11-27,13:30,12000,카드,계란말이 추가,2,0
2025-11-27,13:33,42000,카드,묵은지 김치찜,2,0
2025-11-27,13:41,9000,간편결제,동치미 국수,1,0
2025-11-27,13:46,26000,카드,보리굴비 정식,1,0
2025-11-27,13:59,18000,카드,동치미 국수,2,0
2025-11-27,17:20,15000,카드,제철 반상,1,0
2025-11-27,17:20,15000,카드,제철 반상,1,0
2025-11-27,17:21,52000,카드,보리굴비 정식,2,0
2025-11-27,17:22,26000,카드,보리굴비 정식,1,0
2025-11-27,17:31,26000,카드,보리굴비 정식,1,0
2025-11-27,17:44,13000,카드,들기름 고등어 한상,1,0
2025-11-27,17:50,13000,간편결제,들기름 고등어 한상,1,0
2025-11-27,17:56,6000,카드,계란말이 추가,1,0
2025-11-27,18:08,26000,카드,들기름 고등어 한상,2,0
2025-11-27,18:10,9000,간편결제,동치미 국수,1,0
2025-11-27,18:43,27000,간편결제,동치미 국수,3,0
2025-11-27,19:30,21000,카드,묵은지 김치찜,1,0
2025-11-27,20:05,15000,현금,제철 반상,1,0
2025-11-27,20:17,26000,카드,보리굴비 정식,1,0
2025-11-27,20:51,21000,현금,묵은지 김치찜,1,0
2025-11-28,11:15,9000,간편결제,동치미 국수,1,0
2025-11-28,11:20,17000,카드,소복 정식,1,0
2025-11-28,11:31,26000,카드,들기름 고등어 한상,2,0
2025-11-28,11:42,12000,간편결제,계란말이 추가,2,0
2025-11-28,12:20,26000,카드,보리굴비 정식,1,0
2025-11-28,12:23,34000,카드,소복 정식,2,0
2025-11-28,13:02,9000,카드,동치미 국수,1,0
2025-11-28,13:11,9000,간편결제,동치미 국수,1,0
2025-11-28,13:14,45000,카드,제철 반상,3,0
2025-11-28,13:22,26000,카드,들기름 고등어 한상,2,0
2025-11-28,13:51,15000,카드,제철 반상,1,0
2025-11-28,13:55,13000,간편결제,들기름 고등어 한상,1,0
2025-11-28,17:00,17000,카드,소복 정식,1,0
2025-11-28,17:12,21000,간편결제,묵은지 김치찜,1,0
2025-11-28,17:58,17000,간편결제,소복 정식,1,0
2025-11-28,18:04,21000,간편결제,묵은지 김치찜,1,0
2025-11-28,18:08,52000,카드,보리굴비 정식,2,0
2025-11-28,18:19,21000,간편결제,묵은지 김치찜,1,0
2025-11-28,18:35,9000,간편결제,동치미 국수,1,0
2025-11-28,18:41,13000,카드,들기름 고등어 한상,1,0
2025-11-28,18:44,9000,간편결제,동치미 국수,1,0
2025-11-28,18:50,17000,카드,소복 정식,1,0
2025-11-28,18:58,6000,카드,계란말이 추가,1,0
2025-11-28,19:06,26000,카드,보리굴비 정식,1,0
2025-11-28,19:13,21000,카드,묵은지 김치찜,1,0
2025-11-28,19:26,17000,카드,소복 정식,1,0
2025-11-28,19:48,26000,간편결제,보리굴비 정식,1,0
2025-11-28,19:58,27000,카드,동치미 국수,3,0
2025-11-28,20:09,26000,카드,보리굴비 정식,1,0
2025-11-28,20:11,21000,카드,묵은지 김치찜,1,0
2025-11-28,20:24,26000,카드,보리굴비 정식,1,0
2025-11-28,20:30,30000,카드,제철 반상,2,0
2025-11-28,20:35,15000,간편결제,제철 반상,1,0
2025-11-28,20:45,13000,간편결제,들기름 고등어 한상,1,13000
2025-11-28,20:57,21000,카드,묵은지 김치찜,1,0
2025-11-29,11:08,17000,카드,소복 정식,1,0
2025-11-29,11:18,9000,카드,동치미 국수,1,0
2025-11-29,11:25,21000,카드,묵은지 김치찜,1,21000
2025-11-29,11:28,6000,카드,계란말이 추가,1,0
2025-11-29,11:31,17000,간편결제,소복 정식,1,0
2025-11-29,11:32,12000,간편결제,계란말이 추가,2,0
2025-11-29,11:40,34000,카드,소복 정식,2,0
2025-11-29,11:46,6000,간편결제,계란말이 추가,1,0
2025-11-29,11:55,9000,카드,동치미 국수,1,0
2025-11-29,12:12,9000,카드,동치미 국수,1,0
2025-11-29,12:13,17000,카드,소복 정식,1,0
2025-11-29,12:28,26000,현금,보리굴비 정식,1,0
2025-11-29,12:33,18000,카드,동치미 국수,2,0
2025-11-29,12:36,15000,카드,제철 반상,1,0
2025-11-29,12:42,26000,카드,들기름 고등어 한상,2,0
2025-11-29,12:43,26000,카드,보리굴비 정식,1,0
2025-11-29,13:23,34000,카드,소복 정식,2,0
2025-11-29,13:23,15000,간편결제,제철 반상,1,0
2025-11-29,13:24,26000,카드,보리굴비 정식,1,0
2025-11-29,13:29,15000,현금,제철 반상,1,0
2025-11-29,13:35,12000,카드,계란말이 추가,2,0
2025-11-29,13:52,9000,카드,동치미 국수,1,0
2025-11-29,17:35,13000,카드,들기름 고등어 한상,1,0
2025-11-29,17:37,15000,카드,제철 반상,1,0
2025-11-29,17:57,12000,카드,계란말이 추가,2,0
2025-11-29,17:58,26000,카드,보리굴비 정식,1,0
2025-11-29,18:03,9000,카드,동치미 국수,1,0
2025-11-29,18:52,6000,카드,계란말이 추가,1,0
2025-11-29,19:00,15000,카드,제철 반상,1,0
2025-11-29,19:18,17000,간편결제,소복 정식,1,0
2025-11-29,19:21,17000,카드,소복 정식,1,0
2025-11-29,19:30,42000,카드,묵은지 김치찜,2,0
2025-11-29,19:37,13000,카드,들기름 고등어 한상,1,0
2025-11-29,19:38,15000,카드,제철 반상,1,0
2025-11-29,19:47,15000,간편결제,제철 반상,1,0
2025-11-29,20:05,13000,간편결제,들기름 고등어 한상,1,0
2025-11-29,20:06,13000,카드,들기름 고등어 한상,1,0
2025-11-29,20:31,6000,현금,계란말이 추가,1,0
2025-11-29,20:38,12000,카드,계란말이 추가,2,0
2025-11-29,20:40,17000,간편결제,소복 정식,1,0
2025-11-29,20:44,13000,간편결제,들기름 고등어 한상,1,0
2025-11-29,20:51,15000,카드,제철 반상,1,0
2025-11-30,11:07,26000,카드,보리굴비 정식,1,0
2025-11-30,11:15,26000,카드,보리굴비 정식,1,0
2025-11-30,11:19,26000,카드,보리굴비 정식,1,0
2025-11-30,11:43,9000,카드,동치미 국수,1,0
2025-11-30,11:50,26000,카드,보리굴비 정식,1,0
2025-11-30,12:16,26000,카드,보리굴비 정식,1,0
2025-11-30,12:40,13000,간편결제,들기름 고등어 한상,1,0
2025-11-30,12:43,17000,현금,소복 정식,1,0
2025-11-30,13:09,26000,카드,보리굴비 정식,1,0
2025-11-30,13:36,45000,카드,제철 반상,3,0
2025-11-30,13:40,9000,간편결제,동치미 국수,1,0
2025-11-30,17:50,42000,현금,묵은지 김치찜,2,0
2025-11-30,17:50,21000,간편결제,묵은지 김치찜,1,0
2025-11-30,17:52,12000,카드,계란말이 추가,2,0
2025-11-30,17:58,13000,카드,들기름 고등어 한상,1,0
2025-11-30,17:58,34000,카드,소복 정식,2,0
2025-11-30,18:00,13000,카드,들기름 고등어 한상,1,0
2025-11-30,18:15,6000,카드,계란말이 추가,1,0
2025-11-30,18:40,15000,카드,제철 반상,1,0
2025-11-30,18:51,78000,카드,보리굴비 정식,3,0
2025-11-30,19:38,26000,카드,보리굴비 정식,1,0
2025-11-30,19:50,15000,간편결제,제철 반상,1,0
2025-11-30,20:38,15000,카드,제철 반상,1,0
2025-11-30,20:52,13000,카드,들기름 고등어 한상,1,0
2025-12-01,11:24,15000,카드,제철 반상,1,0
2025-12-01,11:27,26000,현금,보리굴비 정식,1,0
2025-12-01,11:40,17000,현금,소복 정식,1,0
2025-12-01,11:52,26000,카드,들기름 고등어 한상,2,0
2025-12-01,12:29,9000,카드,동치미 국수,1,0
2025-12-01,12:50,13000,간편결제,들기름 고등어 한상,1,0
2025-12-01,13:10,21000,카드,묵은지 김치찜,1,0
2025-12-01,13:42,21000,카드,묵은지 김치찜,1,0
2025-12-01,13:46,13000,카드,들기름 고등어 한상,1,0
2025-12-01,17:11,26000,간편결제,보리굴비 정식,1,0
2025-12-01,17:33,21000,카드,묵은지 김치찜,1,0
2025-12-01,18:04,17000,카드,소복 정식,1,0
2025-12-01,18:07,17000,카드,소복 정식,1,0
2025-12-01,18:21,17000,카드,소복 정식,1,0
2025-12-01,18:40,9000,카드,동치미 국수,1,0
2025-12-01,18:54,17000,현금,소복 정식,1,0
2025-12-01,18:58,13000,카드,들기름 고등어 한상,1,0
2025-12-01,19:06,9000,카드,동치미 국수,1,0
2025-12-01,19:09,6000,카드,계란말이 추가,1,0
2025-12-01,19:09,52000,카드,보리굴비 정식,2,0
2025-12-01,19:37,26000,카드,보리굴비 정식,1,0
2025-12-01,19:38,6000,카드,계란말이 추가,1,0
2025-12-01,19:43,9000,카드,동치미 국수,1,0
2025-12-01,20:09,26000,간편결제,보리굴비 정식,1,0
2025-12-01,20:20,21000,카드,묵은지 김치찜,1,0
2025-12-01,20:21,6000,현금,계란말이 추가,1,0
2025-12-01,20:28,13000,카드,들기름 고등어 한상,1,0
2025-12-01,20:48,52000,카드,보리굴비 정식,2,0
2025-12-02,11:21,13000,간편결제,들기름 고등어 한상,1,0
2025-12-02,11:24,42000,카드,묵은지 김치찜,2,0
2025-12-02,11:24,26000,간편결제,보리굴비 정식,1,0
2025-12-02,11:26,52000,현금,보리굴비 정식,2,0
2025-12-02,11:27,9000,카드,동치미 국수,1,0
2025-12-02,11:30,26000,카드,보리굴비 정식,1,0
2025-12-02,11:37,15000,카드,제철 반상,1,0
2025-12-02,11:39,9000,카드,동치미 국수,1,0
2025-12-02,11:51,21000,카드,묵은지 김치찜,1,0
2025-12-02,12:00,13000,간편결제,들기름 고등어 한상,1,0
2025-12-02,12:03,30000,카드,제철 반상,2,0
2025-12-02,12:08,52000,카드,보리굴비 정식,2,0
2025-12-02,12:38,15000,카드,제철 반상,1,0
2025-12-02,12:42,52000,카드,보리굴비 정식,2,0
2025-12-02,13:06,21000,간편결제,묵은지 김치찜,1,0
2025-12-02,13:57,9000,카드,동치미 국수,1,0
2025-12-02,17:11,26000,카드,보리굴비 정식,1,0
2025-12-02,18:05,9000,카드,동치미 국수,1,0
2025-12-02,18:10,6000,카드,계란말이 추가,1,0
2025-12-02,18:43,6000,카드,계란말이 추가,1,0
2025-12-02,19:16,9000,카드,동치미 국수,1,0
2025-12-02,19:30,9000,카드,동치미 국수,1,0
2025-12-02,19:32,26000,간편결제,보리굴비 정식,1,0
2025-12-02,19:34,6000,카드,계란말이 추가,1,0
2025-12-02,19:58,21000,카드,묵은지 김치찜,1,0
2025-12-02,20:06,15000,카드,제철 반상,1,0
2025-12-02,20:22,18000,카드,동치미 국수,2,0
2025-12-02,20:25,26000,카드,보리굴비 정식,1,0
2025-12-02,20:29,18000,카드,계란말이 추가,3,0
2025-12-02,20:47,12000,카드,계란말이 추가,2,0
2025-12-03,11:25,18000,카드,동치미 국수,2,0
2025-12-03,11:33,9000,카드,동치미 국수,1,0
2025-12-03,11:38,39000,간편결제,들기름 고등어 한상,3,0
2025-12-03,11:41,30000,현금,제철 반상,2,0
2025-12-03,11:44,9000,카드,동치미 국수,1,0
2025-12-03,11:57,15000,카드,제철 반상,1,0
2025-12-03,12:03,13000,간편결제,들기름 고등어 한상,1,0
2025-12-03,12:19,21000,카드,묵은지 김치찜,1,21000
2025-12-03,12:24,15000,카드,제철 반상,1,0
2025-12-03,12:33,9000,카드,동치미 국수,1,0
2025-12-03,12:35,17000,카드,소복 정식,1,0
2025-12-03,12:42,13000,현금,들기름 고등어 한상,1,0
2025-12-03,12:52,78000,카드,보리굴비 정식,3,0
2025-12-03,12:59,6000,간편결제,계란말이 추가,1,0
2025-12-03,13:08,21000,현금,묵은지 김치찜,1,21000
2025-12-03,13:34,13000,현금,들기름 고등어 한상,1,0
2025-12-03,13:48,21000,카드,묵은지 김치찜,1,0
2025-12-03,17:00,26000,카드,보리굴비 정식,1,0
2025-12-03,17:04,18000,카드,동치미 국수,2,0
2025-12-03,17:24,6000,간편결제,계란말이 추가,1,0
2025-12-03,17:27,15000,카드,제철 반상,1,0
2025-12-03,17:28,30000,간편결제,제철 반상,2,0
2025-12-03,17:36,17000,카드,소복 정식,1,0
2025-12-03,18:33,12000,카드,계란말이 추가,2,0
2025-12-03,18:37,18000,카드,동치미 국수,2,0
2025-12-03,18:55,13000,간편결제,들기름 고등어 한상,1,0
2025-12-03,18:59,17000,카드,소복 정식,1,0
2025-12-03,19:02,27000,카드,동치미 국수,3,0
2025-12-03,19:30,26000,카드,보리굴비 정식,1,0
2025-12-03,20:19,34000,카드,소복 정식,2,0
2025-12-03,20:27,26000,현금,보리굴비 정식,1,0
2025-12-03,20:29,13000,카드,들기름 고등어 한상,1,0
2025-12-03,20:51,6000,간편결제,계란말이 추가,1,0
2025-12-03,20:55,13000,간편결제,들기름 고등어 한상,1,0
2025-12-04,11:16,9000,카드,동치미 국수,1,0
2025-12-04,11:17,26000,카드,들기름 고등어 한상,2,0
2025-12-04,11:17,17000,카드,소복 정식,1,0
2025-12-04,11:28,21000,카드,묵은지 김치찜,1,0
2025-12-04,11:46,52000,현금,보리굴비 정식,2,0
2025-12-04,11:48,26000,카드,보리굴비 정식,1,0
2025-12-04,11:52,26000,카드,보리굴비 정식,1,0
2025-12-04,11:56,21000,간편결제,묵은지 김치찜,1,0
2025-12-04,11:58,13000,현금,들기름 고등어 한상,1,0
2025-12-04,12:08,9000,카드,동치미 국수,1,0
2025-12-04,12:12,6000,카드,계란말이 추가,1,0
2025-12-04,12:38,18000,카드,동치미 국수,2,0
2025-12-04,12:59,18000,카드,동치미 국수,2,0
2025-12-04,13:07,13000,간편결제,들기름 고등어 한상,1,0
2025-12-04,13:46,34000,카드,소복 정식,2,0
2025-12-04,13:49,17000,카드,소복 정식,1,0
2025-12-04,17:06,26000,현금,보리굴비 정식,1,0
2025-12-04,17:27,17000,카드,소복 정식,1,0
2025-12-04,17:37,26000,카드,보리굴비 정식,1,0
2025-12-04,17:41,21000,카드,묵은지 김치찜,1,0
2025-12-04,18:08,42000,카드,묵은지 김치찜,2,0
2025-12-04,18:46,15000,카드,제철 반상,1,0
2025-12-04,18:59,21000,카드,묵은지 김치찜,1,0
2025-12-04,19:30,13000,카드,들기름 고등어 한상,1,0
2025-12-04,19:45,21000,카드,묵은지 김치찜,1,0
2025-12-04,19:54,78000,간편결제,보리굴비 정식,3,0
2025-12-04,20:13,13000,카드,들기름 고등어 한상,1,0
2025-12-04,20:40,17000,카드,소복 정식,1,0
2025-12-05,11:01,17000,카드,소복 정식,1,0
2025-12-05,11:11,18000,현금,계란말이 추가,3,0
2025-12-05,11:12,6000,현금,계란말이 추가,1,0
2025-12-05,11:19,15000,카드,제철 반상,1,0
2025-12-05,11:43,52000,카드,보리굴비 정식,2,0
2025-12-05,11:50,26000,카드,보리굴비 정식,1,0
2025-12-05,12:24,9000,카드,동치미 국수,1,0
2025-12-05,12:51,26000,카드,들기름 고등어 한상,2,0
2025-12-05,13:01,12000,간편결제,계란말이 추가,2,0
2025-12-05,13:07,26000,카드,들기름 고등어 한상,2,0
2025-12-05,13:37,6000,카드,계란말이 추가,1,0
2025-12-05,13:47,6000,카드,계란말이 추가,1,0
2025-12-05,13:47,21000,간편결제,묵은지 김치찜,1,0
2025-12-05,13:48,13000,간편결제,들기름 고등어 한상,1,0
2025-12-05,17:00,13000,카드,들기름 고등어 한상,1,0
2025-12-05,17:09,21000,카드,묵은지 김치찜,1,0
2025-12-05,17:36,34000,카드,소복 정식,2,0
2025-12-05,17:55,39000,카드,들기름 고등어 한상,3,0
2025-12-05,18:17,30000,간편결제,제철 반상,2,0
2025-12-05,18:18,17000,카드,소복 정식,1,0
2025-12-05,18:20,12000,카드,계란말이 추가,2,0
2025-12-05,18:34,26000,카드,보리굴비 정식,1,0
2025-12-05,18:35,26000,카드,보리굴비 정식,1,0
2025-12-05,18:47,52000,현금,보리굴비 정식,2,0
2025-12-05,18:54,9000,카드,동치미 국수,1,0
2025-12-05,19:01,17000,카드,소복 정식,1,0
2025-12-05,19:09,9000,카드,동치미 국수,1,0
2025-12-05,19:11,30000,간편결제,제철 반상,2,0
2025-12-05,19:12,39000,간편결제,들기름 고등어 한상,3,0
2025-12-05,19:20,17000,카드,소복 정식,1,0
2025-12-05,19:26,26000,간편결제,보리굴비 정식,1,0
2025-12-05,19:43,17000,간편결제,소복 정식,1,0
2025-12-05,19:44,17000,카드,소복 정식,1,0
2025-12-05,20:30,26000,카드,들기름 고등어 한상,2,0
2025-12-05,20:35,63000,카드,묵은지 김치찜,3,0
2025-12-05,20:39,17000,카드,소복 정식,1,0
2025-12-05,20:41,18000,카드,동치미 국수,2,0
2025-12-06,11:26,9000,간편결제,동치미 국수,1,0
2025-12-06,11:27,17000,간편결제,소복 정식,1,0
2025-12-06,11:48,6000,카드,계란말이 추가,1,0
2025-12-06,12:03,18000,카드,동치미 국수,2,0
2025-12-06,12:20,13000,카드,들기름 고등어 한상,1,0
2025-12-06,12:36,6000,카드,계란말이 추가,1,0
2025-12-06,12:39,18000,카드,동치미 국수,2,0
2025-12-06,12:49,30000,카드,제철 반상,2,0
2025-12-06,13:11,6000,카드,계란말이 추가,1,0
2025-12-06,13:26,6000,카드,계란말이 추가,1,0
2025-12-06,13:29,17000,간편결제,소복 정식,1,0
2025-12-06,13:39,17000,카드,소복 정식,1,17000
2025-12-06,13:42,42000,간편결제,묵은지 김치찜,2,0
2025-12-06,17:02,26000,카드,보리굴비 정식,1,0
2025-12-06,17:46,27000,현금,동치미 국수,3,0
2025-12-06,17:50,30000,간편결제,제철 반상,2,0
2025-12-06,18:01,34000,카드,소복 정식,2,0
2025-12-06,18:12,9000,카드,동치미 국수,1,0
2025-12-06,18:21,52000,현금,보리굴비 정식,2,0
2025-12-06,18:26,26000,현금,보리굴비 정식,1,0
2025-12-06,18:43,13000,카드,들기름 고등어 한상,1,0
2025-12-06,18:50,6000,카드,계란말이 추가,1,0
2025-12-06,18:50,34000,간편결제,소복 정식,2,0
2025-12-06,18:50,17000,카드,소복 정식,1,0
2025-12-06,19:02,15000,카드,제철 반상,1,0
2025-12-06,19:07,26000,카드,보리굴비 정식,1,0
2025-12-06,19:20,21000,간편결제,묵은지 김치찜,1,0
2025-12-06,19:20,45000,카드,제철 반상,3,0
2025-12-06,19:26,26000,카드,보리굴비 정식,1,0
2025-12-06,19:27,15000,카드,제철 반상,1,15000
2025-12-06,19:30,6000,간편결제,계란말이 추가,1,0
2025-12-06,19:35,21000,현금,묵은지 김치찜,1,0
2025-12-06,20:10,12000,카드,계란말이 추가,2,0
2025-12-06,20:20,13000,간편결제,들기름 고등어 한상,1,0
2025-12-06,20:27,9000,카드,동치미 국수,1,0
2025-12-06,20:30,26000,카드,보리굴비 정식,1,26000
2025-12-06,20:59,18000,카드,계란말이 추가,3,0
2025-12-07,11:22,18000,간편결제,동치미 국수,2,0
2025-12-07,11:31,6000,카드,계란말이 추가,1,0
2025-12-07,11:34,52000,카드,보리굴비 정식,2,0
2025-12-07,11:35,9000,간편결제,동치미 국수,1,0
2025-12-07,11:51,13000,카드,들기름 고등어 한상,1,0
2025-12-07,12:34,12000,현금,계란말이 추가,2,0
2025-12-07,13:27,26000,현금,보리굴비 정식,1,0
2025-12-07,13:41,52000,카드,보리굴비 정식,2,0
2025-12-07,13:49,21000,카드,묵은지 김치찜,1,0
2025-12-07,17:32,30000,현금,제철 반상,2,0
2025-12-07,17:40,9000,카드,동치미 국수,1,0
2025-12-07,17:57,6000,카드,계란말이 추가,1,0
2025-12-07,18:05,6000,카드,계란말이 추가,1,0
2025-12-07,18:06,6000,간편결제,계란말이 추가,1,0
2025-12-07,18:16,13000,간편결제,들기름 고등어 한상,1,0
2025-12-07,18:21,18000,간편결제,동치미 국수,2,0
2025-12-07,18:32,6000,카드,계란말이 추가,1,0
2025-12-07,18:57,15000,카드,제철 반상,1,0
2025-12-07,19:14,21000,카드,묵은지 김치찜,1,0
2025-12-07,19:23,6000,카드,계란말이 추가,1,0
2025-12-07,19:27,26000,카드,보리굴비 정식,1,0
2025-12-07,20:26,13000,카드,들기름 고등어 한상,1,0
2025-12-09,11:35,13000,카드,들기름 고등어 한상,1,0
2025-12-09,12:01,21000,카드,묵은지 김치찜,1,0
2025-12-09,12:03,15000,카드,제철 반상,1,0
2025-12-09,12:31,34000,카드,소복 정식,2,0
2025-12-09,12:39,18000,카드,계란말이 추가,3,0
2025-12-09,12:46,6000,카드,계란말이 추가,1,0
2025-12-09,12:51,26000,카드,보리굴비 정식,1,0
2025-12-09,12:56,9000,카드,동치미 국수,1,0
2025-12-09,13:14,17000,카드,소복 정식,1,0
2025-12-09,13:29,26000,카드,들기름 고등어 한상,2,0
2025-12-09,13:43,51000,카드,소복 정식,3,0
2025-12-09,13:49,39000,카드,들기름 고등어 한상,3,0
2025-12-09,17:12,17000,카드,소복 정식,1,0
2025-12-09,17:23,9000,카드,동치미 국수,1,0
2025-12-09,17:25,13000,카드,들기름 고등어 한상,1,0
2025-12-09,17:28,17000,현금,소복 정식,1,0
2025-12-09,17:45,21000,카드,묵은지 김치찜,1,0
2025-12-09,17:55,6000,카드,계란말이 추가,1,0
2025-12-09,18:16,21000,카드,묵은지 김치찜,1,0
2025-12-09,18:19,26000,카드,보리굴비 정식,1,0
2025-12-09,18:34,17000,카드,소복 정식,1,0
2025-12-09,18:38,12000,카드,계란말이 추가,2,0
2025-12-09,18:59,6000,카드,계란말이 추가,1,0
2025-12-09,19:19,18000,현금,계란말이 추가,3,0
2025-12-09,19:24,26000,카드,보리굴비 정식,1,0
2025-12-09,19:37,13000,간편결제,들기름 고등어 한상,1,0
2025-12-09,20:55,17000,카드,소복 정식,1,0
2025-12-10,11:23,15000,간편결제,제철 반상,1,0
2025-12-10,11:29,21000,간편결제,묵은지 김치찜,1,0
2025-12-10,11:35,15000,카드,제철 반상,1,0
2025-12-10,11:38,12000,현금,계란말이 추가,2,0
2025-12-10,12:07,9000,카드,동치미 국수,1,0
2025-12-10,12:15,6000,현금,계란말이 추가,1,0
2025-12-10,12:16,26000,간편결제,보리굴비 정식,1,0
2025-12-10,12:41,12000,카드,계란말이 추가,2,0
2025-12-10,12:44,17000,카드,소복 정식,1,0
2025-12-10,12:48,52000,카드,보리굴비 정식,2,0
2025-12-10,13:12,18000,카드,동치미 국수,2,0
2025-12-10,13:24,15000,간편결제,제철 반상,1,0
2025-12-10,13:34,26000,카드,보리굴비 정식,1,0
2025-12-10,13:42,17000,간편결제,소복 정식,1,0
2025-12-10,13:48,21000,카드,묵은지 김치찜,1,0
2025-12-10,13:58,6000,카드,계란말이 추가,1,0
2025-12-10,17:04,21000,카드,묵은지 김치찜,1,0
2025-12-10,17:12,26000,카드,보리굴비 정식,1,0
2025-12-10,17:30,6000,카드,계란말이 추가,1,0
2025-12-10,17:50,12000,카드,계란말이 추가,2,0
2025-12-10,17:55,9000,간편결제,동치미 국수,1,0
2025-12-10,18:18,13000,카드,들기름 고등어 한상,1,0
2025-12-10,18:54,26000,카드,보리굴비 정식,1,0
2025-12-10,18:58,9000,간편결제,동치미 국수,1,0
2025-12-10,19:08,26000,카드,보리굴비 정식,1,0
2025-12-10,19:15,26000,카드,보리굴비 정식,1,0
2025-12-10,19:16,26000,카드,보리굴비 정식,1,0
2025-12-10,19:41,78000,카드,보리굴비 정식,3,0
2025-12-10,19:49,18000,간편결제,동치미 국수,2,0
2025-12-10,19:54,26000,간편결제,들기름 고등어 한상,2,0
2025-12-10,20:08,9000,간편결제,동치미 국수,1,0
2025-12-10,20:34,78000,카드,보리굴비 정식,3,0
2025-12-10,20:48,13000,간편결제,들기름 고등어 한상,1,0
2025-12-11,11:04,15000,카드,제철 반상,1,0
2025-12-11,11:33,26000,간편결제,들기름 고등어 한상,2,0
2025-12-11,12:04,21000,카드,묵은지 김치찜,1,0
2025-12-11,12:05,26000,카드,들기름 고등어 한상,2,0
2025-12-11,12:06,26000,카드,보리굴비 정식,1,0
2025-12-11,12:23,13000,카드,들기름 고등어 한상,1,0
2025-12-11,12:29,15000,카드,제철 반상,1,0
2025-12-11,12:38,21000,현금,묵은지 김치찜,1,0
2025-12-11,13:03,13000,카드,들기름 고등어 한상,1,0
2025-12-11,13:03,9000,카드,동치미 국수,1,0
2025-12-11,13:07,18000,간편결제,동치미 국수,2,0
2025-12-11,13:27,13000,간편결제,들기름 고등어 한상,1,0
2025-12-11,13:35,21000,카드,묵은지 김치찜,1,0
2025-12-11,13:47,52000,현금,보리굴비 정식,2,0
2025-12-11,17:05,18000,간편결제,계란말이 추가,3,0
2025-12-11,17:22,26000,카드,보리굴비 정식,1,0
2025-12-11,17:35,17000,현금,소복 정식,1,0
2025-12-11,18:09,15000,카드,제철 반상,1,0
2025-12-11,18:13,9000,카드,동치미 국수,1,0
2025-12-11,18:16,17000,카드,소복 정식,1,0
2025-12-11,18:39,9000,카드,동치미 국수,1,0
2025-12-11,19:00,45000,카드,제철 반상,3,0
2025-12-11,19:04,15000,현금,제철 반상,1,0
2025-12-11,20:06,17000,카드,소복 정식,1,0
2025-12-11,20:07,30000,간편결제,제철 반상,2,0
2025-12-11,20:23,26000,카드,보리굴비 정식,1,0
2025-12-11,20:58,30000,카드,제철 반상,2,0
2025-12-12,11:21,26000,현금,들기름 고등어 한상,2,0
2025-12-12,11:31,9000,현금,동치미 국수,1,0
2025-12-12,11:43,9000,카드,동치미 국수,1,0
2025-12-12,11:59,26000,카드,보리굴비 정식,1,0
2025-12-12,12:00,6000,카드,계란말이 추가,1,0
2025-12-12,12:06,26000,간편결제,보리굴비 정식,1,0
2025-12-12,12:38,17000,카드,소복 정식,1,0
2025-12-12,12:51,42000,간편결제,묵은지 김치찜,2,0
2025-12-12,13:10,9000,카드,동치미 국수,1,0
2025-12-12,13:30,30000,카드,제철 반상,2,0
2025-12-12,13:30,13000,카드,들기름 고등어 한상,1,0
2025-12-12,13:53,26000,카드,보리굴비 정식,1,0
2025-12-12,17:13,13000,카드,들기름 고등어 한상,1,0
2025-12-12,17:25,34000,카드,소복 정식,2,0
2025-12-12,17:30,15000,카드,제철 반상,1,0
2025-12-12,17:33,42000,현금,묵은지 김치찜,2,0
2025-12-12,17:36,9000,간편결제,동치미 국수,1,0
2025-12-12,17:42,26000,카드,보리굴비 정식,1,0
2025-12-12,17:50,9000,현금,동치미 국수,1,0
2025-12-12,17:57,6000,카드,계란말이 추가,1,0
2025-12-12,18:03,6000,카드,계란말이 추가,1,0
2025-12-12,18:20,9000,카드,동치미 국수,1,0
2025-12-12,18:20,26000,간편결제,보리굴비 정식,1,0
2025-12-12,18:24,9000,현금,동치미 국수,1,0
2025-12-12,18:31,13000,카드,들기름 고등어 한상,1,0
2025-12-12,18:35,13000,카드,들기름 고등어 한상,1,0
2025-12-12,18:43,26000,카드,들기름 고등어 한상,2,0
2025-12-12,18:50,15000,카드,제철 반상,1,0
2025-12-12,18:51,18000,간편결제,동치미 국수,2,0
2025-12-12,18:53,13000,카드,들기름 고등어 한상,1,0
2025-12-12,18:53,15000,현금,제철 반상,1,15000
2025-12-12,18:56,15000,카드,제철 반상,1,0
2025-12-12,19:16,15000,카드,제철 반상,1,0
2025-12-12,19:30,17000,카드,소복 정식,1,0
2025-12-12,19:51,18000,카드,계란말이 추가,3,0
2025-12-12,20:01,26000,간편결제,보리굴비 정식,1,0
2025-12-12,20:01,13000,카드,들기름 고등어 한상,1,0
2025-12-12,20:06,17000,카드,소복 정식,1,0
2025-12-12,20:16,26000,간편결제,보리굴비 정식,1,0
2025-12-12,20:19,18000,간편결제,동치미 국수,2,0
2025-12-12,20:28,39000,카드,들기름 고등어 한상,3,0
2025-12-12,20:29,18000,간편결제,동치미 국수,2,0
2025-12-12,20:35,17000,카드,소복 정식,1,0
2025-12-12,20:48,9000,현금,동치미 국수,1,0
2025-12-12,20:48,15000,간편결제,제철 반상,1,0
2025-12-13,11:02,26000,카드,보리굴비 정식,1,0
2025-12-13,11:05,17000,카드,소복 정식,1,0
2025-12-13,11:12,15000,카드,제철 반상,1,0
2025-12-13,11:18,17000,카드,소복 정식,1,0
2025-12-13,11:31,26000,카드,보리굴비 정식,1,0
2025-12-13,11:33,15000,간편결제,제철 반상,1,0
2025-12-13,11:34,52000,카드,보리굴비 정식,2,0
2025-12-13,11:43,13000,현금,들기름 고등어 한상,1,0
2025-12-13,11:57,17000,간편결제,소복 정식,1,0
2025-12-13,11:57,15000,현금,제철 반상,1,0
2025-12-13,12:02,17000,간편결제,소복 정식,1,0
2025-12-13,12:05,17000,카드,소복 정식,1,0
2025-12-13,12:24,13000,카드,들기름 고등어 한상,1,0
2025-12-13,12:28,17000,카드,소복 정식,1,0
2025-12-13,12:37,12000,카드,계란말이 추가,2,0
2025-12-13,12:49,26000,카드,들기름 고등어 한상,2,0
2025-12-13,13:29,52000,카드,보리굴비 정식,2,0
2025-12-13,13:33,12000,간편결제,계란말이 추가,2,0
2025-12-13,13:53,42000,카드,묵은지 김치찜,2,0
2025-12-13,17:04,18000,간편결제,동치미 국수,2,0
2025-12-13,17:25,26000,카드,보리굴비 정식,1,0
2025-12-13,17:28,17000,카드,소복 정식,1,0
2025-12-13,17:32,12000,카드,계란말이 추가,2,0
2025-12-13,17:57,6000,카드,계란말이 추가,1,0
2025-12-13,18:03,9000,카드,동치미 국수,1,0
2025-12-13,19:13,21000,카드,묵은지 김치찜,1,0
2025-12-13,19:47,34000,카드,소복 정식,2,0
2025-12-13,19:56,13000,카드,들기름 고등어 한상,1,0
2025-12-13,19:59,15000,카드,제철 반상,1,0
2025-12-13,20:09,6000,카드,계란말이 추가,1,0
2025-12-13,20:14,6000,간편결제,계란말이 추가,1,0
2025-12-13,20:35,6000,카드,계란말이 추가,1,0
2025-12-13,20:48,18000,카드,동치미 국수,2,0
2025-12-14,11:05,17000,간편결제,소복 정식,1,0
2025-12-14,11:42,21000,카드,묵은지 김치찜,1,0
2025-12-14,12:02,17000,카드,소복 정식,1,0
2025-12-14,12:20,26000,간편결제,들기름 고등어 한상,2,0
2025-12-14,12:29,63000,카드,묵은지 김치찜,3,0
2025-12-14,12:46,6000,카드,계란말이 추가,1,0
2025-12-14,12:47,26000,카드,보리굴비 정식,1,0
2025-12-14,12:52,17000,카드,소복 정식,1,0
2025-12-14,12:56,26000,카드,보리굴비 정식,1,0
2025-12-14,13:26,13000,현금,들기름 고등어 한상,1,0
2025-12-14,13:27,15000,카드,제철 반상,1,0
2025-12-14,13:32,12000,카드,계란말이 추가,2,0
2025-12-14,13:49,30000,간편결제,제철 반상,2,0
2025-12-14,13:51,26000,카드,보리굴비 정식,1,0
2025-12-14,13:55,42000,카드,묵은지 김치찜,2,0
2025-12-14,17:20,26000,카드,보리굴비 정식,1,0
2025-12-14,18:08,6000,카드,계란말이 추가,1,0
2025-12-14,18:13,26000,카드,보리굴비 정식,1,0
2025-12-14,18:26,15000,카드,제철 반상,1,0
2025-12-14,18:39,13000,카드,들기름 고등어 한상,1,0
2025-12-14,18:41,6000,카드,계란말이 추가,1,0
2025-12-14,18:47,21000,카드,묵은지 김치찜,1,0
2025-12-14,19:03,13000,카드,들기름 고등어 한상,1,0
2025-12-14,19:13,15000,카드,제철 반상,1,0
2025-12-14,19:27,12000,카드,계란말이 추가,2,0
2025-12-14,19:29,15000,간편결제,제철 반상,1,0
2025-12-14,19:32,26000,카드,보리굴비 정식,1,0
2025-12-14,20:25,13000,카드,들기름 고등어 한상,1,0
2025-12-15,11:26,17000,카드,소복 정식,1,0
2025-12-15,11:54,9000,카드,동치미 국수,1,0
2025-12-15,12:05,34000,카드,소복 정식,2,0
2025-12-15,12:15,15000,카드,제철 반상,1,0
2025-12-15,12:27,52000,카드,보리굴비 정식,2,0
2025-12-15,12:32,17000,카드,소복 정식,1,0
2025-12-15,12:37,26000,카드,보리굴비 정식,1,0
2025-12-15,12:39,26000,카드,보리굴비 정식,1,0
2025-12-15,12:46,21000,간편결제,묵은지 김치찜,1,0
2025-12-15,13:11,9000,카드,동치미 국수,1,0
2025-12-15,13:12,13000,카드,들기름 고등어 한상,1,0
2025-12-15,13:22,17000,현금,소복 정식,1,0
2025-12-15,13:56,6000,카드,계란말이 추가,1,0
2025-12-15,17:24,42000,카드,묵은지 김치찜,2,0
2025-12-15,17:34,42000,카드,묵은지 김치찜,2,0
2025-12-15,17:48,6000,카드,계란말이 추가,1,0
2025-12-15,18:20,18000,카드,동치미 국수,2,0
2025-12-15,18:39,26000,카드,보리굴비 정식,1,0
2025-12-15,19:19,30000,카드,제철 반상,2,0
2025-12-15,19:54,9000,카드,동치미 국수,1,0
2025-12-15,20:16,26000,카드,들기름 고등어 한상,2,0
2025-12-15,20:34,17000,카드,소복 정식,1,0
2025-12-15,20:53,21000,카드,묵은지 김치찜,1,0
2025-12-15,20:55,9000,현금,동치미 국수,1,0
2025-12-16,11:11,13000,간편결제,들기름 고등어 한상,1,0
2025-12-16,11:24,17000,카드,소복 정식,1,0
2025-12-16,12:10,34000,카드,소복 정식,2,0
2025-12-16,12:17,26000,카드,보리굴비 정식,1,0
2025-12-16,12:32,26000,카드,보리굴비 정식,1,0
2025-12-16,13:07,26000,카드,들기름 고등어 한상,2,0
2025-12-16,13:14,15000,카드,제철 반상,1,0
2025-12-16,13:43,17000,현금,소복 정식,1,0
2025-12-16,13:52,13000,카드,들기름 고등어 한상,1,0
2025-12-16,17:11,13000,카드,들기름 고등어 한상,1,0
2025-12-16,17:21,13000,카드,들기름 고등어 한상,1,0
2025-12-16,18:13,12000,카드,계란말이 추가,2,0
2025-12-16,18:23,17000,간편결제,소복 정식,1,0
2025-12-16,18:26,9000,카드,동치미 국수,1,0
2025-12-16,18:57,9000,카드,동치미 국수,1,0
2025-12-16,19:14,9000,카드,동치미 국수,1,0
2025-12-16,19:29,15000,카드,제철 반상,1,0
2025-12-16,19:42,30000,카드,제철 반상,2,0
2025-12-16,19:44,17000,간편결제,소복 정식,1,0
2025-12-16,20:04,21000,카드,묵은지 김치찜,1,0
2025-12-16,20:17,13000,카드,들기름 고등어 한상,1,0
2025-12-16,20:20,17000,카드,소복 정식,1,0
2025-12-16,20:40,42000,카드,묵은지 김치찜,2,0
2025-12-17,11:01,17000,간편결제,소복 정식,1,0
2025-12-17,11:22,9000,카드,동치미 국수,1,0
2025-12-17,11:42,6000,카드,계란말이 추가,1,0
2025-12-17,12:00,26000,현금,보리굴비 정식,1,0
2025-12-17,12:00,6000,카드,계란말이 추가,1,0
2025-12-17,12:12,6000,카드,계란말이 추가,1,0
2025-12-17,12:21,21000,카드,묵은지 김치찜,1,0
2025-12-17,12:30,15000,카드,제철 반상,1,0
2025-12-17,13:00,13000,카드,들기름 고등어 한상,1,0
2025-12-17,13:25,21000,카드,묵은지 김치찜,1,0
2025-12-17,13:26,21000,카드,묵은지 김치찜,1,0
2025-12-17,13:37,13000,간편결제,들기름 고등어 한상,1,0
2025-12-17,13:48,13000,카드,들기름 고등어 한상,1,0
2025-12-17,17:34,34000,카드,소복 정식,2,0
2025-12-17,17:47,45000,간편결제,제철 반상,3,0
2025-12-17,18:17,13000,카드,들기름 고등어 한상,1,0
2025-12-17,18:28,26000,카드,보리굴비 정식,1,0
2025-12-17,18:40,17000,현금,소복 정식,1,0
2025-12-17,18:42,13000,카드,들기름 고등어 한상,1,0
2025-12-17,18:49,21000,간편결제,묵은지 김치찜,1,0
2025-12-17,18:59,17000,카드,소복 정식,1,0
2025-12-17,19:02,9000,카드,동치미 국수,1,0
2025-12-17,19:44,6000,현금,계란말이 추가,1,0
2025-12-17,19:46,30000,카드,제철 반상,2,0
2025-12-17,19:48,6000,간편결제,계란말이 추가,1,0
2025-12-17,19:56,9000,카드,동치미 국수,1,0
2025-12-17,20:12,13000,카드,들기름 고등어 한상,1,0
2025-12-17,20:37,13000,현금,들기름 고등어 한상,1,13000
2025-12-18,11:02,9000,카드,동치미 국수,1,0
2025-12-18,11:09,17000,카드,소복 정식,1,0
2025-12-18,11:19,51000,카드,소복 정식,3,0
2025-12-18,11:28,27000,카드,동치미 국수,3,0
2025-12-18,11:48,34000,현금,소복 정식,2,0
2025-12-18,12:19,15000,카드,제철 반상,1,0
2025-12-18,12:31,21000,간편결제,묵은지 김치찜,1,0
2025-12-18,12:46,15000,카드,제철 반상,1,0
2025-12-18,12:47,6000,카드,계란말이 추가,1,0
2025-12-18,12:48,30000,카드,제철 반상,2,0
2025-12-18,13:07,12000,카드,계란말이 추가,2,0
2025-12-18,13:43,26000,현금,보리굴비 정식,1,0
2025-12-18,13:50,78000,간편결제,보리굴비 정식,3,0
2025-12-18,17:00,52000,카드,보리굴비 정식,2,0
2025-12-18,17:01,52000,카드,보리굴비 정식,2,0
2025-12-18,17:04,15000,카드,제철 반상,1,0
2025-12-18,17:07,17000,카드,소복 정식,1,0
2025-12-18,17:21,21000,카드,묵은지 김치찜,1,0
2025-12-18,17:24,26000,카드,보리굴비 정식,1,0
2025-12-18,17:36,17000,카드,소복 정식,1,0
2025-12-18,17:52,9000,카드,동치미 국수,1,9000
2025-12-18,18:04,13000,카드,들기름 고등어 한상,1,0
2025-12-18,18:30,9000,카드,동치미 국수,1,0
2025-12-18,18:31,26000,카드,들기름 고등어 한상,2,0
2025-12-18,18:57,26000,카드,보리굴비 정식,1,0
2025-12-18,19:13,18000,카드,동치미 국수,2,0
2025-12-18,19:21,26000,카드,보리굴비 정식,1,0
2025-12-18,19:24,6000,간편결제,계란말이 추가,1,0
2025-12-18,19:30,42000,카드,묵은지 김치찜,2,0
2025-12-18,19:38,15000,카드,제철 반상,1,0
2025-12-18,19:38,18000,현금,동치미 국수,2,0
2025-12-18,19:39,15000,카드,제철 반상,1,0
2025-12-18,20:00,12000,카드,계란말이 추가,2,0
2025-12-18,20:03,17000,카드,소복 정식,1,0
2025-12-18,20:24,13000,현금,들기름 고등어 한상,1,0
2025-12-19,11:07,17000,카드,소복 정식,1,0
2025-12-19,11:12,9000,카드,동치미 국수,1,0
2025-12-19,11:20,21000,간편결제,묵은지 김치찜,1,21000
2025-12-19,11:32,17000,카드,소복 정식,1,0
2025-12-19,11:38,9000,카드,동치미 국수,1,0
2025-12-19,12:06,9000,간편결제,동치미 국수,1,0
2025-12-19,12:17,30000,간편결제,제철 반상,2,0
2025-12-19,12:18,21000,카드,묵은지 김치찜,1,0
2025-12-19,12:19,17000,카드,소복 정식,1,0
2025-12-19,12:26,13000,카드,들기름 고등어 한상,1,0
2025-12-19,12:33,26000,간편결제,들기름 고등어 한상,2,0
2025-12-19,12:38,12000,카드,계란말이 추가,2,0
2025-12-19,12:43,30000,카드,제철 반상,2,0
2025-12-19,13:03,13000,카드,들기름 고등어 한상,1,0
2025-12-19,13:13,17000,카드,소복 정식,1,0
2025-12-19,13:35,17000,간편결제,소복 정식,1,0
2025-12-19,13:41,18000,카드,동치미 국수,2,0
2025-12-19,13:45,17000,카드,소복 정식,1,0
2025-12-19,13:47,26000,카드,보리굴비 정식,1,0
2025-12-19,17:01,9000,현금,동치미 국수,1,0
2025-12-19,17:14,26000,카드,들기름 고등어 한상,2,0
2025-12-19,17:33,13000,카드,들기름 고등어 한상,1,0
2025-12-19,17:50,6000,간편결제,계란말이 추가,1,0
2025-12-19,18:01,21000,간편결제,묵은지 김치찜,1,0
2025-12-19,18:09,26000,카드,보리굴비 정식,1,0
2025-12-19,18:22,52000,현금,보리굴비 정식,2,0
2025-12-19,18:24,30000,카드,제철 반상,2,0
2025-12-19,18:27,13000,카드,들기름 고등어 한상,1,0
2025-12-19,18:41,21000,현금,묵은지 김치찜,1,0
2025-12-19,19:01,13000,현금,들기름 고등어 한상,1,0
2025-12-19,19:55,21000,카드,묵은지 김치찜,1,0
2025-12-19,20:20,15000,현금,제철 반상,1,0
2025-12-19,20:24,18000,현금,동치미 국수,2,0
2025-12-19,20:34,15000,카드,제철 반상,1,0
2025-12-19,20:37,21000,현금,묵은지 김치찜,1,0
2025-12-19,20:48,6000,간편결제,계란말이 추가,1,0
2025-12-19,20:49,9000,카드,동치미 국수,1,0
2025-12-20,11:14,12000,카드,계란말이 추가,2,0
2025-12-20,11:46,21000,카드,묵은지 김치찜,1,0
2025-12-20,11:49,18000,카드,동치미 국수,2,0
2025-12-20,11:57,30000,카드,제철 반상,2,0
2025-12-20,12:03,13000,간편결제,들기름 고등어 한상,1,0
2025-12-20,12:25,9000,카드,동치미 국수,1,0
2025-12-20,12:27,9000,카드,동치미 국수,1,0
2025-12-20,12:29,15000,간편결제,제철 반상,1,0
2025-12-20,12:39,13000,카드,들기름 고등어 한상,1,0
2025-12-20,12:40,6000,카드,계란말이 추가,1,0
2025-12-20,13:02,26000,카드,보리굴비 정식,1,0
2025-12-20,13:03,51000,카드,소복 정식,3,0
2025-12-20,13:06,21000,카드,묵은지 김치찜,1,0
2025-12-20,13:24,13000,카드,들기름 고등어 한상,1,0
2025-12-20,13:35,6000,카드,계란말이 추가,1,0
2025-12-20,13:46,21000,카드,묵은지 김치찜,1,0
2025-12-20,13:47,26000,현금,보리굴비 정식,1,0
2025-12-20,17:16,42000,카드,묵은지 김치찜,2,0
2025-12-20,17:18,78000,카드,보리굴비 정식,3,0
2025-12-20,17:36,26000,카드,보리굴비 정식,1,0
2025-12-20,17:37,6000,카드,계란말이 추가,1,0
2025-12-20,17:49,52000,카드,보리굴비 정식,2,0
2025-12-20,17:51,9000,카드,동치미 국수,1,0
2025-12-20,17:57,13000,카드,들기름 고등어 한상,1,0
2025-12-20,17:59,26000,카드,보리굴비 정식,1,0
2025-12-20,18:05,21000,카드,묵은지 김치찜,1,0
2025-12-20,18:08,6000,카드,계란말이 추가,1,0
2025-12-20,18:16,17000,카드,소복 정식,1,0
2025-12-20,19:27,39000,카드,들기름 고등어 한상,3,0
2025-12-20,19:33,18000,카드,동치미 국수,2,0
2025-12-20,20:02,51000,카드,소복 정식,3,0
2025-12-20,20:28,15000,간편결제,제철 반상,1,0
2025-12-20,20:43,15000,간편결제,제철 반상,1,0
2025-12-20,20:49,15000,카드,제철 반상,1,0
2025-12-20,20:52,13000,카드,들기름 고등어 한상,1,0
2025-12-21,11:18,26000,카드,보리굴비 정식,1,0
2025-12-21,11:28,9000,카드,동치미 국수,1,0
2025-12-21,11:33,17000,카드,소복 정식,1,0
2025-12-21,11:41,9000,간편결제,동치미 국수,1,0
2025-12-21,11:47,26000,카드,들기름 고등어 한상,2,0
2025-12-21,11:49,26000,카드,보리굴비 정식,1,0
2025-12-21,11:58,6000,카드,계란말이 추가,1,0
2025-12-21,12:00,13000,카드,들기름 고등어 한상,1,0
2025-12-21,12:55,6000,카드,계란말이 추가,1,0
2025-12-21,12:57,17000,간편결제,소복 정식,1,0
2025-12-21,13:10,26000,카드,보리굴비 정식,1,0
2025-12-21,13:12,15000,카드,제철 반상,1,0
2025-12-21,13:12,15000,카드,제철 반상,1,0
2025-12-21,13:26,15000,현금,제철 반상,1,0
2025-12-21,13:27,51000,카드,소복 정식,3,0
2025-12-21,13:28,52000,카드,보리굴비 정식,2,0
2025-12-21,13:39,9000,카드,동치미 국수,1,0
2025-12-21,13:42,15000,현금,제철 반상,1,0
2025-12-21,13:51,9000,간편결제,동치미 국수,1,0
2025-12-21,13:54,17000,카드,소복 정식,1,0
2025-12-21,17:19,13000,카드,들기름 고등어 한상,1,0
2025-12-21,18:13,9000,간편결제,동치미 국수,1,0
2025-12-21,18:19,6000,카드,계란말이 추가,1,0
2025-12-21,18:42,21000,카드,묵은지 김치찜,1,0
2025-12-21,18:54,26000,카드,들기름 고등어 한상,2,0
2025-12-21,19:14,17000,현금,소복 정식,1,0
2025-12-21,19:28,15000,간편결제,제철 반상,1,0
2025-12-21,19:36,13000,간편결제,들기름 고등어 한상,1,0
2025-12-21,19:43,34000,현금,소복 정식,2,0
2025-12-21,20:53,21000,카드,묵은지 김치찜,1,0
2025-12-23,11:14,13000,현금,들기름 고등어 한상,1,0
2025-12-23,11:17,18000,카드,동치미 국수,2,0
2025-12-23,11:23,26000,카드,보리굴비 정식,1,0
2025-12-23,11:41,15000,카드,제철 반상,1,0
2025-12-23,12:00,9000,간편결제,동치미 국수,1,0
2025-12-23,12:16,13000,간편결제,들기름 고등어 한상,1,0
2025-12-23,12:32,34000,카드,소복 정식,2,0
2025-12-23,12:41,17000,현금,소복 정식,1,0
2025-12-23,13:01,26000,카드,보리굴비 정식,1,26000
2025-12-23,13:04,26000,현금,보리굴비 정식,1,0
2025-12-23,13:08,42000,카드,묵은지 김치찜,2,0
2025-12-23,13:16,26000,간편결제,들기름 고등어 한상,2,26000
2025-12-23,13:22,26000,카드,보리굴비 정식,1,0
2025-12-23,13:31,9000,카드,동치미 국수,1,0
2025-12-23,13:37,13000,카드,들기름 고등어 한상,1,0
2025-12-23,13:44,12000,카드,계란말이 추가,2,0
2025-12-23,17:30,6000,카드,계란말이 추가,1,0
2025-12-23,17:33,26000,카드,보리굴비 정식,1,0
2025-12-23,17:43,18000,간편결제,동치미 국수,2,0
2025-12-23,17:44,63000,카드,묵은지 김치찜,3,0
2025-12-23,17:47,15000,카드,제철 반상,1,0
2025-12-23,18:01,15000,간편결제,제철 반상,1,0
2025-12-23,18:26,42000,카드,묵은지 김치찜,2,0
2025-12-23,18:38,6000,카드,계란말이 추가,1,0
2025-12-23,18:50,6000,카드,계란말이 추가,1,0
2025-12-23,19:07,34000,카드,소복 정식,2,0
2025-12-23,19:39,13000,카드,들기름 고등어 한상,1,0
2025-12-23,20:04,9000,카드,동치미 국수,1,0
2025-12-23,20:14,13000,카드,들기름 고등어 한상,1,0
2025-12-23,20:55,30000,카드,제철 반상,2,0
2025-12-23,20:58,26000,카드,보리굴비 정식,1,0
2025-12-24,11:46,26000,간편결제,보리굴비 정식,1,0
2025-12-24,11:51,9000,카드,동치미 국수,1,0
2025-12-24,12:10,9000,카드,동치미 국수,1,0
2025-12-24,12:42,17000,카드,소복 정식,1,0
2025-12-24,12:46,6000,카드,계란말이 추가,1,0
2025-12-24,13:15,17000,카드,소복 정식,1,0
2025-12-24,13:18,15000,간편결제,제철 반상,1,0
2025-12-24,13:21,6000,간편결제,계란말이 추가,1,0
2025-12-24,13:22,26000,카드,보리굴비 정식,1,0
2025-12-24,13:28,26000,간편결제,보리굴비 정식,1,0
2025-12-24,13:31,17000,카드,소복 정식,1,0
2025-12-24,13:38,21000,간편결제,묵은지 김치찜,1,0
2025-12-24,13:49,13000,카드,들기름 고등어 한상,1,0
2025-12-24,13:50,52000,카드,보리굴비 정식,2,0
2025-12-24,17:27,21000,카드,묵은지 김치찜,1,0
2025-12-24,17:38,18000,카드,동치미 국수,2,0
2025-12-24,17:51,13000,카드,들기름 고등어 한상,1,0
2025-12-24,17:54,21000,간편결제,묵은지 김치찜,1,21000
2025-12-24,17:58,18000,카드,계란말이 추가,3,0
2025-12-24,18:08,42000,카드,묵은지 김치찜,2,0
2025-12-24,19:07,15000,현금,제철 반상,1,0
2025-12-24,19:10,17000,카드,소복 정식,1,0
2025-12-24,19:31,26000,카드,들기름 고등어 한상,2,0
2025-12-24,20:08,13000,카드,들기름 고등어 한상,1,0
2025-12-24,20:23,21000,카드,묵은지 김치찜,1,0
2025-12-24,20:26,30000,카드,제철 반상,2,0
2025-12-24,20:40,6000,간편결제,계란말이 추가,1,0
2025-12-24,20:41,17000,카드,소복 정식,1,0
2025-12-25,11:09,26000,카드,보리굴비 정식,1,0
2025-12-25,11:19,17000,카드,소복 정식,1,0
2025-12-25,11:20,30000,현금,제철 반상,2,0
2025-12-25,11:43,21000,간편결제,묵은지 김치찜,1,0
2025-12-25,12:21,21000,간편결제,묵은지 김치찜,1,0
2025-12-25,12:52,6000,카드,계란말이 추가,1,0
2025-12-25,13:15,9000,카드,동치미 국수,1,0
2025-12-25,13:43,13000,카드,들기름 고등어 한상,1,0
2025-12-25,13:45,17000,카드,소복 정식,1,0
2025-12-25,13:49,34000,카드,소복 정식,2,0
2025-12-25,13:53,13000,카드,들기름 고등어 한상,1,0
2025-12-25,17:11,26000,카드,보리굴비 정식,1,0
2025-12-25,17:53,17000,카드,소복 정식,1,0
2025-12-25,17:56,17000,카드,소복 정식,1,0
2025-12-25,18:15,18000,카드,동치미 국수,2,0
2025-12-25,18:27,9000,간편결제,동치미 국수,1,0
2025-12-25,19:03,42000,현금,묵은지 김치찜,2,0
2025-12-25,19:15,6000,간편결제,계란말이 추가,1,0
2025-12-25,19:18,34000,카드,소복 정식,2,0
2025-12-25,19:22,17000,간편결제,소복 정식,1,0
2025-12-25,19:30,17000,간편결제,소복 정식,1,0
2025-12-25,19:39,26000,간편결제,보리굴비 정식,1,0
2025-12-25,20:08,21000,카드,묵은지 김치찜,1,0
2025-12-25,20:11,13000,간편결제,들기름 고등어 한상,1,0
2025-12-25,20:23,9000,간편결제,동치미 국수,1,0
2025-12-25,20:41,78000,카드,보리굴비 정식,3,0
2025-12-25,20:44,34000,간편결제,소복 정식,2,0
2025-12-25,20:52,17000,카드,소복 정식,1,0
2025-12-25,20:59,6000,카드,계란말이 추가,1,0
2025-12-26,11:05,15000,카드,제철 반상,1,0
2025-12-26,11:08,21000,카드,묵은지 김치찜,1,0
2025-12-26,11:12,17000,카드,소복 정식,1,0
2025-12-26,11:24,13000,카드,들기름 고등어 한상,1,0
2025-12-26,11:26,15000,카드,제철 반상,1,0
2025-12-26,11:29,6000,카드,계란말이 추가,1,0
2025-12-26,11:37,26000,카드,보리굴비 정식,1,0
2025-12-26,11:44,26000,카드,들기름 고등어 한상,2,0
2025-12-26,11:54,63000,카드,묵은지 김치찜,3,0
2025-12-26,11:55,52000,카드,보리굴비 정식,2,0
2025-12-26,12:09,6000,현금,계란말이 추가,1,0
2025-12-26,12:10,15000,카드,제철 반상,1,0
2025-12-26,12:12,21000,카드,묵은지 김치찜,1,0
2025-12-26,12:17,26000,카드,보리굴비 정식,1,0
2025-12-26,12:20,17000,카드,소복 정식,1,0
2025-12-26,12:23,13000,카드,들기름 고등어 한상,1,0
2025-12-26,12:38,26000,카드,보리굴비 정식,1,0
2025-12-26,12:54,17000,카드,소복 정식,1,0
2025-12-26,12:55,17000,카드,소복 정식,1,0
2025-12-26,12:59,9000,카드,동치미 국수,1,0
2025-12-26,13:04,6000,카드,계란말이 추가,1,0
2025-12-26,13:04,26000,카드,보리굴비 정식,1,0
2025-12-26,13:14,52000,간편결제,보리굴비 정식,2,0
2025-12-26,13:21,15000,현금,제철 반상,1,0
2025-12-26,13:22,15000,카드,제철 반상,1,0
2025-12-26,13:26,15000,카드,제철 반상,1,0
2025-12-26,13:43,15000,카드,제철 반상,1,0
2025-12-26,17:14,34000,카드,소복 정식,2,0
2025-12-26,17:50,26000,카드,보리굴비 정식,1,0
2025-12-26,17:53,17000,카드,소복 정식,1,0
2025-12-26,18:34,9000,간편결제,동치미 국수,1,0
2025-12-26,18:47,6000,카드,계란말이 추가,1,0
2025-12-26,18:50,13000,간편결제,들기름 고등어 한상,1,0
2025-12-26,18:55,9000,카드,동치미 국수,1,0
2025-12-26,19:04,9000,카드,동치미 국수,1,0
2025-12-26,19:29,6000,카드,계란말이 추가,1,0
2025-12-26,19:33,26000,카드,보리굴비 정식,1,0
2025-12-26,19:41,13000,카드,들기름 고등어 한상,1,0
2025-12-26,20:09,18000,카드,동치미 국수,2,0
2025-12-26,20:12,15000,카드,제철 반상,1,0
2025-12-26,20:21,30000,카드,제철 반상,2,0
2025-12-26,20:28,6000,카드,계란말이 추가,1,0
2025-12-26,20:51,6000,카드,계란말이 추가,1,0
2025-12-26,20:58,6000,간편결제,계란말이 추가,1,0
2025-12-27,11:21,15000,카드,제철 반상,1,0
2025-12-27,11:26,15000,카드,제철 반상,1,0
2025-12-27,11:30,6000,간편결제,계란말이 추가,1,0
2025-12-27,11:32,34000,카드,소복 정식,2,0
2025-12-27,11:59,21000,카드,묵은지 김치찜,1,0
2025-12-27,12:00,13000,카드,들기름 고등어 한상,1,0
2025-12-27,12:42,9000,카드,동치미 국수,1,0
2025-12-27,12:50,15000,카드,제철 반상,1,0
2025-12-27,12:51,26000,현금,보리굴비 정식,1,0
2025-12-27,13:15,26000,카드,들기름 고등어 한상,2,0
2025-12-27,13:16,26000,현금,보리굴비 정식,1,0
2025-12-27,17:01,6000,현금,계란말이 추가,1,0
2025-12-27,17:15,6000,카드,계란말이 추가,1,0
2025-12-27,17:18,6000,현금,계란말이 추가,1,0
2025-12-27,17:18,17000,카드,소복 정식,1,0
2025-12-27,17:27,42000,카드,묵은지 김치찜,2,0
2025-12-27,17:27,21000,현금,묵은지 김치찜,1,0
2025-12-27,17:41,13000,카드,들기름 고등어 한상,1,0
2025-12-27,17:57,9000,현금,동치미 국수,1,0
2025-12-27,18:03,42000,카드,묵은지 김치찜,2,0
2025-12-27,18:03,26000,카드,보리굴비 정식,1,0
2025-12-27,18:07,21000,현금,묵은지 김치찜,1,0
2025-12-27,18:08,21000,카드,묵은지 김치찜,1,0
2025-12-27,18:10,15000,카드,제철 반상,1,0
2025-12-27,18:19,26000,카드,보리굴비 정식,1,0
2025-12-27,18:46,39000,간편결제,들기름 고등어 한상,3,0
2025-12-27,19:07,17000,카드,소복 정식,1,0
2025-12-27,19:24,21000,카드,묵은지 김치찜,1,0
2025-12-27,19:46,6000,카드,계란말이 추가,1,0
2025-12-27,20:06,18000,카드,동치미 국수,2,0
2025-12-27,20:21,13000,카드,들기름 고등어 한상,1,0
2025-12-27,20:36,6000,간편결제,계란말이 추가,1,0
2025-12-27,20:44,21000,카드,묵은지 김치찜,1,0
2025-12-28,11:07,52000,간편결제,보리굴비 정식,2,0
2025-12-28,11:09,42000,카드,묵은지 김치찜,2,0
2025-12-28,11:28,9000,카드,동치미 국수,1,0
2025-12-28,12:15,6000,카드,계란말이 추가,1,0
2025-12-28,12:21,13000,카드,들기름 고등어 한상,1,0
2025-12-28,12:29,26000,카드,보리굴비 정식,1,0
2025-12-28,13:03,17000,간편결제,소복 정식,1,0
2025-12-28,13:53,6000,카드,계란말이 추가,1,0
2025-12-28,17:06,15000,카드,제철 반상,1,0
2025-12-28,17:25,39000,카드,들기름 고등어 한상,3,0
2025-12-28,17:25,9000,카드,동치미 국수,1,0
2025-12-28,17:51,42000,카드,묵은지 김치찜,2,0
2025-12-28,17:58,21000,카드,묵은지 김치찜,1,0
2025-12-28,18:05,12000,카드,계란말이 추가,2,0
2025-12-28,18:07,15000,카드,제철 반상,1,0
2025-12-28,18:09,17000,카드,소복 정식,1,0
2025-12-28,18:22,30000,간편결제,제철 반상,2,0
2025-12-28,18:30,21000,카드,묵은지 김치찜,1,0
2025-12-28,18:43,18000,카드,동치미 국수,2,0
2025-12-28,18:51,42000,간편결제,묵은지 김치찜,2,0
2025-12-28,19:04,6000,카드,계란말이 추가,1,0
2025-12-28,19:10,17000,카드,소복 정식,1,0
2025-12-28,20:12,9000,카드,동치미 국수,1,0
2025-12-28,20:34,15000,카드,제철 반상,1,0
2025-12-28,20:41,6000,카드,계란말이 추가,1,6000
2025-12-28,20:48,17000,카드,소복 정식,1,0
2025-12-28,20:50,9000,카드,동치미 국수,1,0
2025-12-29,11:26,17000,카드,소복 정식,1,0
2025-12-29,12:07,26000,간편결제,보리굴비 정식,1,0
2025-12-29,12:27,17000,카드,소복 정식,1,0
2025-12-29,12:56,15000,현금,제철 반상,1,0
2025-12-29,13:41,26000,현금,보리굴비 정식,1,0
2025-12-29,13:54,30000,카드,제철 반상,2,0
2025-12-29,17:15,6000,카드,계란말이 추가,1,0
2025-12-29,17:44,26000,카드,들기름 고등어 한상,2,0
2025-12-29,17:45,9000,현금,동치미 국수,1,0
2025-12-29,17:48,34000,카드,소복 정식,2,0
2025-12-29,17:52,17000,카드,소복 정식,1,0
2025-12-29,18:19,17000,카드,소복 정식,1,0
2025-12-29,18:21,26000,카드,들기름 고등어 한상,2,0
2025-12-29,18:27,21000,카드,묵은지 김치찜,1,0
2025-12-29,18:31,17000,카드,소복 정식,1,0
2025-12-29,18:47,17000,카드,소복 정식,1,0
2025-12-29,18:47,21000,카드,묵은지 김치찜,1,0
2025-12-29,19:03,9000,카드,동치미 국수,1,0
2025-12-29,19:14,9000,카드,동치미 국수,1,9000
2025-12-29,19:30,21000,카드,묵은지 김치찜,1,0
2025-12-29,19:47,13000,현금,들기름 고등어 한상,1,0
2025-12-29,19:53,6000,카드,계란말이 추가,1,0
2025-12-29,20:11,21000,카드,묵은지 김치찜,1,0
2025-12-29,20:14,34000,간편결제,소복 정식,2,0
2025-12-29,20:17,15000,간편결제,제철 반상,1,0
2025-12-29,20:40,15000,카드,제철 반상,1,0
2025-12-29,20:40,17000,간편결제,소복 정식,1,0
2025-12-29,20:59,9000,카드,동치미 국수,1,0
2025-12-30,11:08,78000,카드,보리굴비 정식,3,0
2025-12-30,11:13,17000,간편결제,소복 정식,1,0
2025-12-30,11:53,12000,카드,계란말이 추가,2,0
2025-12-30,12:03,13000,카드,들기름 고등어 한상,1,0
2025-12-30,12:17,6000,간편결제,계란말이 추가,1,0
2025-12-30,12:18,52000,간편결제,보리굴비 정식,2,0
2025-12-30,12:46,26000,카드,보리굴비 정식,1,0
2025-12-30,13:16,6000,현금,계란말이 추가,1,0
2025-12-30,13:29,6000,카드,계란말이 추가,1,0
2025-12-30,13:44,21000,카드,묵은지 김치찜,1,0
2025-12-30,13:51,9000,카드,동치미 국수,1,0
2025-12-30,13:57,15000,카드,제철 반상,1,0
2025-12-30,17:31,9000,카드,동치미 국수,1,0
2025-12-30,17:45,26000,카드,들기름 고등어 한상,2,0
2025-12-30,17:55,15000,카드,제철 반상,1,0
2025-12-30,18:02,13000,간편결제,들기름 고등어 한상,1,0
2025-12-30,18:26,17000,간편결제,소복 정식,1,0
2025-12-30,18:46,26000,카드,보리굴비 정식,1,0
2025-12-30,18:47,26000,카드,보리굴비 정식,1,0
2025-12-30,18:57,13000,카드,들기름 고등어 한상,1,0
2025-12-30,19:14,15000,카드,제철 반상,1,0
2025-12-30,19:22,21000,현금,묵은지 김치찜,1,0
2025-12-30,19:24,12000,현금,계란말이 추가,2,0
2025-12-30,19:42,17000,간편결제,소복 정식,1,0
2025-12-30,19:59,21000,카드,묵은지 김치찜,1,0
2025-12-30,20:04,51000,카드,소복 정식,3,0
2025-12-30,20:08,26000,카드,보리굴비 정식,1,0
2025-12-30,20:19,26000,카드,들기름 고등어 한상,2,0
2025-12-30,20:19,9000,카드,동치미 국수,1,0
2025-12-30,20:20,21000,간편결제,묵은지 김치찜,1,0
2025-12-30,20:46,30000,카드,제철 반상,2,0
2025-12-30,20:58,21000,현금,묵은지 김치찜,1,0
2025-12-31,11:04,13000,카드,들기름 고등어 한상,1,0
2025-12-31,11:11,18000,카드,계란말이 추가,3,0
2025-12-31,11:13,42000,카드,묵은지 김치찜,2,0
2025-12-31,11:19,9000,카드,동치미 국수,1,9000
2025-12-31,11:45,13000,카드,들기름 고등어 한상,1,0
2025-12-31,11:45,13000,간편결제,들기름 고등어 한상,1,0
2025-12-31,11:51,9000,간편결제,동치미 국수,1,0
2025-12-31,12:18,21000,카드,묵은지 김치찜,1,0
2025-12-31,12:38,13000,현금,들기름 고등어 한상,1,0
2025-12-31,12:45,6000,카드,계란말이 추가,1,0
2025-12-31,12:54,42000,현금,묵은지 김치찜,2,0
2025-12-31,12:58,78000,카드,보리굴비 정식,3,0
2025-12-31,13:02,17000,카드,소복 정식,1,0
2025-12-31,13:46,9000,카드,동치미 국수,1,0
2025-12-31,13:55,52000,카드,보리굴비 정식,2,0
2025-12-31,17:05,15000,카드,제철 반상,1,0
2025-12-31,17:16,6000,카드,계란말이 추가,1,0
2025-12-31,17:28,15000,간편결제,제철 반상,1,0
2025-12-31,17:52,9000,카드,동치미 국수,1,0
2025-12-31,17:53,17000,카드,소복 정식,1,0
2025-12-31,17:53,21000,간편결제,묵은지 김치찜,1,0
2025-12-31,18:00,26000,간편결제,보리굴비 정식,1,0
2025-12-31,18:02,17000,카드,소복 정식,1,0
2025-12-31,18:53,17000,카드,소복 정식,1,0
2025-12-31,19:00,34000,카드,소복 정식,2,0
2025-12-31,19:00,21000,카드,묵은지 김치찜,1,0
2025-12-31,19:11,21000,카드,묵은지 김치찜,1,0
2025-12-31,19:28,13000,간편결제,들기름 고등어 한상,1,0
2025-12-31,19:34,9000,간편결제,동치미 국수,1,0
2025-12-31,19:35,17000,카드,소복 정식,1,0
2025-12-31,20:19,17000,카드,소복 정식,1,0
2025-12-31,20:34,6000,카드,계란말이 추가,1,0
2025-12-31,20:53,9000,카드,동치미 국수,1,0
2025-12-31,20:54,6000,카드,계란말이 추가,1,0
2026-01-01,11:17,30000,간편결제,제철 반상,2,0
2026-01-01,11:24,9000,카드,동치미 국수,1,0
2026-01-01,11:50,21000,카드,묵은지 김치찜,1,0
2026-01-01,11:53,9000,간편결제,동치미 국수,1,0
2026-01-01,12:17,9000,카드,동치미 국수,1,0
2026-01-01,12:58,15000,카드,제철 반상,1,0
2026-01-01,13:03,13000,카드,들기름 고등어 한상,1,0
2026-01-01,13:29,18000,카드,동치미 국수,2,0
2026-01-01,13:38,21000,카드,묵은지 김치찜,1,0
2026-01-01,13:41,21000,카드,묵은지 김치찜,1,0
2026-01-01,13:52,6000,간편결제,계란말이 추가,1,0
2026-01-01,17:14,6000,카드,계란말이 추가,1,0
2026-01-01,17:18,6000,카드,계란말이 추가,1,0
2026-01-01,17:19,18000,카드,동치미 국수,2,0
2026-01-01,17:39,9000,카드,동치미 국수,1,0
2026-01-01,17:41,26000,카드,보리굴비 정식,1,0
2026-01-01,17:56,12000,카드,계란말이 추가,2,0
2026-01-01,18:19,6000,카드,계란말이 추가,1,0
2026-01-01,18:20,15000,카드,제철 반상,1,0
2026-01-01,18:22,6000,현금,계란말이 추가,1,0
2026-01-01,18:29,17000,현금,소복 정식,1,0
2026-01-01,19:19,42000,카드,묵은지 김치찜,2,0
2026-01-01,19:38,34000,카드,소복 정식,2,0
2026-01-01,19:56,34000,카드,소복 정식,2,0
2026-01-01,20:10,13000,카드,들기름 고등어 한상,1,0
2026-01-01,20:11,52000,카드,보리굴비 정식,2,0
2026-01-01,20:14,9000,간편결제,동치미 국수,1,0
2026-01-01,20:30,9000,카드,동치미 국수,1,0
2026-01-02,11:07,13000,카드,들기름 고등어 한상,1,0
2026-01-02,11:08,18000,카드,동치미 국수,2,0
2026-01-02,11:34,9000,현금,동치미 국수,1,0
2026-01-02,11:35,26000,카드,보리굴비 정식,1,0
2026-01-02,11:51,17000,카드,소복 정식,1,0
2026-01-02,11:55,6000,카드,계란말이 추가,1,0
2026-01-02,12:01,21000,카드,묵은지 김치찜,1,0
2026-01-02,12:06,15000,간편결제,제철 반상,1,0
2026-01-02,12:13,12000,카드,계란말이 추가,2,0
2026-01-02,12:16,9000,카드,동치미 국수,1,0
2026-01-02,12:28,63000,카드,묵은지 김치찜,3,0
2026-01-02,12:29,17000,카드,소복 정식,1,0
2026-01-02,12:29,34000,현금,소복 정식,2,0
2026-01-02,12:32,9000,카드,동치미 국수,1,0
2026-01-02,12:59,21000,카드,묵은지 김치찜,1,0
2026-01-02,13:00,13000,간편결제,들기름 고등어 한상,1,0
2026-01-02,13:09,6000,카드,계란말이 추가,1,0
2026-01-02,13:20,17000,카드,소복 정식,1,0
2026-01-02,13:46,15000,카드,제철 반상,1,0
2026-01-02,13:48,21000,카드,묵은지 김치찜,1,0
2026-01-02,17:08,17000,카드,소복 정식,1,0
2026-01-02,17:26,30000,간편결제,제철 반상,2,0
2026-01-02,17:58,9000,카드,동치미 국수,1,0
2026-01-02,18:19,17000,카드,소복 정식,1,0
2026-01-02,19:19,17000,카드,소복 정식,1,0
2026-01-02,19:30,21000,현금,묵은지 김치찜,1,0
2026-01-02,19:35,30000,카드,제철 반상,2,0
2026-01-02,19:42,17000,카드,소복 정식,1,0
2026-01-02,19:56,12000,카드,계란말이 추가,2,0
2026-01-02,20:06,39000,카드,들기름 고등어 한상,3,0
2026-01-02,20:30,13000,간편결제,들기름 고등어 한상,1,0
2026-01-02,20:40,21000,카드,묵은지 김치찜,1,0
2026-01-02,20:43,18000,카드,동치미 국수,2,0
2026-01-02,20:43,26000,카드,들기름 고등어 한상,2,0
2026-01-02,20:50,21000,카드,묵은지 김치찜,1,0
2026-01-02,20:58,17000,카드,소복 정식,1,0
2026-01-03,11:01,21000,간편결제,묵은지 김치찜,1,0
2026-01-03,11:09,9000,카드,동치미 국수,1,0
2026-01-03,11:14,6000,카드,계란말이 추가,1,0
2026-01-03,11:26,9000,카드,동치미 국수,1,0
2026-01-03,11:26,17000,카드,소복 정식,1,0
2026-01-03,11:27,13000,카드,들기름 고등어 한상,1,0
2026-01-03,11:44,6000,카드,계란말이 추가,1,0
2026-01-03,12:00,9000,카드,동치미 국수,1,0
2026-01-03,12:00,17000,카드,소복 정식,1,0
2026-01-03,12:07,6000,카드,계란말이 추가,1,0
2026-01-03,12:23,21000,현금,묵은지 김치찜,1,0
2026-01-03,13:01,42000,간편결제,묵은지 김치찜,2,0
2026-01-03,13:43,34000,현금,소복 정식,2,0
2026-01-03,13:44,30000,카드,제철 반상,2,0
2026-01-03,13:56,13000,간편결제,들기름 고등어 한상,1,0
2026-01-03,17:06,21000,현금,묵은지 김치찜,1,0
2026-01-03,17:08,18000,카드,동치미 국수,2,0
2026-01-03,17:15,21000,카드,묵은지 김치찜,1,0
2026-01-03,17:17,51000,간편결제,소복 정식,3,0
2026-01-03,17:21,26000,카드,보리굴비 정식,1,0
2026-01-03,17:43,17000,카드,소복 정식,1,0
2026-01-03,18:02,13000,카드,들기름 고등어 한상,1,0
2026-01-03,18:18,34000,카드,소복 정식,2,0
2026-01-03,18:21,9000,카드,동치미 국수,1,0
2026-01-03,18:39,21000,카드,묵은지 김치찜,1,0
2026-01-03,19:12,15000,카드,제철 반상,1,0
2026-01-03,19:15,52000,카드,보리굴비 정식,2,0
2026-01-03,19:19,13000,카드,들기름 고등어 한상,1,0
2026-01-03,19:34,26000,카드,보리굴비 정식,1,0
2026-01-03,19:42,15000,카드,제철 반상,1,0
2026-01-03,19:53,9000,카드,동치미 국수,1,0
2026-01-03,19:54,26000,카드,보리굴비 정식,1,0
2026-01-03,19:58,12000,카드,계란말이 추가,2,0
2026-01-03,20:22,15000,카드,제철 반상,1,0
2026-01-03,20:46,30000,간편결제,제철 반상,2,0
2026-01-04,11:00,9000,카드,동치미 국수,1,0
2026-01-04,11:33,9000,카드,동치미 국수,1,0
2026-01-04,11:38,15000,카드,제철 반상,1,0
2026-01-04,11:45,12000,카드,계란말이 추가,2,0
2026-01-04,12:01,12000,카드,계란말이 추가,2,0
2026-01-04,12:13,52000,카드,보리굴비 정식,2,0
2026-01-04,12:30,12000,카드,계란말이 추가,2,0
2026-01-04,12:47,13000,카드,들기름 고등어 한상,1,0
2026-01-04,13:08,9000,간편결제,동치미 국수,1,0
2026-01-04,13:15,12000,카드,계란말이 추가,2,0
2026-01-04,13:31,17000,카드,소복 정식,1,0
2026-01-04,13:46,13000,카드,들기름 고등어 한상,1,0
2026-01-04,17:26,34000,카드,소복 정식,2,0
2026-01-04,17:54,15000,카드,제철 반상,1,0
2026-01-04,18:04,26000,간편결제,보리굴비 정식,1,0
2026-01-04,18:22,15000,카드,제철 반상,1,0
2026-01-04,18:50,13000,카드,들기름 고등어 한상,1,0
2026-01-04,19:18,27000,카드,동치미 국수,3,0
2026-01-04,19:54,63000,카드,묵은지 김치찜,3,0
2026-01-04,20:09,34000,카드,소복 정식,2,0
2026-01-04,20:23,6000,카드,계란말이 추가,1,0
2026-01-04,20:25,9000,카드,동치미 국수,1,0
2026-01-04,20:27,9000,카드,동치미 국수,1,0
2026-01-05,11:24,15000,카드,제철 반상,1,0
2026-01-05,12:10,17000,카드,소복 정식,1,0
2026-01-05,12:32,13000,현금,들기름 고등어 한상,1,0
2026-01-05,12:36,9000,간편결제,동치미 국수,1,0
2026-01-05,12:58,52000,카드,보리굴비 정식,2,0
2026-01-05,13:23,26000,카드,들기름 고등어 한상,2,0
2026-01-05,13:30,39000,카드,들기름 고등어 한상,3,0
2026-01-05,13:57,13000,카드,들기름 고등어 한상,1,0
2026-01-05,17:11,6000,카드,계란말이 추가,1,0
2026-01-05,17:17,18000,카드,동치미 국수,2,0
2026-01-05,17:23,9000,카드,동치미 국수,1,0
2026-01-05,17:26,15000,카드,제철 반상,1,0
2026-01-05,17:41,6000,카드,계란말이 추가,1,0
2026-01-05,17:52,26000,카드,보리굴비 정식,1,0
2026-01-05,17:53,26000,카드,보리굴비 정식,1,0
2026-01-05,18:03,17000,현금,소복 정식,1,0
2026-01-05,18:09,21000,카드,묵은지 김치찜,1,0
2026-01-05,18:32,12000,간편결제,계란말이 추가,2,0
2026-01-05,19:40,21000,카드,묵은지 김치찜,1,0
2026-01-05,19:50,17000,카드,소복 정식,1,0
2026-01-05,19:51,13000,카드,들기름 고등어 한상,1,0
2026-01-05,20:04,12000,카드,계란말이 추가,2,0
2026-01-05,20:18,34000,간편결제,소복 정식,2,0
2026-01-05,20:45,42000,간편결제,묵은지 김치찜,2,0
2026-01-05,20:46,9000,카드,동치미 국수,1,0
2026-01-05,20:47,26000,간편결제,들기름 고등어 한상,2,0
2026-01-05,20:53,17000,간편결제,소복 정식,1,0
2026-01-06,11:01,26000,카드,보리굴비 정식,1,0
2026-01-06,11:05,15000,간편결제,제철 반상,1,0
2026-01-06,11:21,12000,카드,계란말이 추가,2,0
2026-01-06,11:25,12000,카드,계란말이 추가,2,0
2026-01-06,11:29,18000,카드,계란말이 추가,3,0
2026-01-06,12:18,17000,카드,소복 정식,1,0
2026-01-06,12:28,9000,카드,동치미 국수,1,0
2026-01-06,13:01,12000,간편결제,계란말이 추가,2,0
2026-01-06,13:08,15000,카드,제철 반상,1,0
2026-01-06,13:11,17000,카드,소복 정식,1,0
2026-01-06,13:58,26000,카드,보리굴비 정식,1,0
2026-01-06,17:19,13000,현금,들기름 고등어 한상,1,0
2026-01-06,17:35,26000,카드,보리굴비 정식,1,0
2026-01-06,17:47,13000,카드,들기름 고등어 한상,1,0
2026-01-06,17:52,9000,카드,동치미 국수,1,0
2026-01-06,18:08,52000,카드,보리굴비 정식,2,0
2026-01-06,18:24,30000,카드,제철 반상,2,0
2026-01-06,19:03,42000,간편결제,묵은지 김치찜,2,0
2026-01-06,19:09,18000,현금,동치미 국수,2,0
2026-01-06,19:26,6000,카드,계란말이 추가,1,0
2026-01-06,19:28,45000,카드,제철 반상,3,0
2026-01-06,19:39,15000,카드,제철 반상,1,0
2026-01-06,19:40,13000,카드,들기름 고등어 한상,1,0
2026-01-06,20:02,30000,카드,제철 반상,2,0
2026-01-06,20:49,26000,현금,들기름 고등어 한상,2,0
2026-01-07,11:01,17000,카드,소복 정식,1,0
2026-01-07,12:03,9000,카드,동치미 국수,1,0
2026-01-07,12:12,42000,카드,묵은지 김치찜,2,0
2026-01-07,12:15,34000,현금,소복 정식,2,0
2026-01-07,12:23,15000,간편결제,제철 반상,1,0
2026-01-07,12:36,17000,간편결제,소복 정식,1,0
2026-01-07,12:51,6000,카드,계란말이 추가,1,0
2026-01-07,12:57,39000,카드,들기름 고등어 한상,3,0
2026-01-07,12:58,52000,카드,보리굴비 정식,2,0
2026-01-07,13:22,13000,간편결제,들기름 고등어 한상,1,0
2026-01-07,13:39,26000,카드,보리굴비 정식,1,0
2026-01-07,13:54,26000,카드,보리굴비 정식,1,0
2026-01-07,17:25,12000,간편결제,계란말이 추가,2,0
2026-01-07,18:00,17000,카드,소복 정식,1,0
2026-01-07,18:11,15000,카드,제철 반상,1,0
2026-01-07,18:35,6000,카드,계란말이 추가,1,0
2026-01-07,18:35,6000,카드,계란말이 추가,1,0
2026-01-07,18:39,21000,카드,묵은지 김치찜,1,0
2026-01-07,18:55,17000,간편결제,소복 정식,1,0
2026-01-07,19:01,9000,카드,동치미 국수,1,0
2026-01-07,19:05,21000,카드,묵은지 김치찜,1,0
2026-01-07,19:29,18000,카드,동치미 국수,2,0
2026-01-07,20:06,39000,카드,들기름 고등어 한상,3,0
2026-01-07,20:08,21000,카드,묵은지 김치찜,1,0
2026-01-07,20:46,26000,카드,보리굴비 정식,1,0
2026-01-07,20:52,21000,카드,묵은지 김치찜,1,0
2026-01-07,20:58,52000,카드,보리굴비 정식,2,0
2026-01-08,11:08,26000,카드,보리굴비 정식,1,0
2026-01-08,11:11,30000,간편결제,제철 반상,2,0
2026-01-08,11:50,26000,간편결제,들기름 고등어 한상,2,0
2026-01-08,12:47,13000,현금,들기름 고등어 한상,1,0
2026-01-08,12:55,15000,카드,제철 반상,1,0
2026-01-08,13:07,21000,간편결제,묵은지 김치찜,1,0
2026-01-08,13:13,21000,카드,묵은지 김치찜,1,0
2026-01-08,13:25,15000,간편결제,제철 반상,1,0
2026-01-08,13:35,17000,카드,소복 정식,1,0
2026-01-08,13:46,15000,간편결제,제철 반상,1,0
2026-01-08,13:51,6000,카드,계란말이 추가,1,0
2026-01-08,17:16,17000,간편결제,소복 정식,1,0
2026-01-08,17:37,13000,카드,들기름 고등어 한상,1,0
2026-01-08,17:39,26000,카드,보리굴비 정식,1,0
2026-01-08,18:18,13000,카드,들기름 고등어 한상,1,0
2026-01-08,18:20,26000,카드,보리굴비 정식,1,0
2026-01-08,18:29,9000,현금,동치미 국수,1,0
2026-01-08,18:32,30000,간편결제,제철 반상,2,0
2026-01-08,18:55,21000,카드,묵은지 김치찜,1,0
2026-01-08,18:57,17000,카드,소복 정식,1,0
2026-01-08,19:17,6000,간편결제,계란말이 추가,1,0
2026-01-08,19:18,13000,카드,들기름 고등어 한상,1,0
2026-01-08,19:41,17000,간편결제,소복 정식,1,0
2026-01-08,20:06,13000,간편결제,들기름 고등어 한상,1,0
2026-01-08,20:13,17000,카드,소복 정식,1,0
2026-01-08,20:17,15000,카드,제철 반상,1,0
2026-01-08,20:27,17000,카드,소복 정식,1,0
2026-01-08,20:27,12000,카드,계란말이 추가,2,0
2026-01-08,20:27,17000,간편결제,소복 정식,1,0
2026-01-08,20:28,42000,카드,묵은지 김치찜,2,0
2026-01-08,20:36,9000,카드,동치미 국수,1,0
2026-01-09,11:18,17000,간편결제,소복 정식,1,0
2026-01-09,11:20,15000,카드,제철 반상,1,0
2026-01-09,11:49,17000,카드,소복 정식,1,0
2026-01-09,11:50,9000,카드,동치미 국수,1,0
2026-01-09,11:57,6000,카드,계란말이 추가,1,0
2026-01-09,12:08,26000,카드,보리굴비 정식,1,0
2026-01-09,12:13,15000,현금,제철 반상,1,0
2026-01-09,12:13,9000,카드,동치미 국수,1,0
2026-01-09,13:09,15000,카드,제철 반상,1,0
2026-01-09,13:13,26000,카드,보리굴비 정식,1,0
2026-01-09,13:14,15000,카드,제철 반상,1,0
2026-01-09,13:43,15000,카드,제철 반상,1,0
2026-01-09,13:43,21000,간편결제,묵은지 김치찜,1,0
2026-01-09,13:44,78000,카드,보리굴비 정식,3,0
2026-01-09,13:48,17000,카드,소복 정식,1,0
2026-01-09,17:08,34000,카드,소복 정식,2,0
2026-01-09,17:16,17000,간편결제,소복 정식,1,0
2026-01-09,17:23,15000,간편결제,제철 반상,1,0
2026-01-09,17:24,21000,현금,묵은지 김치찜,1,0
2026-01-09,17:36,42000,카드,묵은지 김치찜,2,0
2026-01-09,18:13,52000,카드,보리굴비 정식,2,0
2026-01-09,18:14,9000,카드,동치미 국수,1,0
2026-01-09,18:27,30000,간편결제,제철 반상,2,0
2026-01-09,18:31,13000,간편결제,들기름 고등어 한상,1,0
2026-01-09,18:31,15000,카드,제철 반상,1,0
2026-01-09,18:33,26000,간편결제,들기름 고등어 한상,2,0
2026-01-09,18:40,15000,카드,제철 반상,1,0
2026-01-09,18:40,13000,카드,들기름 고등어 한상,1,0
2026-01-09,18:47,15000,현금,제철 반상,1,0
2026-01-09,18:51,21000,간편결제,묵은지 김치찜,1,0
2026-01-09,18:53,26000,현금,보리굴비 정식,1,0
2026-01-09,18:55,13000,간편결제,들기름 고등어 한상,1,0
2026-01-09,18:55,13000,카드,들기름 고등어 한상,1,0
2026-01-09,18:59,17000,카드,소복 정식,1,0
2026-01-09,19:08,9000,카드,동치미 국수,1,0
2026-01-09,19:29,13000,간편결제,들기름 고등어 한상,1,0
2026-01-09,19:49,6000,간편결제,계란말이 추가,1,0
2026-01-09,19:53,26000,카드,보리굴비 정식,1,0
2026-01-09,20:13,26000,카드,보리굴비 정식,1,0
2026-01-09,20:28,12000,카드,계란말이 추가,2,0
2026-01-09,20:55,52000,카드,보리굴비 정식,2,0
2026-01-10,11:01,21000,카드,묵은지 김치찜,1,0
2026-01-10,11:08,26000,카드,보리굴비 정식,1,0
2026-01-10,11:13,9000,간편결제,동치미 국수,1,0
2026-01-10,11:15,63000,카드,묵은지 김치찜,3,0
2026-01-10,11:28,15000,카드,제철 반상,1,0
2026-01-10,11:43,13000,카드,들기름 고등어 한상,1,0
2026-01-10,11:46,52000,카드,보리굴비 정식,2,0
2026-01-10,11:49,52000,카드,보리굴비 정식,2,0
2026-01-10,11:54,13000,간편결제,들기름 고등어 한상,1,0
2026-01-10,12:03,26000,카드,보리굴비 정식,1,0
2026-01-10,12:12,9000,카드,동치미 국수,1,0
2026-01-10,12:20,15000,카드,제철 반상,1,0
2026-01-10,12:23,13000,카드,들기름 고등어 한상,1,0
2026-01-10,12:28,18000,카드,동치미 국수,2,0
2026-01-10,12:34,9000,카드,동치미 국수,1,0
2026-01-10,12:54,18000,현금,동치미 국수,2,0
2026-01-10,13:15,6000,간편결제,계란말이 추가,1,0
2026-01-10,13:15,26000,카드,보리굴비 정식,1,0
2026-01-10,13:23,30000,카드,제철 반상,2,0
2026-01-10,13:39,30000,카드,제철 반상,2,0
2026-01-10,17:10,13000,카드,들기름 고등어 한상,1,0
2026-01-10,17:20,13000,카드,들기름 고등어 한상,1,0
2026-01-10,17:20,15000,현금,제철 반상,1,0
2026-01-10,17:20,34000,카드,소복 정식,2,0
2026-01-10,17:27,15000,현금,제철 반상,1,0
2026-01-10,17:33,52000,카드,보리굴비 정식,2,0
2026-01-10,17:39,6000,카드,계란말이 추가,1,0
2026-01-10,18:00,26000,현금,보리굴비 정식,1,0
2026-01-10,18:01,13000,간편결제,들기름 고등어 한상,1,0
2026-01-10,18:24,42000,카드,묵은지 김치찜,2,0
2026-01-10,18:57,15000,간편결제,제철 반상,1,15000
2026-01-10,19:35,21000,카드,묵은지 김치찜,1,0
2026-01-10,19:51,17000,간편결제,소복 정식,1,0
2026-01-10,19:54,26000,카드,보리굴비 정식,1,0
2026-01-10,19:57,17000,카드,소복 정식,1,0
2026-01-10,20:23,13000,카드,들기름 고등어 한상,1,0
2026-01-10,20:28,17000,카드,소복 정식,1,0
2026-01-10,20:30,6000,카드,계란말이 추가,1,0
2026-01-10,20:49,21000,카드,묵은지 김치찜,1,21000
2026-01-10,20:49,45000,카드,제철 반상,3,0
2026-01-10,20:57,21000,간편결제,묵은지 김치찜,1,0
2026-01-11,11:02,17000,카드,소복 정식,1,0
2026-01-11,11:54,34000,간편결제,소복 정식,2,0
2026-01-11,12:00,6000,현금,계란말이 추가,1,0
2026-01-11,12:03,63000,현금,묵은지 김치찜,3,0
2026-01-11,13:17,9000,카드,동치미 국수,1,0
2026-01-11,13:49,34000,카드,소복 정식,2,0
2026-01-11,13:52,9000,카드,동치미 국수,1,0
2026-01-11,13:59,21000,카드,묵은지 김치찜,1,0
2026-01-11,17:20,9000,카드,동치미 국수,1,0
2026-01-11,17:47,30000,현금,제철 반상,2,0
2026-01-11,18:06,17000,카드,소복 정식,1,0
2026-01-11,18:12,21000,카드,묵은지 김치찜,1,0
2026-01-11,18:20,15000,간편결제,제철 반상,1,0
2026-01-11,18:33,15000,카드,제철 반상,1,0
2026-01-11,18:34,6000,카드,계란말이 추가,1,0
2026-01-11,18:51,52000,카드,보리굴비 정식,2,0
2026-01-11,19:00,9000,간편결제,동치미 국수,1,0
2026-01-11,19:07,63000,간편결제,묵은지 김치찜,3,0
2026-01-11,19:33,26000,카드,보리굴비 정식,1,0
2026-01-11,20:02,9000,간편결제,동치미 국수,1,0
2026-01-11,20:14,6000,카드,계란말이 추가,1,0
2026-01-11,20:26,17000,카드,소복 정식,1,0
2026-01-11,20:42,13000,카드,들기름 고등어 한상,1,0
2026-01-11,20:46,18000,카드,동치미 국수,2,0
2026-01-13,11:17,15000,카드,제철 반상,1,0
2026-01-13,11:17,30000,간편결제,제철 반상,2,0
2026-01-13,11:38,17000,카드,소복 정식,1,0
2026-01-13,12:05,15000,카드,제철 반상,1,0
2026-01-13,12:37,12000,카드,계란말이 추가,2,0
2026-01-13,12:39,6000,카드,계란말이 추가,1,0
2026-01-13,13:00,78000,카드,보리굴비 정식,3,0
2026-01-13,13:01,18000,카드,동치미 국수,2,0
2026-01-13,13:03,21000,카드,묵은지 김치찜,1,0
2026-01-13,13:14,21000,카드,묵은지 김치찜,1,0
2026-01-13,13:29,15000,카드,제철 반상,1,0
2026-01-13,13:53,6000,카드,계란말이 추가,1,0
2026-01-13,17:27,17000,간편결제,소복 정식,1,0
2026-01-13,17:48,45000,현금,제철 반상,3,0
2026-01-13,18:10,15000,카드,제철 반상,1,0
2026-01-13,18:40,15000,카드,제철 반상,1,0
2026-01-13,18:49,12000,카드,계란말이 추가,2,0
2026-01-13,18:57,13000,카드,들기름 고등어 한상,1,0
2026-01-13,19:12,21000,현금,묵은지 김치찜,1,0
2026-01-13,19:24,26000,카드,보리굴비 정식,1,0
2026-01-13,19:27,17000,카드,소복 정식,1,0
2026-01-13,19:32,13000,카드,들기름 고등어 한상,1,0
2026-01-13,19:39,26000,카드,보리굴비 정식,1,0
2026-01-13,20:39,34000,카드,소복 정식,2,0
2026-01-14,11:15,9000,간편결제,동치미 국수,1,0
2026-01-14,11:20,17000,카드,소복 정식,1,0
2026-01-14,11:54,6000,카드,계란말이 추가,1,6000
2026-01-14,12:04,6000,카드,계란말이 추가,1,0
2026-01-14,12:05,9000,현금,동치미 국수,1,0
2026-01-14,12:08,42000,카드,묵은지 김치찜,2,0
2026-01-14,12:21,9000,현금,동치미 국수,1,0
2026-01-14,12:43,13000,카드,들기름 고등어 한상,1,0
2026-01-14,13:02,9000,카드,동치미 국수,1,0
2026-01-14,13:11,9000,간편결제,동치미 국수,1,0
2026-01-14,13:14,45000,카드,제철 반상,3,0
2026-01-14,13:26,52000,간편결제,보리굴비 정식,2,0
2026-01-14,13:33,42000,카드,묵은지 김치찜,2,0
2026-01-14,13:46,30000,카드,제철 반상,2,0
2026-01-14,13:51,15000,카드,제철 반상,1,0
2026-01-14,13:59,18000,카드,동치미 국수,2,0
2026-01-14,17:21,52000,카드,보리굴비 정식,2,0
2026-01-14,17:44,13000,카드,들기름 고등어 한상,1,0
2026-01-14,17:58,17000,간편결제,소복 정식,1,0
2026-01-14,18:08,52000,카드,보리굴비 정식,2,0
2026-01-14,18:34,21000,카드,묵은지 김치찜,1,0
2026-01-14,18:41,13000,카드,들기름 고등어 한상,1,0
2026-01-14,18:43,27000,간편결제,동치미 국수,3,0
2026-01-14,18:58,6000,카드,계란말이 추가,1,0
2026-01-14,19:13,21000,카드,묵은지 김치찜,1,0
2026-01-14,19:48,6000,카드,계란말이 추가,1,0
2026-01-14,20:09,26000,카드,보리굴비 정식,1,0
2026-01-14,20:30,30000,카드,제철 반상,2,0
2026-01-14,20:45,13000,간편결제,들기름 고등어 한상,1,13000
2026-01-14,20:57,21000,카드,묵은지 김치찜,1,0
2026-01-15,11:08,17000,카드,소복 정식,1,0
2026-01-15,11:28,6000,카드,계란말이 추가,1,0
2026-01-15,11:31,17000,간편결제,소복 정식,1,0
2026-01-15,11:33,42000,카드,묵은지 김치찜,2,0
2026-01-15,11:33,30000,카드,제철 반상,2,0
2026-01-15,12:06,9000,카드,동치미 국수,1,0
2026-01-15,12:12,9000,카드,동치미 국수,1,0
2026-01-15,12:23,34000,카드,소복 정식,2,0
2026-01-15,12:29,17000,현금,소복 정식,1,0
2026-01-15,12:31,9000,카드,동치미 국수,1,0
2026-01-15,12:42,9000,현금,동치미 국수,1,0
2026-01-15,13:23,26000,카드,보리굴비 정식,1,0
2026-01-15,13:29,21000,카드,묵은지 김치찜,1,0
2026-01-15,13:51,78000,카드,보리굴비 정식,3,0
2026-01-15,17:29,21000,카드,묵은지 김치찜,1,0
2026-01-15,17:39,15000,카드,제철 반상,1,0
2026-01-15,18:07,9000,카드,동치미 국수,1,0
2026-01-15,18:36,13000,현금,들기름 고등어 한상,1,0
2026-01-15,18:41,15000,카드,제철 반상,1,0
2026-01-15,19:06,26000,카드,보리굴비 정식,1,0
2026-01-15,19:13,42000,카드,묵은지 김치찜,2,0
2026-01-15,19:13,27000,카드,동치미 국수,3,0
2026-01-15,19:25,26000,카드,들기름 고등어 한상,2,0
2026-01-15,19:37,13000,카드,들기름 고등어 한상,1,0
2026-01-15,19:47,15000,간편결제,제철 반상,1,0
2026-01-15,20:00,52000,현금,보리굴비 정식,2,0
2026-01-15,20:05,6000,카드,계란말이 추가,1,0
2026-01-15,20:38,30000,카드,제철 반상,2,0
2026-01-15,20:40,17000,간편결제,소복 정식,1,0
2026-01-15,20:50,26000,카드,들기름 고등어 한상,2,0
2026-01-15,20:52,12000,카드,계란말이 추가,2,0
2026-01-16,11:02,13000,카드,들기름 고등어 한상,1,0
2026-01-16,11:18,9000,카드,동치미 국수,1,0
2026-01-16,11:25,21000,카드,묵은지 김치찜,1,21000
2026-01-16,11:32,12000,간편결제,계란말이 추가,2,0
2026-01-16,11:40,34000,카드,소복 정식,2,0
2026-01-16,11:44,52000,간편결제,보리굴비 정식,2,0
2026-01-16,11:46,6000,간편결제,계란말이 추가,1,0
2026-01-16,11:55,9000,카드,동치미 국수,1,0
2026-01-16,12:28,26000,현금,보리굴비 정식,1,0
2026-01-16,12:33,18000,카드,동치미 국수,2,0
2026-01-16,12:36,15000,카드,제철 반상,1,0
2026-01-16,12:43,26000,카드,보리굴비 정식,1,0
2026-01-16,12:53,9000,카드,동치미 국수,1,0
2026-01-16,13:07,9000,카드,동치미 국수,1,0
2026-01-16,13:23,34000,카드,소복 정식,2,0
2026-01-16,13:23,15000,간편결제,제철 반상,1,0
2026-01-16,13:24,26000,카드,보리굴비 정식,1,0
2026-01-16,13:29,15000,현금,제철 반상,1,0
2026-01-16,13:35,12000,카드,계란말이 추가,2,0
2026-01-16,13:52,9000,카드,동치미 국수,1,0
2026-01-16,17:35,13000,카드,들기름 고등어 한상,1,0
2026-01-16,17:37,15000,카드,제철 반상,1,0
2026-01-16,18:52,6000,카드,계란말이 추가,1,0
2026-01-16,19:00,15000,카드,제철 반상,1,0
2026-01-16,19:18,17000,간편결제,소복 정식,1,0
2026-01-16,19:21,17000,카드,소복 정식,1,0
2026-01-16,19:30,42000,카드,묵은지 김치찜,2,0
2026-01-16,19:38,15000,카드,제철 반상,1,0
2026-01-16,19:38,26000,카드,보리굴비 정식,1,0
2026-01-16,20:05,13000,간편결제,들기름 고등어 한상,1,0
2026-01-16,20:06,13000,카드,들기름 고등어 한상,1,0
2026-01-16,20:31,6000,현금,계란말이 추가,1,0
2026-01-16,20:44,13000,간편결제,들기름 고등어 한상,1,0
2026-01-16,20:51,15000,카드,제철 반상,1,0
2026-01-17,11:15,26000,카드,보리굴비 정식,1,0
2026-01-17,11:19,26000,카드,보리굴비 정식,1,0
2026-01-17,11:50,26000,카드,보리굴비 정식,1,0
2026-01-17,12:16,26000,카드,보리굴비 정식,1,0
2026-01-17,12:40,13000,간편결제,들기름 고등어 한상,1,0
2026-01-17,12:43,17000,현금,소복 정식,1,0
2026-01-17,13:09,26000,카드,보리굴비 정식,1,0
2026-01-17,13:10,21000,카드,묵은지 김치찜,1,0
2026-01-17,13:28,6000,현금,계란말이 추가,1,0
2026-01-17,13:36,45000,카드,제철 반상,3,0
2026-01-17,13:42,21000,카드,묵은지 김치찜,1,0
2026-01-17,13:52,21000,카드,묵은지 김치찜,1,0
2026-01-17,13:53,34000,현금,소복 정식,2,0
2026-01-17,17:11,26000,간편결제,보리굴비 정식,1,0
2026-01-17,17:50,21000,간편결제,묵은지 김치찜,1,0
2026-01-17,17:52,12000,카드,계란말이 추가,2,0
2026-01-17,17:58,13000,카드,들기름 고등어 한상,1,0
2026-01-17,17:58,34000,카드,소복 정식,2,0
2026-01-17,18:00,13000,카드,들기름 고등어 한상,1,0
2026-01-17,18:07,17000,카드,소복 정식,1,0
2026-01-17,18:15,6000,카드,계란말이 추가,1,0
2026-01-17,18:21,17000,카드,소복 정식,1,0
2026-01-17,18:40,15000,카드,제철 반상,1,0
2026-01-17,18:40,9000,카드,동치미 국수,1,0
2026-01-17,18:51,78000,카드,보리굴비 정식,3,0
2026-01-17,18:58,13000,카드,들기름 고등어 한상,1,0
2026-01-17,19:06,9000,카드,동치미 국수,1,0
2026-01-17,19:09,6000,카드,계란말이 추가,1,0
2026-01-17,19:15,13000,카드,들기름 고등어 한상,1,0
2026-01-17,19:38,6000,카드,계란말이 추가,1,0
2026-01-17,19:43,9000,카드,동치미 국수,1,0
2026-01-17,19:50,15000,간편결제,제철 반상,1,0
2026-01-17,20:20,21000,카드,묵은지 김치찜,1,0
2026-01-17,20:28,13000,카드,들기름 고등어 한상,1,0
2026-01-17,20:38,15000,카드,제철 반상,1,0
2026-01-18,11:21,13000,간편결제,들기름 고등어 한상,1,0
2026-01-18,11:26,52000,현금,보리굴비 정식,2,0
2026-01-18,11:30,26000,카드,보리굴비 정식,1,0
2026-01-18,12:00,13000,간편결제,들기름 고등어 한상,1,0
2026-01-18,12:08,52000,카드,보리굴비 정식,2,0
2026-01-18,12:12,26000,카드,보리굴비 정식,1,0
2026-01-18,12:29,9000,카드,동치미 국수,1,0
2026-01-18,12:30,6000,카드,계란말이 추가,1,0
2026-01-18,12:36,63000,카드,묵은지 김치찜,3,0
2026-01-18,12:38,15000,카드,제철 반상,1,0
2026-01-18,13:22,39000,간편결제,들기름 고등어 한상,3,0
2026-01-18,17:11,26000,카드,보리굴비 정식,1,0
2026-01-18,17:22,26000,카드,보리굴비 정식,1,0
2026-01-18,17:33,21000,카드,묵은지 김치찜,1,0
2026-01-18,17:41,6000,카드,계란말이 추가,1,0
2026-01-18,17:43,18000,카드,동치미 국수,2,0
2026-01-18,17:45,21000,카드,묵은지 김치찜,1,0
2026-01-18,18:05,9000,카드,동치미 국수,1,0
2026-01-18,18:54,17000,현금,소복 정식,1,0
2026-01-18,19:34,6000,카드,계란말이 추가,1,0
2026-01-18,19:36,17000,간편결제,소복 정식,1,0
2026-01-18,20:01,34000,카드,소복 정식,2,0
2026-01-18,20:22,18000,카드,동치미 국수,2,0
2026-01-18,20:29,18000,카드,계란말이 추가,3,0
2026-01-18,20:47,12000,카드,계란말이 추가,2,0
2026-01-18,20:48,52000,카드,보리굴비 정식,2,0
2026-01-19,11:01,21000,카드,묵은지 김치찜,1,0
2026-01-19,11:33,9000,카드,동치미 국수,1,0
2026-01-19,11:59,15000,간편결제,제철 반상,1,15000
2026-01-19,12:04,17000,간편결제,소복 정식,1,0
2026-01-19,12:35,17000,카드,소복 정식,1,0
2026-01-19,12:38,6000,카드,계란말이 추가,1,0
2026-01-19,13:08,21000,현금,묵은지 김치찜,1,21000
2026-01-19,13:16,9000,카드,동치미 국수,1,0
2026-01-19,17:36,17000,카드,소복 정식,1,0
2026-01-19,17:39,15000,카드,제철 반상,1,0
2026-01-19,17:49,21000,간편결제,묵은지 김치찜,1,0
2026-01-19,18:17,6000,카드,계란말이 추가,1,0
2026-01-19,18:22,9000,간편결제,동치미 국수,1,0
2026-01-19,18:33,12000,카드,계란말이 추가,2,0
2026-01-19,18:46,21000,현금,묵은지 김치찜,1,0
2026-01-19,18:55,13000,간편결제,들기름 고등어 한상,1,0
2026-01-19,19:15,26000,카드,보리굴비 정식,1,0
2026-01-19,19:41,15000,카드,제철 반상,1,0
2026-01-19,20:04,52000,카드,보리굴비 정식,2,0
2026-01-19,20:09,26000,카드,보리굴비 정식,1,0
2026-01-19,20:14,15000,카드,제철 반상,1,0
2026-01-19,20:27,15000,간편결제,제철 반상,1,15000
2026-01-19,20:29,26000,현금,보리굴비 정식,1,0
2026-01-19,20:32,26000,카드,보리굴비 정식,1,0
2026-01-19,20:54,17000,카드,소복 정식,1,0
2026-01-20,11:25,18000,카드,동치미 국수,2,0
2026-01-20,11:33,9000,카드,동치미 국수,1,0
2026-01-20,11:41,30000,현금,제철 반상,2,0
2026-01-20,11:44,9000,카드,동치미 국수,1,0
2026-01-20,11:57,15000,카드,제철 반상,1,0
2026-01-20,12:00,27000,카드,동치미 국수,3,0
2026-01-20,12:12,26000,카드,보리굴비 정식,1,0
2026-01-20,12:14,17000,간편결제,소복 정식,1,0
2026-01-20,12:19,21000,카드,묵은지 김치찜,1,21000
2026-01-20,12:24,15000,카드,제철 반상,1,0
2026-01-20,12:31,78000,카드,보리굴비 정식,3,0
2026-01-20,12:33,9000,카드,동치미 국수,1,0
2026-01-20,12:42,13000,현금,들기름 고등어 한상,1,0
2026-01-20,12:52,78000,카드,보리굴비 정식,3,0
2026-01-20,12:59,6000,간편결제,계란말이 추가,1,0
2026-01-20,13:34,13000,현금,들기름 고등어 한상,1,0
2026-01-20,13:36,21000,카드,묵은지 김치찜,1,0
2026-01-20,13:48,21000,카드,묵은지 김치찜,1,0
2026-01-20,17:00,26000,카드,보리굴비 정식,1,0
2026-01-20,17:04,18000,카드,동치미 국수,2,0
2026-01-20,17:17,21000,카드,묵은지 김치찜,1,0
2026-01-20,17:24,6000,간편결제,계란말이 추가,1,0
2026-01-20,17:28,30000,간편결제,제철 반상,2,0
2026-01-20,18:59,17000,카드,소복 정식,1,0
2026-01-20,19:02,27000,카드,동치미 국수,3,0
2026-01-20,19:30,26000,카드,보리굴비 정식,1,0
2026-01-20,20:08,30000,간편결제,제철 반상,2,0
2026-01-20,20:27,26000,현금,보리굴비 정식,1,0
2026-01-20,20:29,13000,카드,들기름 고등어 한상,1,0
2026-01-20,20:51,6000,간편결제,계란말이 추가,1,0
2026-01-21,11:16,9000,카드,동치미 국수,1,0
2026-01-21,11:17,17000,카드,소복 정식,1,0
2026-01-21,11:41,6000,카드,계란말이 추가,1,0
2026-01-21,11:46,52000,현금,보리굴비 정식,2,0
2026-01-21,11:48,26000,카드,보리굴비 정식,1,0
2026-01-21,11:52,26000,카드,보리굴비 정식,1,0
2026-01-21,11:56,21000,간편결제,묵은지 김치찜,1,0
2026-01-21,11:58,13000,현금,들기름 고등어 한상,1,0
2026-01-21,12:08,9000,카드,동치미 국수,1,0
2026-01-21,12:12,6000,카드,계란말이 추가,1,0
2026-01-21,12:59,18000,카드,동치미 국수,2,0
2026-01-21,13:07,13000,간편결제,들기름 고등어 한상,1,0
2026-01-21,13:46,34000,카드,소복 정식,2,0
2026-01-21,13:49,17000,카드,소복 정식,1,0
2026-01-21,13:49,26000,카드,보리굴비 정식,1,0
2026-01-21,17:06,26000,현금,보리굴비 정식,1,0
2026-01-21,17:16,17000,카드,소복 정식,1,0
2026-01-21,17:27,17000,카드,소복 정식,1,0
2026-01-21,17:37,26000,카드,보리굴비 정식,1,0
2026-01-21,17:41,21000,카드,묵은지 김치찜,1,0
2026-01-21,18:08,42000,카드,묵은지 김치찜,2,0
2026-01-21,18:46,15000,카드,제철 반상,1,0
2026-01-21,18:59,21000,카드,묵은지 김치찜,1,0
2026-01-21,19:45,21000,카드,묵은지 김치찜,1,0
2026-01-21,19:54,78000,간편결제,보리굴비 정식,3,0
2026-01-21,20:13,13000,카드,들기름 고등어 한상,1,0
2026-01-21,20:40,17000,카드,소복 정식,1,0
2026-01-22,11:01,17000,카드,소복 정식,1,0
2026-01-22,11:11,18000,현금,계란말이 추가,3,0
2026-01-22,11:12,6000,현금,계란말이 추가,1,0
2026-01-22,11:50,26000,카드,보리굴비 정식,1,0
2026-01-22,12:22,34000,카드,소복 정식,2,0
2026-01-22,12:51,26000,카드,들기름 고등어 한상,2,0
2026-01-22,13:01,12000,간편결제,계란말이 추가,2,0
2026-01-22,13:08,30000,간편결제,제철 반상,2,0
2026-01-22,13:25,9000,카드,동치미 국수,1,0
2026-01-22,13:37,6000,카드,계란말이 추가,1,0
2026-01-22,13:47,6000,카드,계란말이 추가,1,0
2026-01-22,13:47,21000,간편결제,묵은지 김치찜,1,0
2026-01-22,17:00,13000,카드,들기름 고등어 한상,1,0
2026-01-22,17:09,21000,카드,묵은지 김치찜,1,0
2026-01-22,17:36,34000,카드,소복 정식,2,0
2026-01-22,17:55,39000,카드,들기름 고등어 한상,3,0
2026-01-22,18:17,30000,간편결제,제철 반상,2,0
2026-01-22,18:18,17000,카드,소복 정식,1,0
2026-01-22,18:20,12000,카드,계란말이 추가,2,0
2026-01-22,18:34,26000,카드,보리굴비 정식,1,0
2026-01-22,18:35,26000,카드,보리굴비 정식,1,0
2026-01-22,18:54,9000,카드,동치미 국수,1,0
2026-01-22,19:09,9000,카드,동치미 국수,1,0
2026-01-22,19:12,39000,간편결제,들기름 고등어 한상,3,0
2026-01-22,19:20,17000,카드,소복 정식,1,0
2026-01-22,19:26,26000,간편결제,보리굴비 정식,1,0
2026-01-22,19:43,17000,간편결제,소복 정식,1,0
2026-01-22,19:44,17000,카드,소복 정식,1,0
2026-01-22,19:51,12000,카드,계란말이 추가,2,0
2026-01-22,20:30,26000,카드,들기름 고등어 한상,2,0
2026-01-22,20:35,63000,카드,묵은지 김치찜,3,0
2026-01-22,20:41,18000,카드,동치미 국수,2,0
2026-01-22,20:43,15000,간편결제,제철 반상,1,0
2026-01-23,11:05,21000,현금,묵은지 김치찜,1,0
2026-01-23,11:08,21000,카드,묵은지 김치찜,1,0
2026-01-23,11:11,6000,카드,계란말이 추가,1,0
2026-01-23,11:34,26000,카드,보리굴비 정식,1,0
2026-01-23,11:35,42000,카드,묵은지 김치찜,2,0
2026-01-23,11:51,34000,카드,소복 정식,2,0
2026-01-23,11:51,13000,카드,들기름 고등어 한상,1,0
2026-01-23,11:59,9000,카드,동치미 국수,1,0
2026-01-23,12:00,26000,카드,보리굴비 정식,1,0
2026-01-23,12:50,17000,카드,소복 정식,1,0
2026-01-23,12:55,17000,카드,소복 정식,1,0
2026-01-23,13:04,17000,카드,소복 정식,1,0
2026-01-23,13:05,6000,현금,계란말이 추가,1,0
2026-01-23,13:07,6000,카드,계란말이 추가,1,0
2026-01-23,13:20,34000,카드,소복 정식,2,0
2026-01-23,13:23,13000,카드,들기름 고등어 한상,1,0
2026-01-23,13:25,15000,간편결제,제철 반상,1,0
2026-01-23,13:42,9000,현금,동치미 국수,1,0
2026-01-23,13:43,13000,카드,들기름 고등어 한상,1,0
2026-01-23,17:32,30000,현금,제철 반상,2,0
2026-01-23,17:33,6000,간편결제,계란말이 추가,1,0
2026-01-23,17:35,17000,간편결제,소복 정식,1,0
2026-01-23,17:47,78000,카드,보리굴비 정식,3,0
2026-01-23,17:48,21000,카드,묵은지 김치찜,1,0
2026-01-23,17:50,12000,카드,계란말이 추가,2,0
2026-01-23,17:51,17000,간편결제,소복 정식,1,0
2026-01-23,17:58,6000,간편결제,계란말이 추가,1,0
2026-01-23,18:01,13000,카드,들기름 고등어 한상,1,0
2026-01-23,18:14,18000,카드,동치미 국수,2,0
2026-01-23,18:16,18000,카드,동치미 국수,2,0
2026-01-23,18:20,52000,카드,보리굴비 정식,2,0
2026-01-23,18:27,26000,간편결제,보리굴비 정식,1,0
2026-01-23,18:31,26000,카드,보리굴비 정식,1,0
2026-01-23,18:40,26000,카드,보리굴비 정식,1,0
2026-01-23,18:55,6000,간편결제,계란말이 추가,1,0
2026-01-23,19:00,21000,현금,묵은지 김치찜,1,0
2026-01-23,20:23,17000,간편결제,소복 정식,1,0
2026-01-23,20:30,17000,카드,소복 정식,1,0
2026-01-23,20:33,26000,카드,보리굴비 정식,1,0
2026-01-23,20:47,18000,카드,계란말이 추가,3,0
2026-01-23,20:53,9000,카드,동치미 국수,1,0
2026-01-24,11:11,15000,간편결제,제철 반상,1,0
2026-01-24,11:24,26000,카드,들기름 고등어 한상,2,0
2026-01-24,11:26,17000,카드,소복 정식,1,0
2026-01-24,11:46,6000,현금,계란말이 추가,1,0
2026-01-24,11:55,15000,카드,제철 반상,1,0
2026-01-24,12:02,6000,간편결제,계란말이 추가,1,0
2026-01-24,12:16,13000,카드,들기름 고등어 한상,1,0
2026-01-24,12:47,26000,카드,보리굴비 정식,1,0
2026-01-24,12:50,17000,카드,소복 정식,1,0
2026-01-24,12:52,21000,간편결제,묵은지 김치찜,1,0
2026-01-24,13:03,15000,카드,제철 반상,1,0
2026-01-24,13:29,26000,간편결제,보리굴비 정식,1,0
2026-01-24,13:43,17000,카드,소복 정식,1,0
2026-01-24,13:48,13000,간편결제,들기름 고등어 한상,1,0
2026-01-24,17:12,15000,간편결제,제철 반상,1,0
2026-01-24,17:13,26000,카드,보리굴비 정식,1,0
2026-01-24,17:20,26000,카드,들기름 고등어 한상,2,0
2026-01-24,17:26,17000,현금,소복 정식,1,0
2026-01-24,17:29,21000,간편결제,묵은지 김치찜,1,0
2026-01-24,18:33,26000,카드,들기름 고등어 한상,2,0
2026-01-24,18:38,21000,간편결제,묵은지 김치찜,1,0
2026-01-24,18:42,13000,카드,들기름 고등어 한상,1,0
2026-01-24,18:54,15000,카드,제철 반상,1,0
2026-01-24,18:54,9000,현금,동치미 국수,1,0
2026-01-24,18:56,21000,간편결제,묵은지 김치찜,1,0
2026-01-24,19:35,12000,간편결제,계란말이 추가,2,0
2026-01-24,20:10,26000,간편결제,보리굴비 정식,1,0
2026-01-24,20:14,6000,카드,계란말이 추가,1,0
2026-01-24,20:15,26000,카드,보리굴비 정식,1,0
2026-01-24,20:16,6000,카드,계란말이 추가,1,0
2026-01-24,20:21,27000,간편결제,동치미 국수,3,0
2026-01-24,20:28,17000,간편결제,소복 정식,1,0
2026-01-24,20:49,9000,카드,동치미 국수,1,0
2026-01-24,20:51,26000,카드,보리굴비 정식,1,0
2026-01-25,11:09,42000,간편결제,묵은지 김치찜,2,0
2026-01-25,11:38,15000,간편결제,제철 반상,1,0
2026-01-25,11:46,26000,간편결제,들기름 고등어 한상,2,0
2026-01-25,11:56,78000,현금,보리굴비 정식,3,0
2026-01-25,12:03,15000,카드,제철 반상,1,0
2026-01-25,12:51,26000,카드,보리굴비 정식,1,0
2026-01-25,12:56,9000,카드,동치미 국수,1,0
2026-01-25,13:29,26000,카드,들기름 고등어 한상,2,0
2026-01-25,13:43,51000,카드,소복 정식,3,0
2026-01-25,17:14,17000,카드,소복 정식,1,0
2026-01-25,17:25,13000,카드,들기름 고등어 한상,1,0
2026-01-25,17:28,17000,현금,소복 정식,1,0
2026-01-25,18:15,6000,카드,계란말이 추가,1,0
2026-01-25,18:38,12000,카드,계란말이 추가,2,0
2026-01-25,18:51,6000,카드,계란말이 추가,1,0
2026-01-25,18:59,6000,카드,계란말이 추가,1,0
2026-01-25,19:00,17000,카드,소복 정식,1,0
2026-01-25,19:19,18000,현금,계란말이 추가,3,0
2026-01-25,19:37,13000,간편결제,들기름 고등어 한상,1,0
2026-01-25,19:48,26000,현금,보리굴비 정식,1,0
2026-01-25,20:07,15000,카드,제철 반상,1,0
2026-01-25,20:42,9000,간편결제,동치미 국수,1,0
2026-01-25,20:55,17000,카드,소복 정식,1,0
2026-01-27,11:29,21000,간편결제,묵은지 김치찜,1,0
2026-01-27,11:35,15000,카드,제철 반상,1,0
2026-01-27,11:36,13000,카드,들기름 고등어 한상,1,0
2026-01-27,11:38,12000,현금,계란말이 추가,2,0
2026-01-27,11:54,26000,카드,보리굴비 정식,1,0
2026-01-27,12:07,9000,카드,동치미 국수,1,0
2026-01-27,12:15,42000,간편결제,묵은지 김치찜,2,0
2026-01-27,12:15,6000,현금,계란말이 추가,1,0
2026-01-27,12:41,12000,카드,계란말이 추가,2,0
2026-01-27,13:00,18000,간편결제,동치미 국수,2,0
2026-01-27,13:12,18000,카드,동치미 국수,2,0
2026-01-27,13:24,18000,카드,동치미 국수,2,0
2026-01-27,13:24,15000,간편결제,제철 반상,1,0
2026-01-27,13:39,13000,카드,들기름 고등어 한상,1,0
2026-01-27,13:58,6000,카드,계란말이 추가,1,0
2026-01-27,17:04,21000,카드,묵은지 김치찜,1,0
2026-01-27,17:28,21000,카드,묵은지 김치찜,1,0
2026-01-27,17:30,6000,카드,계란말이 추가,1,0
2026-01-27,17:32,9000,카드,동치미 국수,1,0
2026-01-27,18:44,26000,카드,보리굴비 정식,1,0
2026-01-27,18:54,26000,카드,보리굴비 정식,1,0
2026-01-27,18:58,9000,간편결제,동치미 국수,1,0
2026-01-27,19:15,26000,카드,보리굴비 정식,1,0
2026-01-27,19:16,26000,카드,보리굴비 정식,1,0
2026-01-27,20:01,6000,카드,계란말이 추가,1,0
2026-01-28,11:18,42000,현금,묵은지 김치찜,2,0
2026-01-28,11:20,26000,카드,보리굴비 정식,1,0
2026-01-28,12:04,21000,카드,묵은지 김치찜,1,0
2026-01-28,12:05,26000,카드,들기름 고등어 한상,2,0
2026-01-28,12:23,13000,카드,들기름 고등어 한상,1,0
2026-01-28,12:23,13000,카드,들기름 고등어 한상,1,0
2026-01-28,13:03,13000,카드,들기름 고등어 한상,1,0
2026-01-28,13:03,9000,카드,동치미 국수,1,0
2026-01-28,13:17,6000,카드,계란말이 추가,1,0
2026-01-28,13:29,42000,현금,묵은지 김치찜,2,0
2026-01-28,13:39,21000,카드,묵은지 김치찜,1,0
2026-01-28,13:44,15000,카드,제철 반상,1,0
2026-01-28,13:47,52000,현금,보리굴비 정식,2,0
2026-01-28,13:50,42000,카드,묵은지 김치찜,2,0
2026-01-28,17:05,18000,간편결제,계란말이 추가,3,0
2026-01-28,17:16,9000,간편결제,동치미 국수,1,0
2026-01-28,17:22,26000,카드,보리굴비 정식,1,0
2026-01-28,17:37,6000,카드,계란말이 추가,1,0
2026-01-28,17:50,52000,카드,보리굴비 정식,2,0
2026-01-28,18:02,6000,카드,계란말이 추가,1,0
2026-01-28,18:09,15000,카드,제철 반상,1,0
2026-01-28,18:13,26000,카드,보리굴비 정식,1,0
2026-01-28,18:13,9000,카드,동치미 국수,1,0
2026-01-28,18:16,17000,카드,소복 정식,1,0
2026-01-28,18:39,9000,카드,동치미 국수,1,0
2026-01-28,18:46,9000,카드,동치미 국수,1,0
2026-01-28,18:51,18000,간편결제,동치미 국수,2,0
2026-01-28,19:10,15000,카드,제철 반상,1,0
2026-01-28,19:21,9000,현금,동치미 국수,1,0
2026-01-28,20:09,39000,카드,들기름 고등어 한상,3,0
2026-01-28,20:17,21000,카드,묵은지 김치찜,1,0
2026-01-28,20:19,18000,간편결제,동치미 국수,2,0
2026-01-28,20:23,26000,카드,보리굴비 정식,1,0
2026-01-28,20:45,30000,간편결제,제철 반상,2,0
2026-01-28,20:58,30000,카드,제철 반상,2,0
2026-01-29,11:07,17000,간편결제,소복 정식,1,0
2026-01-29,11:08,26000,카드,보리굴비 정식,1,0
2026-01-29,11:13,9000,간편결제,동치미 국수,1,0
2026-01-29,11:37,15000,카드,제철 반상,1,0
2026-01-29,11:45,13000,간편결제,들기름 고등어 한상,1,0
2026-01-29,12:06,26000,간편결제,보리굴비 정식,1,0
2026-01-29,12:51,17000,간편결제,소복 정식,1,0
2026-01-29,12:52,21000,카드,묵은지 김치찜,1,0
2026-01-29,12:55,15000,카드,제철 반상,1,0
2026-01-29,13:05,17000,간편결제,소복 정식,1,0
2026-01-29,13:12,26000,카드,보리굴비 정식,1,0
2026-01-29,13:13,13000,카드,들기름 고등어 한상,1,0
2026-01-29,13:15,78000,카드,보리굴비 정식,3,0
2026-01-29,13:16,6000,간편결제,계란말이 추가,1,0
2026-01-29,13:41,21000,간편결제,묵은지 김치찜,1,0
2026-01-29,13:50,15000,카드,제철 반상,1,15000
2026-01-29,13:50,9000,카드,동치미 국수,1,9000
2026-01-29,17:01,12000,카드,계란말이 추가,2,0
2026-01-29,17:02,15000,간편결제,제철 반상,1,0
2026-01-29,17:48,21000,카드,묵은지 김치찜,1,0
2026-01-29,17:52,26000,카드,보리굴비 정식,1,0
2026-01-29,18:07,18000,간편결제,동치미 국수,2,0
2026-01-29,18:20,26000,간편결제,보리굴비 정식,1,0
2026-01-29,18:24,9000,현금,동치미 국수,1,0
2026-01-29,18:39,34000,카드,소복 정식,2,0
2026-01-29,19:12,18000,카드,동치미 국수,2,0
2026-01-29,19:17,51000,카드,소복 정식,3,0
2026-01-29,20:01,30000,현금,제철 반상,2,0
2026-01-29,20:06,17000,카드,소복 정식,1,0
2026-01-29,20:12,13000,카드,들기름 고등어 한상,1,0
2026-01-29,20:28,39000,카드,들기름 고등어 한상,3,0
2026-01-29,20:50,15000,현금,제철 반상,1,0
2026-01-29,20:53,13000,카드,들기름 고등어 한상,1,0
2026-01-29,20:55,45000,간편결제,제철 반상,3,0
2026-01-30,11:02,26000,카드,보리굴비 정식,1,0
2026-01-30,11:05,17000,카드,소복 정식,1,0
2026-01-30,11:12,15000,카드,제철 반상,1,0
2026-01-30,11:18,17000,카드,소복 정식,1,0
2026-01-30,11:31,26000,카드,보리굴비 정식,1,0
2026-01-30,11:33,15000,간편결제,제철 반상,1,0
2026-01-30,11:34,52000,카드,보리굴비 정식,2,0
2026-01-30,11:43,13000,현금,들기름 고등어 한상,1,0
2026-01-30,11:57,17000,간편결제,소복 정식,1,0
2026-01-30,11:57,15000,현금,제철 반상,1,0
2026-01-30,12:02,17000,간편결제,소복 정식,1,0
2026-01-30,12:05,17000,카드,소복 정식,1,0
2026-01-30,12:24,13000,카드,들기름 고등어 한상,1,0
2026-01-30,12:28,17000,카드,소복 정식,1,0
2026-01-30,12:37,12000,카드,계란말이 추가,2,0
2026-01-30,12:49,26000,카드,들기름 고등어 한상,2,0
2026-01-30,13:29,52000,카드,보리굴비 정식,2,0
2026-01-30,13:33,12000,간편결제,계란말이 추가,2,0
2026-01-30,13:53,42000,카드,묵은지 김치찜,2,0
2026-01-30,17:04,18000,간편결제,동치미 국수,2,0
2026-01-30,17:25,26000,카드,보리굴비 정식,1,0
2026-01-30,17:28,17000,카드,소복 정식,1,0
2026-01-30,17:32,12000,카드,계란말이 추가,2,0
2026-01-30,17:57,6000,카드,계란말이 추가,1,0
2026-01-30,18:03,9000,카드,동치미 국수,1,0
2026-01-30,19:13,21000,카드,묵은지 김치찜,1,0
2026-01-30,19:47,34000,카드,소복 정식,2,0
2026-01-30,19:56,13000,카드,들기름 고등어 한상,1,0
2026-01-30,19:56,17000,카드,소복 정식,1,0
2026-01-30,19:59,15000,카드,제철 반상,1,0
2026-01-30,20:09,6000,카드,계란말이 추가,1,0
2026-01-30,20:14,6000,간편결제,계란말이 추가,1,0
2026-01-30,20:35,6000,카드,계란말이 추가,1,0
2026-01-30,20:42,15000,카드,제철 반상,1,0
2026-01-30,20:48,18000,카드,동치미 국수,2,0
2026-01-31,11:05,17000,간편결제,소복 정식,1,0
2026-01-31,11:24,21000,간편결제,묵은지 김치찜,1,0
2026-01-31,11:29,26000,카드,보리굴비 정식,1,0
2026-01-31,11:42,21000,카드,묵은지 김치찜,1,0
2026-01-31,11:54,9000,카드,동치미 국수,1,0
2026-01-31,12:01,12000,카드,계란말이 추가,2,0
2026-01-31,12:02,17000,카드,소복 정식,1,0
2026-01-31,12:20,26000,간편결제,들기름 고등어 한상,2,0
2026-01-31,12:29,63000,카드,묵은지 김치찜,3,0
2026-01-31,12:32,17000,카드,소복 정식,1,0
2026-01-31,12:46,6000,카드,계란말이 추가,1,0
2026-01-31,12:46,21000,간편결제,묵은지 김치찜,1,0
2026-01-31,12:47,26000,카드,보리굴비 정식,1,0
2026-01-31,12:52,17000,카드,소복 정식,1,0
2026-01-31,12:56,26000,카드,보리굴비 정식,1,0
2026-01-31,13:26,13000,현금,들기름 고등어 한상,1,0
2026-01-31,13:27,15000,카드,제철 반상,1,0
2026-01-31,13:32,12000,카드,계란말이 추가,2,0
2026-01-31,13:49,30000,간편결제,제철 반상,2,0
2026-01-31,13:51,26000,카드,보리굴비 정식,1,0
2026-01-31,13:55,42000,카드,묵은지 김치찜,2,0
2026-01-31,13:56,6000,카드,계란말이 추가,1,0
2026-01-31,17:13,21000,카드,묵은지 김치찜,1,0
2026-01-31,17:20,26000,카드,보리굴비 정식,1,0
2026-01-31,17:26,15000,카드,제철 반상,1,0
2026-01-31,17:30,26000,카드,보리굴비 정식,1,0
2026-01-31,18:08,6000,카드,계란말이 추가,1,0
2026-01-31,18:13,26000,카드,보리굴비 정식,1,0
2026-01-31,18:20,18000,카드,동치미 국수,2,0
2026-01-31,18:26,15000,카드,제철 반상,1,0
2026-01-31,18:39,13000,카드,들기름 고등어 한상,1,0
2026-01-31,18:41,6000,카드,계란말이 추가,1,0
2026-01-31,18:47,21000,카드,묵은지 김치찜,1,0
2026-01-31,19:03,13000,카드,들기름 고등어 한상,1,0
2026-01-31,19:09,17000,간편결제,소복 정식,1,0
2026-01-31,19:27,12000,카드,계란말이 추가,2,0
2026-01-31,19:29,15000,간편결제,제철 반상,1,0
2026-01-31,19:32,26000,카드,보리굴비 정식,1,0
2026-01-31,19:54,9000,카드,동치미 국수,1,0
2026-01-31,19:58,21000,카드,묵은지 김치찜,1,0
2026-01-31,20:16,26000,카드,들기름 고등어 한상,2,0
2026-01-31,20:55,9000,카드,동치미 국수,1,0
2026-02-01,11:24,17000,카드,소복 정식,1,0
2026-02-01,11:38,15000,간편결제,제철 반상,1,0
2026-02-01,12:05,34000,카드,소복 정식,2,0
2026-02-01,12:17,26000,카드,보리굴비 정식,1,0
2026-02-01,12:32,26000,카드,보리굴비 정식,1,0
2026-02-01,12:37,26000,카드,보리굴비 정식,1,0
2026-02-01,13:07,26000,카드,들기름 고등어 한상,2,0
2026-02-01,13:12,13000,카드,들기름 고등어 한상,1,0
2026-02-01,13:14,15000,카드,제철 반상,1,0
2026-02-01,13:22,17000,현금,소복 정식,1,0
2026-02-01,13:43,17000,현금,소복 정식,1,0
2026-02-01,13:52,13000,카드,들기름 고등어 한상,1,0
2026-02-01,17:11,13000,카드,들기름 고등어 한상,1,0
2026-02-01,17:21,13000,카드,들기름 고등어 한상,1,0
2026-02-01,17:34,42000,카드,묵은지 김치찜,2,0
2026-02-01,17:53,21000,카드,묵은지 김치찜,1,0
2026-02-01,18:10,6000,카드,계란말이 추가,1,0
2026-02-01,18:13,12000,카드,계란말이 추가,2,0
2026-02-01,18:23,17000,간편결제,소복 정식,1,0
2026-02-01,18:57,9000,카드,동치미 국수,1,0
2026-02-01,19:14,9000,카드,동치미 국수,1,0
2026-02-01,19:27,42000,카드,묵은지 김치찜,2,0
2026-02-01,19:29,15000,카드,제철 반상,1,0
2026-02-01,19:42,30000,카드,제철 반상,2,0
2026-02-01,19:44,17000,간편결제,소복 정식,1,0
2026-02-01,20:04,21000,카드,묵은지 김치찜,1,0
2026-02-01,20:17,13000,카드,들기름 고등어 한상,1,0
2026-02-01,20:20,17000,카드,소복 정식,1,0
2026-02-01,20:40,42000,카드,묵은지 김치찜,2,0
2026-02-01,20:55,9000,현금,동치미 국수,1,0
2026-02-02,11:03,34000,간편결제,소복 정식,2,0
2026-02-02,11:24,9000,현금,동치미 국수,1,0
2026-02-02,11:41,6000,간편결제,계란말이 추가,1,0
2026-02-02,12:08,17000,카드,소복 정식,1,0
2026-02-02,13:00,12000,간편결제,계란말이 추가,2,0
2026-02-02,13:20,26000,카드,보리굴비 정식,1,0
2026-02-02,13:22,21000,간편결제,묵은지 김치찜,1,0
2026-02-02,13:41,13000,카드,들기름 고등어 한상,1,0
2026-02-02,13:47,13000,카드,들기름 고등어 한상,1,0
2026-02-02,17:02,21000,카드,묵은지 김치찜,1,0
2026-02-02,17:03,15000,현금,제철 반상,1,0
2026-02-02,17:07,26000,카드,보리굴비 정식,1,0
2026-02-02,17:11,30000,카드,제철 반상,2,0
2026-02-02,17:12,9000,간편결제,동치미 국수,1,0
2026-02-02,17:31,26000,간편결제,보리굴비 정식,1,0
2026-02-02,18:09,13000,카드,들기름 고등어 한상,1,0
2026-02-02,18:30,17000,카드,소복 정식,1,0
2026-02-02,18:36,26000,현금,들기름 고등어 한상,2,0
2026-02-02,18:51,17000,카드,소복 정식,1,0
2026-02-02,19:04,45000,카드,제철 반상,3,0
2026-02-02,20:20,15000,카드,제철 반상,1,0
2026-02-02,20:34,52000,카드,보리굴비 정식,2,0
2026-02-03,11:01,17000,간편결제,소복 정식,1,0
2026-02-03,11:16,17000,현금,소복 정식,1,0
2026-02-03,11:27,21000,카드,묵은지 김치찜,1,0
2026-02-03,11:28,15000,카드,제철 반상,1,0
2026-02-03,11:31,9000,카드,동치미 국수,1,0
2026-02-03,12:14,6000,간편결제,계란말이 추가,1,0
2026-02-03,12:21,45000,카드,제철 반상,3,0
2026-02-03,12:22,6000,카드,계란말이 추가,1,0
2026-02-03,12:22,13000,카드,들기름 고등어 한상,1,0
2026-02-03,12:31,42000,카드,묵은지 김치찜,2,0
2026-02-03,12:45,17000,현금,소복 정식,1,0
2026-02-03,13:13,13000,카드,들기름 고등어 한상,1,0
2026-02-03,13:32,17000,간편결제,소복 정식,1,0
2026-02-03,13:41,45000,카드,제철 반상,3,0
2026-02-03,13:48,13000,카드,들기름 고등어 한상,1,0
2026-02-03,17:20,17000,카드,소복 정식,1,0
2026-02-03,17:31,6000,카드,계란말이 추가,1,0
2026-02-03,18:17,15000,카드,제철 반상,1,0
2026-02-03,18:24,30000,카드,제철 반상,2,0
2026-02-03,18:26,26000,현금,보리굴비 정식,1,0
2026-02-03,18:36,6000,간편결제,계란말이 추가,1,0
2026-02-03,18:42,13000,카드,들기름 고등어 한상,1,0
2026-02-03,19:08,26000,카드,보리굴비 정식,1,0
2026-02-03,19:11,26000,카드,보리굴비 정식,1,0
2026-02-03,19:14,17000,카드,소복 정식,1,0
2026-02-03,19:36,6000,현금,계란말이 추가,1,0
2026-02-03,19:44,6000,현금,계란말이 추가,1,0
2026-02-03,19:48,6000,간편결제,계란말이 추가,1,0
2026-02-03,20:32,34000,카드,소복 정식,2,0
2026-02-04,11:02,9000,카드,동치미 국수,1,0
2026-02-04,11:07,17000,카드,소복 정식,1,0
2026-02-04,11:16,9000,카드,동치미 국수,1,0
2026-02-04,11:27,12000,간편결제,계란말이 추가,2,0
2026-02-04,11:28,27000,카드,동치미 국수,3,0
2026-02-04,11:49,26000,카드,보리굴비 정식,1,0
2026-02-04,13:35,13000,카드,들기름 고등어 한상,1,0
2026-02-04,13:41,6000,카드,계란말이 추가,1,0
2026-02-04,13:43,26000,현금,보리굴비 정식,1,0
2026-02-04,17:00,52000,카드,보리굴비 정식,2,0
2026-02-04,17:11,15000,간편결제,제철 반상,1,0
2026-02-04,17:50,42000,현금,묵은지 김치찜,2,0
2026-02-04,17:51,6000,카드,계란말이 추가,1,0
2026-02-04,17:52,9000,카드,동치미 국수,1,9000
2026-02-04,18:00,13000,카드,들기름 고등어 한상,1,0
2026-02-04,18:09,30000,카드,제철 반상,2,0
2026-02-04,18:15,18000,현금,동치미 국수,2,0
2026-02-04,18:29,21000,카드,묵은지 김치찜,1,0
2026-02-04,18:31,26000,카드,들기름 고등어 한상,2,0
2026-02-04,18:34,9000,카드,동치미 국수,1,0
2026-02-04,18:57,13000,간편결제,들기름 고등어 한상,1,0
2026-02-04,19:02,15000,카드,제철 반상,1,0
2026-02-04,19:17,52000,간편결제,보리굴비 정식,2,0
2026-02-04,19:24,6000,간편결제,계란말이 추가,1,0
2026-02-04,19:30,42000,카드,묵은지 김치찜,2,0
2026-02-04,19:38,18000,현금,동치미 국수,2,0
2026-02-04,19:39,15000,카드,제철 반상,1,0
2026-02-04,19:42,17000,카드,소복 정식,1,0
2026-02-04,20:03,17000,카드,소복 정식,1,0
2026-02-04,20:14,13000,카드,들기름 고등어 한상,1,0
2026-02-04,20:16,18000,카드,동치미 국수,2,0
2026-02-04,20:18,21000,카드,묵은지 김치찜,1,0
2026-02-04,20:18,12000,카드,계란말이 추가,2,0
2026-02-04,20:24,13000,현금,들기름 고등어 한상,1,0
2026-02-04,20:53,6000,카드,계란말이 추가,1,0
2026-02-05,11:17,34000,간편결제,소복 정식,2,0
2026-02-05,11:34,18000,카드,동치미 국수,2,0
2026-02-05,11:39,52000,카드,보리굴비 정식,2,0
2026-02-05,11:46,21000,카드,묵은지 김치찜,1,0
2026-02-05,11:49,18000,카드,동치미 국수,2,0
2026-02-05,11:55,17000,간편결제,소복 정식,1,0
2026-02-05,12:02,12000,간편결제,계란말이 추가,2,0
2026-02-05,12:06,9000,간편결제,동치미 국수,1,0
2026-02-05,12:17,30000,간편결제,제철 반상,2,0
2026-02-05,12:26,13000,현금,들기름 고등어 한상,1,0
2026-02-05,12:30,21000,카드,묵은지 김치찜,1,0
2026-02-05,12:39,13000,카드,들기름 고등어 한상,1,0
2026-02-05,13:02,26000,카드,보리굴비 정식,1,0
2026-02-05,13:03,13000,카드,들기름 고등어 한상,1,0
2026-02-05,13:03,51000,카드,소복 정식,3,0
2026-02-05,13:46,9000,카드,동치미 국수,1,0
2026-02-05,13:47,26000,현금,보리굴비 정식,1,0
2026-02-05,17:15,15000,카드,제철 반상,1,0
2026-02-05,17:32,18000,카드,계란말이 추가,3,0
2026-02-05,17:36,26000,카드,보리굴비 정식,1,0
2026-02-05,17:49,52000,카드,보리굴비 정식,2,0
2026-02-05,18:08,6000,카드,계란말이 추가,1,0
2026-02-05,18:16,17000,카드,소복 정식,1,0
2026-02-05,19:33,18000,카드,동치미 국수,2,0
2026-02-05,19:53,13000,카드,들기름 고등어 한상,1,0
2026-02-05,20:09,26000,카드,보리굴비 정식,1,0
2026-02-05,20:14,15000,간편결제,제철 반상,1,0
2026-02-05,20:47,21000,카드,묵은지 김치찜,1,0
2026-02-05,20:49,15000,카드,제철 반상,1,0
2026-02-06,11:28,9000,카드,동치미 국수,1,0
2026-02-06,11:33,17000,카드,소복 정식,1,0
2026-02-06,11:41,9000,간편결제,동치미 국수,1,0
2026-02-06,11:44,9000,카드,동치미 국수,1,0
2026-02-06,11:49,26000,카드,보리굴비 정식,1,0
2026-02-06,11:57,30000,카드,제철 반상,2,0
2026-02-06,12:00,13000,카드,들기름 고등어 한상,1,0
2026-02-06,12:25,9000,카드,동치미 국수,1,0
2026-02-06,12:27,9000,카드,동치미 국수,1,0
2026-02-06,12:29,15000,간편결제,제철 반상,1,0
2026-02-06,12:55,6000,카드,계란말이 추가,1,0
2026-02-06,12:57,17000,간편결제,소복 정식,1,0
2026-02-06,13:06,21000,카드,묵은지 김치찜,1,0
2026-02-06,13:12,15000,카드,제철 반상,1,0
2026-02-06,13:24,13000,카드,들기름 고등어 한상,1,0
2026-02-06,13:26,15000,현금,제철 반상,1,0
2026-02-06,13:27,51000,카드,소복 정식,3,0
2026-02-06,13:35,6000,카드,계란말이 추가,1,0
2026-02-06,13:39,9000,카드,동치미 국수,1,0
2026-02-06,13:46,21000,카드,묵은지 김치찜,1,0
2026-02-06,17:08,42000,카드,묵은지 김치찜,2,0
2026-02-06,17:18,78000,카드,보리굴비 정식,3,0
2026-02-06,17:37,6000,카드,계란말이 추가,1,0
2026-02-06,17:51,9000,카드,동치미 국수,1,0
2026-02-06,17:57,13000,카드,들기름 고등어 한상,1,0
2026-02-06,17:59,26000,카드,보리굴비 정식,1,0
2026-02-06,18:05,21000,카드,묵은지 김치찜,1,0
2026-02-06,18:19,18000,카드,동치미 국수,2,0
2026-02-06,18:19,6000,카드,계란말이 추가,1,0
2026-02-06,18:54,26000,카드,들기름 고등어 한상,2,0
2026-02-06,19:27,39000,카드,들기름 고등어 한상,3,0
2026-02-06,19:28,15000,간편결제,제철 반상,1,0
2026-02-06,19:43,34000,현금,소복 정식,2,0
2026-02-06,20:02,51000,카드,소복 정식,3,0
2026-02-06,20:28,15000,간편결제,제철 반상,1,0
2026-02-06,20:43,15000,간편결제,제철 반상,1,0
2026-02-07,11:14,13000,현금,들기름 고등어 한상,1,0
2026-02-07,11:17,21000,카드,묵은지 김치찜,1,0
2026-02-07,11:17,18000,카드,동치미 국수,2,0
2026-02-07,11:23,26000,카드,보리굴비 정식,1,0
2026-02-07,11:41,15000,카드,제철 반상,1,0
2026-02-07,11:52,42000,간편결제,묵은지 김치찜,2,0
2026-02-07,11:56,6000,카드,계란말이 추가,1,0
2026-02-07,12:07,17000,간편결제,소복 정식,1,0
2026-02-07,12:10,6000,카드,계란말이 추가,1,0
2026-02-07,12:16,13000,간편결제,들기름 고등어 한상,1,0
2026-02-07,12:22,26000,카드,보리굴비 정식,1,0
2026-02-07,12:22,13000,카드,들기름 고등어 한상,1,0
2026-02-07,12:32,34000,카드,소복 정식,2,0
2026-02-07,12:46,17000,간편결제,소복 정식,1,0
2026-02-07,13:01,26000,카드,보리굴비 정식,1,26000
2026-02-07,13:04,26000,현금,보리굴비 정식,1,0
2026-02-07,13:08,42000,카드,묵은지 김치찜,2,0
2026-02-07,13:16,26000,간편결제,들기름 고등어 한상,2,26000
2026-02-07,13:22,26000,카드,보리굴비 정식,1,0
2026-02-07,13:37,13000,카드,들기름 고등어 한상,1,0
2026-02-07,13:44,12000,카드,계란말이 추가,2,0
2026-02-07,13:46,52000,카드,보리굴비 정식,2,0
2026-02-07,17:30,6000,카드,계란말이 추가,1,0
2026-02-07,17:33,26000,카드,보리굴비 정식,1,0
2026-02-07,17:44,63000,카드,묵은지 김치찜,3,0
2026-02-07,18:10,21000,카드,묵은지 김치찜,1,0
2026-02-07,18:26,42000,카드,묵은지 김치찜,2,0
2026-02-07,18:37,18000,카드,동치미 국수,2,0
2026-02-07,18:38,6000,카드,계란말이 추가,1,0
2026-02-07,18:50,6000,카드,계란말이 추가,1,0
2026-02-07,19:03,52000,카드,보리굴비 정식,2,0
2026-02-07,19:07,34000,카드,소복 정식,2,0
2026-02-07,19:39,13000,카드,들기름 고등어 한상,1,0
2026-02-07,20:02,21000,카드,묵은지 김치찜,1,0
2026-02-07,20:04,9000,카드,동치미 국수,1,0
2026-02-07,20:07,9000,카드,동치미 국수,1,0
2026-02-07,20:14,13000,카드,들기름 고등어 한상,1,0
2026-02-07,20:55,30000,카드,제철 반상,2,0
2026-02-07,20:58,26000,카드,보리굴비 정식,1,0
2026-02-08,11:56,30000,간편결제,제철 반상,2,0
2026-02-08,12:10,9000,카드,동치미 국수,1,0
2026-02-08,12:42,17000,카드,소복 정식,1,0
2026-02-08,12:46,6000,카드,계란말이 추가,1,0
2026-02-08,13:15,17000,카드,소복 정식,1,0
2026-02-08,13:17,39000,카드,들기름 고등어 한상,3,0
2026-02-08,13:18,15000,간편결제,제철 반상,1,0
2026-02-08,13:38,21000,간편결제,묵은지 김치찜,1,0
2026-02-08,13:57,21000,카드,묵은지 김치찜,1,0
2026-02-08,17:12,30000,카드,제철 반상,2,0
2026-02-08,17:36,15000,카드,제철 반상,1,0
2026-02-08,17:51,13000,카드,들기름 고등어 한상,1,0
2026-02-08,17:54,21000,간편결제,묵은지 김치찜,1,21000
2026-02-08,17:58,18000,카드,계란말이 추가,3,0
2026-02-08,18:08,42000,카드,묵은지 김치찜,2,0
2026-02-08,19:04,6000,카드,계란말이 추가,1,0
2026-02-08,19:07,15000,현금,제철 반상,1,0
2026-02-08,20:08,13000,카드,들기름 고등어 한상,1,0
2026-02-08,20:14,17000,카드,소복 정식,1,0
2026-02-08,20:23,21000,카드,묵은지 김치찜,1,0
2026-02-08,20:26,30000,카드,제철 반상,2,0
2026-02-08,20:40,6000,간편결제,계란말이 추가,1,0
2026-02-08,20:41,17000,카드,소복 정식,1,0
2026-02-08,20:57,12000,간편결제,계란말이 추가,2,0
2026-02-10,11:07,17000,카드,소복 정식,1,0
2026-02-10,11:15,6000,카드,계란말이 추가,1,0
2026-02-10,11:42,9000,카드,동치미 국수,1,0
2026-02-10,11:46,26000,간편결제,보리굴비 정식,1,0
2026-02-10,12:14,9000,카드,동치미 국수,1,0
2026-02-10,12:47,13000,카드,들기름 고등어 한상,1,0
2026-02-10,12:56,30000,카드,제철 반상,2,0
2026-02-10,13:09,9000,카드,동치미 국수,1,9000
2026-02-10,13:21,6000,간편결제,계란말이 추가,1,0
2026-02-10,13:22,26000,카드,보리굴비 정식,1,0
2026-02-10,13:28,26000,간편결제,보리굴비 정식,1,0
2026-02-10,13:31,17000,카드,소복 정식,1,0
2026-02-10,13:41,17000,간편결제,소복 정식,1,0
2026-02-10,13:45,17000,카드,소복 정식,1,0
2026-02-10,13:49,13000,카드,들기름 고등어 한상,1,0
2026-02-10,17:27,21000,카드,묵은지 김치찜,1,0
2026-02-10,17:38,18000,카드,동치미 국수,2,0
2026-02-10,18:15,18000,카드,동치미 국수,2,0
2026-02-10,18:24,78000,간편결제,보리굴비 정식,3,0
2026-02-10,18:38,21000,카드,묵은지 김치찜,1,0
2026-02-10,18:50,6000,간편결제,계란말이 추가,1,0
2026-02-10,19:10,17000,카드,소복 정식,1,0
2026-02-10,19:15,6000,간편결제,계란말이 추가,1,0
2026-02-10,20:07,21000,카드,묵은지 김치찜,1,0
2026-02-10,20:11,13000,간편결제,들기름 고등어 한상,1,0
2026-02-10,20:23,9000,간편결제,동치미 국수,1,0
2026-02-10,20:37,6000,카드,계란말이 추가,1,0
2026-02-11,11:05,15000,카드,제철 반상,1,0
2026-02-11,11:08,21000,카드,묵은지 김치찜,1,0
2026-02-11,11:09,26000,카드,보리굴비 정식,1,0
2026-02-11,11:24,13000,카드,들기름 고등어 한상,1,0
2026-02-11,11:26,15000,카드,제철 반상,1,0
2026-02-11,11:33,6000,카드,계란말이 추가,1,0
2026-02-11,11:37,26000,카드,보리굴비 정식,1,0
2026-02-11,11:44,26000,카드,들기름 고등어 한상,2,0
2026-02-11,11:48,63000,카드,묵은지 김치찜,3,0
2026-02-11,12:17,26000,카드,보리굴비 정식,1,0
2026-02-11,12:23,13000,카드,들기름 고등어 한상,1,0
2026-02-11,12:54,17000,카드,소복 정식,1,0
2026-02-11,12:59,9000,카드,동치미 국수,1,0
2026-02-11,13:04,6000,카드,계란말이 추가,1,0
2026-02-11,13:14,52000,간편결제,보리굴비 정식,2,0
2026-02-11,13:26,15000,카드,제철 반상,1,0
2026-02-11,13:43,13000,카드,들기름 고등어 한상,1,0
2026-02-11,17:50,26000,카드,보리굴비 정식,1,0
2026-02-11,18:27,9000,간편결제,동치미 국수,1,0
2026-02-11,18:28,42000,카드,묵은지 김치찜,2,0
2026-02-11,19:03,42000,현금,묵은지 김치찜,2,0
2026-02-11,19:04,9000,카드,동치미 국수,1,0
2026-02-11,19:22,6000,간편결제,계란말이 추가,1,0
2026-02-11,19:33,42000,카드,묵은지 김치찜,2,0
2026-02-11,19:34,34000,카드,소복 정식,2,0
2026-02-11,19:39,18000,간편결제,동치미 국수,2,0
2026-02-11,19:41,13000,카드,들기름 고등어 한상,1,0
2026-02-11,20:12,15000,카드,제철 반상,1,0
2026-02-11,20:21,30000,카드,제철 반상,2,0
2026-02-11,20:24,15000,카드,제철 반상,1,0
2026-02-11,20:46,13000,간편결제,들기름 고등어 한상,1,0
2026-02-11,20:51,6000,카드,계란말이 추가,1,0
2026-02-12,11:12,17000,카드,소복 정식,1,0
2026-02-12,11:25,9000,카드,동치미 국수,1,0
2026-02-12,11:29,6000,카드,계란말이 추가,1,0
2026-02-12,11:30,6000,간편결제,계란말이 추가,1,0
2026-02-12,11:32,34000,카드,소복 정식,2,0
2026-02-12,11:51,52000,카드,보리굴비 정식,2,0
2026-02-12,11:55,52000,카드,보리굴비 정식,2,0
2026-02-12,11:59,21000,카드,묵은지 김치찜,1,0
2026-02-12,12:04,34000,현금,소복 정식,2,0
2026-02-12,12:12,21000,카드,묵은지 김치찜,1,0
2026-02-12,12:20,17000,카드,소복 정식,1,0
2026-02-12,12:38,26000,카드,보리굴비 정식,1,0
2026-02-12,12:51,26000,현금,보리굴비 정식,1,0
2026-02-12,12:55,17000,카드,소복 정식,1,0
2026-02-12,13:02,34000,현금,소복 정식,2,0
2026-02-12,13:02,26000,카드,보리굴비 정식,1,0
2026-02-12,13:04,26000,카드,보리굴비 정식,1,0
2026-02-12,13:21,15000,현금,제철 반상,1,0
2026-02-12,13:22,15000,카드,제철 반상,1,0
2026-02-12,13:29,15000,카드,제철 반상,1,0
2026-02-12,13:43,15000,카드,제철 반상,1,0
2026-02-12,17:01,6000,현금,계란말이 추가,1,0
2026-02-12,17:17,13000,카드,들기름 고등어 한상,1,0
2026-02-12,17:53,17000,카드,소복 정식,1,0
2026-02-12,18:34,9000,간편결제,동치미 국수,1,0
2026-02-12,18:47,6000,카드,계란말이 추가,1,0
2026-02-12,18:55,9000,카드,동치미 국수,1,0
2026-02-12,19:10,15000,카드,제철 반상,1,0
2026-02-12,19:43,6000,카드,계란말이 추가,1,0
2026-02-12,20:09,18000,카드,동치미 국수,2,0
2026-02-12,20:28,6000,카드,계란말이 추가,1,0
2026-02-12,20:58,6000,간편결제,계란말이 추가,1,0
2026-02-13,11:07,52000,간편결제,보리굴비 정식,2,0
2026-02-13,11:33,6000,카드,계란말이 추가,1,0
2026-02-13,11:37,17000,카드,소복 정식,1,0
2026-02-13,11:42,15000,현금,제철 반상,1,0
2026-02-13,11:42,34000,카드,소복 정식,2,0
2026-02-13,11:45,9000,카드,동치미 국수,1,0
2026-02-13,12:10,15000,카드,제철 반상,1,0
2026-02-13,12:14,21000,카드,묵은지 김치찜,1,0
2026-02-13,12:25,15000,카드,제철 반상,1,0
2026-02-13,12:38,9000,간편결제,동치미 국수,1,0
2026-02-13,13:32,45000,카드,제철 반상,3,0
2026-02-13,13:33,17000,카드,소복 정식,1,0
2026-02-13,13:34,6000,현금,계란말이 추가,1,0
2026-02-13,13:50,15000,카드,제철 반상,1,0
2026-02-13,13:52,26000,카드,보리굴비 정식,1,0
2026-02-13,13:57,17000,간편결제,소복 정식,1,0
2026-02-13,17:04,17000,카드,소복 정식,1,0
2026-02-13,17:06,15000,카드,제철 반상,1,0
2026-02-13,17:12,26000,현금,보리굴비 정식,1,0
2026-02-13,17:25,39000,카드,들기름 고등어 한상,3,0
2026-02-13,17:33,21000,간편결제,묵은지 김치찜,1,0
2026-02-13,17:39,17000,카드,소복 정식,1,0
2026-02-13,17:57,26000,카드,보리굴비 정식,1,0
2026-02-13,17:58,21000,카드,묵은지 김치찜,1,0
2026-02-13,18:05,12000,카드,계란말이 추가,2,0
2026-02-13,18:17,18000,카드,동치미 국수,2,0
2026-02-13,18:18,42000,현금,묵은지 김치찜,2,0
2026-02-13,18:30,21000,카드,묵은지 김치찜,1,0
2026-02-13,18:43,18000,카드,동치미 국수,2,0
2026-02-13,18:51,42000,간편결제,묵은지 김치찜,2,0
2026-02-13,19:10,17000,카드,소복 정식,1,0
2026-02-13,19:29,13000,카드,들기름 고등어 한상,1,0
2026-02-13,19:54,26000,카드,보리굴비 정식,1,0
2026-02-13,20:09,52000,카드,보리굴비 정식,2,0
2026-02-13,20:12,9000,카드,동치미 국수,1,0
2026-02-13,20:43,26000,카드,보리굴비 정식,1,0
2026-02-13,20:50,9000,카드,동치미 국수,1,0
2026-02-14,11:14,13000,카드,들기름 고등어 한상,1,0
2026-02-14,11:19,21000,카드,묵은지 김치찜,1,0
2026-02-14,11:34,15000,현금,제철 반상,1,0
2026-02-14,11:49,9000,간편결제,동치미 국수,1,0
2026-02-14,11:57,26000,간편결제,보리굴비 정식,1,0
2026-02-14,12:10,6000,간편결제,계란말이 추가,1,0
2026-02-14,12:15,6000,카드,계란말이 추가,1,0
2026-02-14,12:19,45000,카드,제철 반상,3,0
2026-02-14,12:21,13000,카드,들기름 고등어 한상,1,0
2026-02-14,12:25,26000,간편결제,보리굴비 정식,1,0
2026-02-14,12:29,26000,카드,보리굴비 정식,1,0
2026-02-14,12:31,21000,카드,묵은지 김치찜,1,0
2026-02-14,12:38,6000,카드,계란말이 추가,1,0
2026-02-14,12:45,9000,카드,동치미 국수,1,0
2026-02-14,12:45,15000,현금,제철 반상,1,0
2026-02-14,12:59,17000,카드,소복 정식,1,0
2026-02-14,13:03,17000,간편결제,소복 정식,1,0
2026-02-14,13:22,13000,카드,들기름 고등어 한상,1,0
2026-02-14,13:26,21000,카드,묵은지 김치찜,1,0
2026-02-14,13:38,42000,카드,묵은지 김치찜,2,0
2026-02-14,13:39,6000,카드,계란말이 추가,1,0
2026-02-14,13:42,21000,카드,묵은지 김치찜,1,0
2026-02-14,13:53,6000,카드,계란말이 추가,1,0
2026-02-14,17:25,9000,카드,동치미 국수,1,0
2026-02-14,17:44,26000,카드,들기름 고등어 한상,2,0
2026-02-14,17:45,26000,카드,보리굴비 정식,1,0
2026-02-14,17:51,42000,카드,묵은지 김치찜,2,0
2026-02-14,18:09,17000,카드,소복 정식,1,0
2026-02-14,18:21,6000,카드,계란말이 추가,1,0
2026-02-14,18:37,42000,카드,묵은지 김치찜,2,0
2026-02-14,18:43,18000,카드,동치미 국수,2,0
2026-02-14,18:48,21000,간편결제,묵은지 김치찜,1,0
2026-02-14,19:03,9000,카드,동치미 국수,1,0
2026-02-14,19:04,6000,카드,계란말이 추가,1,0
2026-02-14,19:32,6000,카드,계란말이 추가,1,0
2026-02-14,19:33,26000,간편결제,보리굴비 정식,1,0
2026-02-14,19:34,26000,카드,보리굴비 정식,1,0
2026-02-14,19:53,12000,카드,계란말이 추가,2,0
2026-02-14,20:05,9000,카드,동치미 국수,1,0
2026-02-14,20:34,15000,카드,제철 반상,1,0
2026-02-14,20:39,17000,카드,소복 정식,1,0
2026-02-14,20:41,6000,카드,계란말이 추가,1,6000
2026-02-14,20:48,17000,카드,소복 정식,1,0
2026-02-14,20:59,18000,카드,동치미 국수,2,0
2026-02-15,11:13,17000,간편결제,소복 정식,1,0
2026-02-15,11:53,12000,카드,계란말이 추가,2,0
2026-02-15,12:03,13000,카드,들기름 고등어 한상,1,0
2026-02-15,12:18,52000,간편결제,보리굴비 정식,2,0
2026-02-15,12:34,30000,카드,제철 반상,2,0
2026-02-15,13:12,42000,카드,묵은지 김치찜,2,0
2026-02-15,13:16,6000,현금,계란말이 추가,1,0
2026-02-15,13:26,15000,카드,제철 반상,1,0
2026-02-15,13:29,6000,카드,계란말이 추가,1,0
2026-02-15,13:44,21000,카드,묵은지 김치찜,1,0
2026-02-15,13:50,9000,카드,동치미 국수,1,0
2026-02-15,13:51,9000,카드,동치미 국수,1,0
2026-02-15,17:34,63000,카드,묵은지 김치찜,3,0
2026-02-15,17:45,26000,카드,들기름 고등어 한상,2,0
2026-02-15,18:26,17000,간편결제,소복 정식,1,0
2026-02-15,18:46,26000,카드,보리굴비 정식,1,0
2026-02-15,18:47,26000,카드,보리굴비 정식,1,0
2026-02-15,18:57,13000,카드,들기름 고등어 한상,1,0
2026-02-15,19:14,15000,카드,제철 반상,1,0
2026-02-15,19:24,12000,현금,계란말이 추가,2,0
2026-02-15,19:35,17000,간편결제,소복 정식,1,0
2026-02-15,19:42,17000,간편결제,소복 정식,1,0
2026-02-15,19:59,15000,카드,제철 반상,1,0
2026-02-15,20:04,51000,카드,소복 정식,3,0
2026-02-15,20:19,26000,카드,들기름 고등어 한상,2,0
2026-02-15,20:19,9000,카드,동치미 국수,1,0
2026-02-15,20:20,21000,간편결제,묵은지 김치찜,1,0
2026-02-15,20:33,9000,카드,동치미 국수,1,0
2026-02-15,20:43,17000,카드,소복 정식,1,0
2026-02-15,20:46,30000,카드,제철 반상,2,0
2026-02-16,11:05,39000,간편결제,들기름 고등어 한상,3,0
2026-02-16,11:11,21000,카드,묵은지 김치찜,1,0
2026-02-16,11:11,26000,카드,들기름 고등어 한상,2,0
2026-02-16,11:29,17000,간편결제,소복 정식,1,0
2026-02-16,11:45,26000,간편결제,보리굴비 정식,1,0
2026-02-16,11:51,12000,현금,계란말이 추가,2,0
2026-02-16,12:13,13000,카드,들기름 고등어 한상,1,0
2026-02-16,12:28,6000,카드,계란말이 추가,1,0
2026-02-16,12:52,15000,현금,제철 반상,1,0
2026-02-16,13:16,13000,카드,들기름 고등어 한상,1,0
2026-02-16,13:46,26000,카드,보리굴비 정식,1,0
2026-02-16,13:59,52000,간편결제,보리굴비 정식,2,0
2026-02-16,17:16,27000,카드,동치미 국수,3,27000
2026-02-16,17:16,26000,카드,보리굴비 정식,1,0
2026-02-16,18:05,27000,카드,동치미 국수,3,0
2026-02-16,18:33,15000,카드,제철 반상,1,0
2026-02-16,18:43,30000,현금,제철 반상,2,0
2026-02-16,19:01,26000,카드,들기름 고등어 한상,2,0
2026-02-16,19:24,21000,카드,묵은지 김치찜,1,0
2026-02-16,19:47,6000,현금,계란말이 추가,1,0
2026-02-16,19:55,39000,카드,들기름 고등어 한상,3,0
2026-02-16,20:28,17000,카드,소복 정식,1,0
2026-02-16,20:35,17000,카드,소복 정식,1,0
2026-02-16,20:42,30000,카드,제철 반상,2,0
2026-02-17,11:17,30000,간편결제,제철 반상,2,0
2026-02-17,11:28,34000,카드,소복 정식,2,0
2026-02-17,11:50,21000,카드,묵은지 김치찜,1,0
2026-02-17,12:38,13000,카드,들기름 고등어 한상,1,0
2026-02-17,12:38,13000,현금,들기름 고등어 한상,1,0
2026-02-17,13:02,17000,카드,소복 정식,1,0
2026-02-17,13:29,18000,카드,동치미 국수,2,0
2026-02-17,13:38,21000,카드,묵은지 김치찜,1,0
2026-02-17,13:41,21000,카드,묵은지 김치찜,1,0
2026-02-17,13:52,6000,간편결제,계란말이 추가,1,0
2026-02-17,13:58,13000,간편결제,들기름 고등어 한상,1,0
2026-02-17,17:19,18000,카드,동치미 국수,2,0
2026-02-17,17:52,9000,카드,동치미 국수,1,0
2026-02-17,17:53,21000,간편결제,묵은지 김치찜,1,0
2026-02-17,17:56,12000,카드,계란말이 추가,2,0
2026-02-17,18:19,6000,카드,계란말이 추가,1,0
2026-02-17,18:20,15000,카드,제철 반상,1,0
2026-02-17,18:22,6000,현금,계란말이 추가,1,0
2026-02-17,18:29,17000,현금,소복 정식,1,0
2026-02-17,18:53,17000,카드,소복 정식,1,0
2026-02-17,19:11,21000,카드,묵은지 김치찜,1,0
2026-02-17,19:56,34000,카드,소복 정식,2,0
2026-02-17,20:11,52000,카드,보리굴비 정식,2,0
2026-02-17,20:30,9000,카드,동치미 국수,1,0
2026-02-17,20:34,6000,카드,계란말이 추가,1,0
2026-02-17,20:58,18000,카드,동치미 국수,2,0
2026-02-18,11:07,13000,카드,들기름 고등어 한상,1,0
2026-02-18,11:24,9000,카드,동치미 국수,1,0
2026-02-18,11:26,9000,카드,동치미 국수,1,0
2026-02-18,11:28,21000,현금,묵은지 김치찜,1,0
2026-02-18,11:35,26000,카드,보리굴비 정식,1,0
2026-02-18,11:41,27000,간편결제,동치미 국수,3,0
2026-02-18,11:42,12000,카드,계란말이 추가,2,0
2026-02-18,11:46,21000,카드,묵은지 김치찜,1,0
2026-02-18,12:01,13000,카드,들기름 고등어 한상,1,0
2026-02-18,12:32,9000,카드,동치미 국수,1,0
2026-02-18,12:40,6000,카드,계란말이 추가,1,0
2026-02-18,12:58,15000,카드,제철 반상,1,0
2026-02-18,13:00,13000,간편결제,들기름 고등어 한상,1,0
2026-02-18,13:50,9000,카드,동치미 국수,1,0
2026-02-18,13:51,52000,카드,보리굴비 정식,2,0
2026-02-18,17:07,21000,카드,묵은지 김치찜,1,0
2026-02-18,17:14,6000,카드,계란말이 추가,1,0
2026-02-18,17:39,9000,카드,동치미 국수,1,0
2026-02-18,17:41,26000,카드,보리굴비 정식,1,0
2026-02-18,17:49,45000,카드,제철 반상,3,0
2026-02-18,17:54,42000,카드,묵은지 김치찜,2,0
2026-02-18,18:23,12000,카드,계란말이 추가,2,0
2026-02-18,18:30,6000,카드,계란말이 추가,1,0
2026-02-18,18:44,21000,카드,묵은지 김치찜,1,0
2026-02-18,19:38,34000,카드,소복 정식,2,0
2026-02-18,20:01,21000,간편결제,묵은지 김치찜,1,0
2026-02-18,20:03,18000,카드,동치미 국수,2,0
2026-02-18,20:10,13000,카드,들기름 고등어 한상,1,0
2026-02-18,20:40,26000,카드,보리굴비 정식,1,0
2026-02-18,20:50,21000,카드,묵은지 김치찜,1,0
2026-02-19,11:01,21000,간편결제,묵은지 김치찜,1,0
2026-02-19,11:08,18000,카드,동치미 국수,2,0
2026-02-19,11:09,9000,카드,동치미 국수,1,0
2026-02-19,11:14,6000,카드,계란말이 추가,1,0
2026-02-19,11:34,9000,현금,동치미 국수,1,0
2026-02-19,11:35,26000,카드,들기름 고등어 한상,2,0
2026-02-19,11:44,6000,카드,계란말이 추가,1,0
2026-02-19,11:51,17000,카드,소복 정식,1,0
2026-02-19,11:55,6000,카드,계란말이 추가,1,0
2026-02-19,12:00,17000,카드,소복 정식,1,0
2026-02-19,12:01,21000,카드,묵은지 김치찜,1,0
2026-02-19,12:06,15000,간편결제,제철 반상,1,0
2026-02-19,12:07,6000,카드,계란말이 추가,1,0
2026-02-19,12:13,12000,카드,계란말이 추가,2,0
2026-02-19,12:16,9000,카드,동치미 국수,1,0
2026-02-19,12:23,21000,현금,묵은지 김치찜,1,0
2026-02-19,12:29,17000,카드,소복 정식,1,0
2026-02-19,12:29,34000,현금,소복 정식,2,0
2026-02-19,13:01,42000,간편결제,묵은지 김치찜,2,0
2026-02-19,13:09,6000,카드,계란말이 추가,1,0
2026-02-19,13:20,17000,카드,소복 정식,1,0
2026-02-19,13:31,26000,카드,보리굴비 정식,1,0
2026-02-19,13:43,34000,현금,소복 정식,2,0
2026-02-19,17:08,18000,카드,동치미 국수,2,0
2026-02-19,17:15,21000,카드,묵은지 김치찜,1,0
2026-02-19,17:43,17000,카드,소복 정식,1,0
2026-02-19,18:02,13000,카드,들기름 고등어 한상,1,0
2026-02-19,18:18,34000,카드,소복 정식,2,0
2026-02-19,18:19,17000,카드,소복 정식,1,0
2026-02-19,19:02,9000,카드,동치미 국수,1,0
2026-02-19,19:12,15000,카드,제철 반상,1,0
2026-02-19,19:19,17000,카드,소복 정식,1,0
2026-02-19,19:30,21000,현금,묵은지 김치찜,1,0
2026-02-19,19:54,26000,카드,보리굴비 정식,1,0
2026-02-19,19:56,12000,카드,계란말이 추가,2,0
2026-02-19,20:40,21000,카드,묵은지 김치찜,1,0
2026-02-19,20:46,30000,간편결제,제철 반상,2,0
2026-02-20,11:00,9000,카드,동치미 국수,1,0
2026-02-20,11:10,42000,카드,묵은지 김치찜,2,0
2026-02-20,11:26,15000,간편결제,제철 반상,1,0
2026-02-20,11:33,9000,카드,동치미 국수,1,0
2026-02-20,11:45,12000,카드,계란말이 추가,2,0
2026-02-20,12:01,12000,카드,계란말이 추가,2,0
2026-02-20,12:02,17000,간편결제,소복 정식,1,17000
2026-02-20,12:05,17000,카드,소복 정식,1,0
2026-02-20,12:07,15000,간편결제,제철 반상,1,0
2026-02-20,12:11,9000,현금,동치미 국수,1,0
2026-02-20,12:21,15000,카드,제철 반상,1,0
2026-02-20,12:41,18000,카드,동치미 국수,2,0
2026-02-20,12:43,18000,카드,동치미 국수,2,0
2026-02-20,12:58,17000,카드,소복 정식,1,0
2026-02-20,13:25,30000,카드,제철 반상,2,0
2026-02-20,13:30,15000,간편결제,제철 반상,1,0
2026-02-20,13:31,15000,카드,제철 반상,1,0
2026-02-20,13:46,13000,카드,들기름 고등어 한상,1,0
2026-02-20,13:58,26000,현금,보리굴비 정식,1,0
2026-02-20,13:59,26000,카드,들기름 고등어 한상,2,0
2026-02-20,17:02,9000,카드,동치미 국수,1,0
2026-02-20,17:19,15000,간편결제,제철 반상,1,0
2026-02-20,17:40,30000,간편결제,제철 반상,2,0
2026-02-20,17:55,9000,카드,동치미 국수,1,0
2026-02-20,18:04,26000,간편결제,보리굴비 정식,1,0
2026-02-20,18:22,15000,카드,제철 반상,1,0
2026-02-20,18:31,21000,카드,묵은지 김치찜,1,0
2026-02-20,18:50,13000,카드,들기름 고등어 한상,1,0
2026-02-20,18:58,21000,카드,묵은지 김치찜,1,0
2026-02-20,19:23,30000,간편결제,제철 반상,2,0
2026-02-20,19:54,63000,카드,묵은지 김치찜,3,0
2026-02-20,20:07,17000,현금,소복 정식,1,0
2026-02-20,20:09,34000,카드,소복 정식,2,0
2026-02-20,20:16,52000,카드,보리굴비 정식,2,0
2026-02-20,20:25,9000,카드,동치미 국수,1,0
2026-02-20,20:26,6000,카드,계란말이 추가,1,0
2026-02-20,20:28,13000,현금,들기름 고등어 한상,1,0
2026-02-20,20:32,78000,카드,보리굴비 정식,3,78000
2026-02-21,11:24,15000,카드,제철 반상,1,0
2026-02-21,11:28,26000,카드,보리굴비 정식,1,0
2026-02-21,12:10,17000,카드,소복 정식,1,0
2026-02-21,12:22,17000,현금,소복 정식,1,0
2026-02-21,12:32,13000,현금,들기름 고등어 한상,1,0
2026-02-21,12:36,9000,간편결제,동치미 국수,1,0
2026-02-21,12:52,13000,카드,들기름 고등어 한상,1,13000
2026-02-21,12:58,52000,카드,보리굴비 정식,2,0
2026-02-21,13:01,15000,현금,제철 반상,1,0
2026-02-21,13:23,26000,카드,들기름 고등어 한상,2,0
2026-02-21,13:27,13000,카드,들기름 고등어 한상,1,0
2026-02-21,13:30,39000,카드,들기름 고등어 한상,3,0
2026-02-21,13:36,21000,현금,묵은지 김치찜,1,0
2026-02-21,13:46,12000,현금,계란말이 추가,2,0
2026-02-21,13:57,13000,카드,들기름 고등어 한상,1,0
2026-02-21,17:11,6000,카드,계란말이 추가,1,0
2026-02-21,17:11,13000,카드,들기름 고등어 한상,1,0
2026-02-21,17:12,9000,현금,동치미 국수,1,0
2026-02-21,17:13,15000,카드,제철 반상,1,0
2026-02-21,17:17,18000,카드,동치미 국수,2,0
2026-02-21,17:23,9000,카드,동치미 국수,1,0
2026-02-21,17:26,15000,카드,제철 반상,1,0
2026-02-21,17:28,21000,카드,묵은지 김치찜,1,21000
2026-02-21,17:41,6000,카드,계란말이 추가,1,0
2026-02-21,17:52,26000,카드,보리굴비 정식,1,0
2026-02-21,17:53,26000,카드,보리굴비 정식,1,0
2026-02-21,18:03,17000,현금,소복 정식,1,0
2026-02-21,18:09,21000,카드,묵은지 김치찜,1,0
2026-02-21,18:32,12000,간편결제,계란말이 추가,2,0
2026-02-21,18:51,13000,카드,들기름 고등어 한상,1,0
2026-02-21,19:40,21000,카드,묵은지 김치찜,1,0
2026-02-21,19:50,17000,카드,소복 정식,1,0
2026-02-21,19:51,13000,카드,들기름 고등어 한상,1,0
2026-02-21,20:04,12000,카드,계란말이 추가,2,0
2026-02-21,20:11,6000,카드,계란말이 추가,1,0
2026-02-21,20:18,34000,간편결제,소복 정식,2,0
2026-02-21,20:25,21000,카드,묵은지 김치찜,1,0
2026-02-21,20:45,42000,간편결제,묵은지 김치찜,2,0
2026-02-21,20:46,9000,카드,동치미 국수,1,0
2026-02-21,20:47,26000,간편결제,들기름 고등어 한상,2,0
2026-02-21,20:53,17000,간편결제,소복 정식,1,0
2026-02-22,11:13,21000,카드,묵은지 김치찜,1,0
2026-02-22,11:26,18000,카드,동치미 국수,2,0
2026-02-22,11:30,9000,카드,동치미 국수,1,0
2026-02-22,12:00,21000,카드,묵은지 김치찜,1,0
2026-02-22,12:03,9000,카드,동치미 국수,1,0
2026-02-22,12:15,34000,현금,소복 정식,2,0
2026-02-22,12:36,17000,간편결제,소복 정식,1,0
2026-02-22,13:22,13000,간편결제,들기름 고등어 한상,1,0
2026-02-22,13:28,26000,현금,보리굴비 정식,1,0
2026-02-22,13:39,13000,카드,들기름 고등어 한상,1,0
2026-02-22,17:51,6000,간편결제,계란말이 추가,1,0
2026-02-22,18:11,15000,카드,제철 반상,1,0
2026-02-22,18:12,27000,카드,동치미 국수,3,0
2026-02-22,18:35,6000,카드,계란말이 추가,1,0
2026-02-22,18:55,17000,간편결제,소복 정식,1,0
2026-02-22,19:05,21000,카드,묵은지 김치찜,1,0
2026-02-22,19:17,26000,카드,보리굴비 정식,1,0
2026-02-22,19:19,26000,카드,보리굴비 정식,1,0
2026-02-22,19:20,21000,카드,묵은지 김치찜,1,0
2026-02-22,19:21,15000,간편결제,제철 반상,1,0
2026-02-22,19:30,26000,카드,들기름 고등어 한상,2,0
2026-02-22,19:33,26000,카드,들기름 고등어 한상,2,0
2026-02-22,19:37,15000,카드,제철 반상,1,0
2026-02-22,20:06,39000,카드,들기름 고등어 한상,3,0
2026-02-22,20:12,26000,카드,보리굴비 정식,1,0
2026-02-22,20:37,26000,간편결제,보리굴비 정식,1,0
2026-02-22,20:40,21000,카드,묵은지 김치찜,1,0
2026-02-22,20:41,9000,카드,동치미 국수,1,0
2026-02-22,20:52,21000,카드,묵은지 김치찜,1,0
2026-02-22,20:58,52000,카드,보리굴비 정식,2,0
2026-02-24,11:01,17000,카드,소복 정식,1,0
2026-02-24,11:08,26000,카드,보리굴비 정식,1,0
2026-02-24,11:10,52000,카드,보리굴비 정식,2,0
2026-02-24,11:11,30000,간편결제,제철 반상,2,0
2026-02-24,11:49,9000,현금,동치미 국수,1,0
2026-02-24,11:50,26000,간편결제,들기름 고등어 한상,2,0
2026-02-24,11:56,34000,카드,소복 정식,2,0
2026-02-24,12:42,34000,간편결제,소복 정식,2,0
2026-02-24,12:47,13000,현금,들기름 고등어 한상,1,0
2026-02-24,12:50,9000,간편결제,동치미 국수,1,0
2026-02-24,12:55,15000,카드,제철 반상,1,0
2026-02-24,12:57,39000,카드,들기름 고등어 한상,3,0
2026-02-24,13:11,15000,카드,제철 반상,1,0
2026-02-24,13:13,21000,카드,묵은지 김치찜,1,0
2026-02-24,13:25,15000,간편결제,제철 반상,1,0
2026-02-24,13:35,17000,카드,소복 정식,1,0
2026-02-24,13:39,26000,카드,보리굴비 정식,1,0
2026-02-24,13:51,6000,카드,계란말이 추가,1,0
2026-02-24,17:37,13000,카드,들기름 고등어 한상,1,0
2026-02-24,17:39,26000,카드,보리굴비 정식,1,0
2026-02-24,17:54,9000,카드,동치미 국수,1,0
2026-02-24,18:00,17000,카드,소복 정식,1,0
2026-02-24,18:27,17000,간편결제,소복 정식,1,0
2026-02-24,18:39,21000,카드,묵은지 김치찜,1,0
2026-02-24,18:57,17000,카드,소복 정식,1,0
2026-02-24,19:01,9000,카드,동치미 국수,1,0
2026-02-24,19:18,13000,카드,들기름 고등어 한상,1,0
2026-02-24,19:29,18000,카드,동치미 국수,2,0
2026-02-24,19:36,9000,카드,동치미 국수,1,0
2026-02-24,19:41,17000,간편결제,소복 정식,1,0
2026-02-24,20:06,13000,간편결제,들기름 고등어 한상,1,0
2026-02-24,20:08,21000,카드,묵은지 김치찜,1,0
2026-02-24,20:50,9000,카드,동치미 국수,1,0
2026-02-25,11:50,9000,카드,동치미 국수,1,0
2026-02-25,11:57,6000,카드,계란말이 추가,1,0
2026-02-25,12:13,15000,현금,제철 반상,1,0
2026-02-25,13:07,21000,간편결제,묵은지 김치찜,1,0
2026-02-25,13:09,15000,카드,제철 반상,1,0
2026-02-25,13:13,26000,카드,보리굴비 정식,1,0
2026-02-25,13:43,15000,카드,제철 반상,1,0
2026-02-25,13:43,21000,간편결제,묵은지 김치찜,1,0
2026-02-25,13:44,78000,카드,보리굴비 정식,3,0
2026-02-25,13:48,17000,카드,소복 정식,1,0
2026-02-25,17:16,17000,간편결제,소복 정식,1,0
2026-02-25,17:23,15000,간편결제,제철 반상,1,0
2026-02-25,17:36,42000,카드,묵은지 김치찜,2,0
2026-02-25,18:14,9000,카드,동치미 국수,1,0
2026-02-25,18:18,13000,카드,들기름 고등어 한상,1,0
2026-02-25,18:20,26000,카드,보리굴비 정식,1,0
2026-02-25,18:27,30000,간편결제,제철 반상,2,0
2026-02-25,18:31,13000,간편결제,들기름 고등어 한상,1,0
2026-02-25,18:31,15000,카드,제철 반상,1,0
2026-02-25,18:32,6000,카드,계란말이 추가,1,0
2026-02-25,18:32,30000,간편결제,제철 반상,2,0
2026-02-25,18:40,15000,카드,제철 반상,1,0
2026-02-25,18:47,15000,현금,제철 반상,1,0
2026-02-25,18:55,13000,간편결제,들기름 고등어 한상,1,0
2026-02-25,18:59,17000,카드,소복 정식,1,0
2026-02-25,19:08,9000,카드,동치미 국수,1,0
2026-02-25,19:29,13000,간편결제,들기름 고등어 한상,1,0
2026-02-25,19:44,12000,간편결제,계란말이 추가,2,0
2026-02-25,19:53,26000,카드,보리굴비 정식,1,0
2026-02-25,20:13,26000,카드,보리굴비 정식,1,0
2026-02-25,20:27,17000,간편결제,소복 정식,1,0
2026-02-25,20:28,12000,카드,계란말이 추가,2,0
2026-02-25,20:36,9000,카드,동치미 국수,1,0
2026-02-26,11:20,15000,카드,제철 반상,1,0
2026-02-26,11:23,42000,카드,묵은지 김치찜,2,0
2026-02-26,11:23,17000,카드,소복 정식,1,0
2026-02-26,11:34,63000,카드,묵은지 김치찜,3,0
2026-02-26,11:47,17000,간편결제,소복 정식,1,0
2026-02-26,11:48,26000,간편결제,보리굴비 정식,1,0
2026-02-26,11:49,17000,카드,소복 정식,1,0
2026-02-26,11:59,26000,카드,보리굴비 정식,1,0
2026-02-26,12:06,6000,간편결제,계란말이 추가,1,0
2026-02-26,12:08,26000,카드,보리굴비 정식,1,0
2026-02-26,12:13,9000,카드,동치미 국수,1,0
2026-02-26,12:14,17000,카드,소복 정식,1,0
2026-02-26,12:44,12000,카드,계란말이 추가,2,0
2026-02-26,12:57,13000,현금,들기름 고등어 한상,1,0
2026-02-26,13:02,21000,간편결제,묵은지 김치찜,1,0
2026-02-26,13:14,15000,카드,제철 반상,1,0
2026-02-26,13:17,26000,카드,보리굴비 정식,1,0
2026-02-26,13:40,9000,카드,동치미 국수,1,0
2026-02-26,17:08,34000,카드,소복 정식,2,0
2026-02-26,17:24,21000,현금,묵은지 김치찜,1,0
2026-02-26,17:53,15000,카드,제철 반상,1,0
2026-02-26,18:05,15000,카드,제철 반상,1,0
2026-02-26,18:13,52000,카드,보리굴비 정식,2,0
2026-02-26,18:19,6000,카드,계란말이 추가,1,0
2026-02-26,18:19,13000,카드,들기름 고등어 한상,1,0
2026-02-26,18:40,13000,카드,들기름 고등어 한상,1,0
2026-02-26,18:51,21000,간편결제,묵은지 김치찜,1,0
2026-02-26,18:53,26000,현금,보리굴비 정식,1,0
2026-02-26,18:55,13000,카드,들기름 고등어 한상,1,0
2026-02-26,19:53,21000,카드,묵은지 김치찜,1,0
2026-02-26,20:45,9000,카드,동치미 국수,1,0
2026-02-26,20:55,52000,카드,보리굴비 정식,2,0
2026-02-27,11:01,21000,카드,묵은지 김치찜,1,0
2026-02-27,11:02,17000,카드,소복 정식,1,0
2026-02-27,11:13,9000,간편결제,동치미 국수,1,0
2026-02-27,11:15,63000,카드,묵은지 김치찜,3,0
2026-02-27,11:28,15000,카드,제철 반상,1,0
2026-02-27,11:46,52000,카드,보리굴비 정식,2,0
2026-02-27,11:49,52000,카드,보리굴비 정식,2,0
2026-02-27,11:54,13000,간편결제,들기름 고등어 한상,1,0
2026-02-27,11:54,34000,간편결제,소복 정식,2,0
2026-02-27,12:00,6000,현금,계란말이 추가,1,0
2026-02-27,12:12,9000,카드,동치미 국수,1,0
2026-02-27,12:34,9000,카드,동치미 국수,1,0
2026-02-27,12:53,26000,간편결제,들기름 고등어 한상,2,0
2026-02-27,12:54,18000,현금,동치미 국수,2,0
2026-02-27,13:15,26000,카드,보리굴비 정식,1,0
2026-02-27,13:47,42000,카드,묵은지 김치찜,2,0
2026-02-27,13:49,34000,카드,소복 정식,2,0
2026-02-27,13:52,9000,카드,동치미 국수,1,0
2026-02-27,13:59,21000,카드,묵은지 김치찜,1,0
2026-02-27,17:20,13000,카드,들기름 고등어 한상,1,0
2026-02-27,17:20,15000,현금,제철 반상,1,0
2026-02-27,17:20,34000,카드,소복 정식,2,0
2026-02-27,17:20,9000,카드,동치미 국수,1,0
2026-02-27,17:27,15000,현금,제철 반상,1,0
2026-02-27,17:47,30000,현금,제철 반상,2,0
2026-02-27,18:00,26000,현금,보리굴비 정식,1,0
2026-02-27,18:01,13000,간편결제,들기름 고등어 한상,1,0
2026-02-27,18:20,15000,간편결제,제철 반상,1,0
2026-02-27,18:24,42000,카드,묵은지 김치찜,2,0
2026-02-27,18:33,15000,카드,제철 반상,1,0
2026-02-27,18:51,52000,카드,보리굴비 정식,2,0
2026-02-27,18:57,15000,간편결제,제철 반상,1,15000
2026-02-27,19:00,9000,간편결제,동치미 국수,1,0
2026-02-27,19:07,63000,간편결제,묵은지 김치찜,3,0
2026-02-27,19:33,26000,카드,보리굴비 정식,1,0
2026-02-27,19:54,26000,카드,보리굴비 정식,1,0
2026-02-27,19:57,17000,카드,소복 정식,1,0
2026-02-27,20:14,6000,카드,계란말이 추가,1,0
2026-02-27,20:26,17000,카드,소복 정식,1,0
2026-02-27,20:42,13000,카드,들기름 고등어 한상,1,0
2026-02-27,20:46,18000,카드,동치미 국수,2,0
2026-02-27,20:49,21000,카드,묵은지 김치찜,1,21000
2026-02-27,20:49,45000,카드,제철 반상,3,0
2026-02-28,11:17,15000,카드,제철 반상,1,0
2026-02-28,11:17,30000,간편결제,제철 반상,2,0
2026-02-28,11:28,21000,카드,묵은지 김치찜,1,0
2026-02-28,11:30,15000,카드,제철 반상,1,0
2026-02-28,11:38,17000,카드,소복 정식,1,0
2026-02-28,12:05,15000,카드,제철 반상,1,0
2026-02-28,12:08,42000,카드,묵은지 김치찜,2,0
2026-02-28,12:37,12000,카드,계란말이 추가,2,0
2026-02-28,12:39,6000,카드,계란말이 추가,1,0
2026-02-28,12:45,27000,카드,동치미 국수,3,0
2026-02-28,12:49,26000,카드,보리굴비 정식,1,0
2026-02-28,13:00,78000,카드,보리굴비 정식,3,0
2026-02-28,13:01,18000,카드,동치미 국수,2,0
2026-02-28,13:03,21000,카드,묵은지 김치찜,1,0
2026-02-28,13:14,21000,카드,묵은지 김치찜,1,0
2026-02-28,13:29,15000,카드,제철 반상,1,0
2026-02-28,13:46,30000,카드,제철 반상,2,0
2026-02-28,13:53,6000,카드,계란말이 추가,1,0
2026-02-28,17:27,17000,간편결제,소복 정식,1,0
2026-02-28,17:34,34000,현금,소복 정식,2,0
2026-02-28,17:48,45000,현금,제철 반상,3,0
2026-02-28,18:10,15000,카드,제철 반상,1,0
2026-02-28,18:34,21000,카드,묵은지 김치찜,1,0
2026-02-28,18:40,15000,카드,제철 반상,1,0
2026-02-28,18:49,12000,카드,계란말이 추가,2,0
2026-02-28,18:53,17000,간편결제,소복 정식,1,0
2026-02-28,18:57,13000,카드,들기름 고등어 한상,1,0
2026-02-28,19:12,21000,현금,묵은지 김치찜,1,0
2026-02-28,19:24,26000,카드,보리굴비 정식,1,0
2026-02-28,19:27,17000,카드,소복 정식,1,0
2026-02-28,19:32,13000,카드,들기름 고등어 한상,1,0
2026-02-28,19:39,26000,카드,보리굴비 정식,1,0
2026-02-28,19:48,6000,카드,계란말이 추가,1,0
2026-02-28,20:39,34000,카드,소복 정식,2,0
2026-03-01,11:15,9000,간편결제,동치미 국수,1,0
2026-03-01,11:20,17000,카드,소복 정식,1,0
2026-03-01,12:43,13000,카드,들기름 고등어 한상,1,0
2026-03-01,13:02,9000,카드,동치미 국수,1,0
2026-03-01,13:11,9000,간편결제,동치미 국수,1,0
2026-03-01,13:14,45000,카드,제철 반상,3,0
2026-03-01,13:26,52000,간편결제,보리굴비 정식,2,0
2026-03-01,13:33,42000,카드,묵은지 김치찜,2,0
2026-03-01,13:44,15000,카드,제철 반상,1,0
2026-03-01,13:51,15000,카드,제철 반상,1,0
2026-03-01,13:58,27000,카드,동치미 국수,3,0
2026-03-01,13:59,18000,카드,동치미 국수,2,0
2026-03-01,17:21,52000,카드,보리굴비 정식,2,0
2026-03-01,17:43,21000,카드,묵은지 김치찜,1,0
2026-03-01,17:44,13000,카드,들기름 고등어 한상,1,0
2026-03-01,17:57,34000,카드,소복 정식,2,0
2026-03-01,17:58,17000,간편결제,소복 정식,1,0
2026-03-01,18:08,52000,카드,보리굴비 정식,2,0
2026-03-01,18:41,13000,카드,들기름 고등어 한상,1,0
2026-03-01,18:58,6000,카드,계란말이 추가,1,0
2026-03-01,19:13,21000,카드,묵은지 김치찜,1,0
2026-03-01,20:09,26000,카드,보리굴비 정식,1,0
2026-03-01,20:30,30000,카드,제철 반상,2,0
2026-03-01,20:45,13000,간편결제,들기름 고등어 한상,1,13000
2026-03-01,20:57,21000,카드,묵은지 김치찜,1,0
2026-03-02,11:28,6000,카드,계란말이 추가,1,0
2026-03-02,11:33,42000,카드,묵은지 김치찜,2,0
2026-03-02,11:33,30000,카드,제철 반상,2,0
2026-03-02,12:06,9000,카드,동치미 국수,1,0
2026-03-02,12:23,34000,카드,소복 정식,2,0
2026-03-02,12:29,17000,현금,소복 정식,1,0
2026-03-02,12:31,9000,카드,동치미 국수,1,0
2026-03-02,12:42,9000,현금,동치미 국수,1,0
2026-03-02,13:23,26000,카드,보리굴비 정식,1,0
2026-03-02,13:29,21000,카드,묵은지 김치찜,1,0
2026-03-02,13:51,78000,카드,보리굴비 정식,3,0
2026-03-02,17:29,21000,카드,묵은지 김치찜,1,0
2026-03-02,17:39,15000,카드,제철 반상,1,0
2026-03-02,18:07,9000,카드,동치미 국수,1,0
2026-03-02,18:36,13000,현금,들기름 고등어 한상,1,0
2026-03-02,18:41,15000,카드,제철 반상,1,0
2026-03-02,19:06,26000,카드,보리굴비 정식,1,0
2026-03-02,19:13,42000,카드,묵은지 김치찜,2,0
2026-03-02,19:13,27000,카드,동치미 국수,3,0
2026-03-02,19:25,26000,카드,들기름 고등어 한상,2,0
2026-03-02,20:00,52000,현금,보리굴비 정식,2,0
2026-03-02,20:05,6000,카드,계란말이 추가,1,0
2026-03-02,20:38,30000,카드,제철 반상,2,0
2026-03-02,20:50,26000,카드,들기름 고등어 한상,2,0
2026-03-02,20:52,12000,카드,계란말이 추가,2,0
2026-03-03,11:18,9000,카드,동치미 국수,1,0
2026-03-03,11:21,21000,카드,묵은지 김치찜,1,0
2026-03-03,11:25,21000,카드,묵은지 김치찜,1,21000
2026-03-03,11:46,6000,간편결제,계란말이 추가,1,0
2026-03-03,11:51,26000,카드,보리굴비 정식,1,0
2026-03-03,12:25,26000,현금,들기름 고등어 한상,2,0
2026-03-03,12:28,26000,현금,보리굴비 정식,1,0
2026-03-03,12:33,18000,카드,동치미 국수,2,0
2026-03-03,12:43,26000,카드,보리굴비 정식,1,0
2026-03-03,13:07,9000,카드,동치미 국수,1,0
2026-03-03,13:24,26000,카드,보리굴비 정식,1,0
2026-03-03,13:29,15000,현금,제철 반상,1,0
2026-03-03,13:35,12000,카드,계란말이 추가,2,0
2026-03-03,13:52,9000,카드,동치미 국수,1,0
2026-03-03,17:07,6000,카드,계란말이 추가,1,0
2026-03-03,17:37,15000,카드,제철 반상,1,0
2026-03-03,19:00,15000,카드,제철 반상,1,0
2026-03-03,19:01,21000,카드,묵은지 김치찜,1,0
2026-03-03,19:18,17000,간편결제,소복 정식,1,0
2026-03-03,19:20,34000,카드,소복 정식,2,0
2026-03-03,19:30,42000,카드,묵은지 김치찜,2,0
2026-03-03,19:38,15000,카드,제철 반상,1,0
2026-03-03,20:06,13000,카드,들기름 고등어 한상,1,0
2026-03-03,20:31,6000,현금,계란말이 추가,1,0
2026-03-03,20:44,13000,간편결제,들기름 고등어 한상,1,0
2026-03-03,20:51,15000,카드,제철 반상,1,0
2026-03-04,11:02,13000,카드,들기름 고등어 한상,1,0
2026-03-04,11:15,26000,카드,보리굴비 정식,1,0
2026-03-04,11:19,26000,카드,보리굴비 정식,1,0
2026-03-04,11:32,12000,간편결제,계란말이 추가,2,0
2026-03-04,11:40,34000,카드,소복 정식,2,0
2026-03-04,11:43,9000,카드,동치미 국수,1,0
2026-03-04,11:44,52000,간편결제,보리굴비 정식,2,0
2026-03-04,11:50,26000,카드,보리굴비 정식,1,0
2026-03-04,11:55,9000,카드,동치미 국수,1,0
2026-03-04,12:16,26000,카드,보리굴비 정식,1,0
2026-03-04,12:36,15000,카드,제철 반상,1,0
2026-03-04,12:40,13000,간편결제,들기름 고등어 한상,1,0
2026-03-04,12:43,17000,현금,소복 정식,1,0
2026-03-04,12:53,9000,카드,동치미 국수,1,0
2026-03-04,13:09,26000,카드,보리굴비 정식,1,0
2026-03-04,13:23,15000,간편결제,제철 반상,1,0
2026-03-04,13:36,45000,카드,제철 반상,3,0
2026-03-04,17:05,30000,카드,제철 반상,2,0
2026-03-04,17:35,13000,카드,들기름 고등어 한상,1,0
2026-03-04,17:50,42000,현금,묵은지 김치찜,2,0
2026-03-04,17:50,21000,간편결제,묵은지 김치찜,1,0
2026-03-04,17:52,12000,카드,계란말이 추가,2,0
2026-03-04,17:58,13000,카드,들기름 고등어 한상,1,0
2026-03-04,17:58,34000,카드,소복 정식,2,0
2026-03-04,18:00,13000,카드,들기름 고등어 한상,1,0
2026-03-04,18:15,6000,카드,계란말이 추가,1,0
2026-03-04,18:22,21000,카드,묵은지 김치찜,1,0
2026-03-04,18:24,6000,카드,계란말이 추가,1,0
2026-03-04,18:40,15000,카드,제철 반상,1,0
2026-03-04,18:51,78000,카드,보리굴비 정식,3,0
2026-03-04,18:52,6000,카드,계란말이 추가,1,0
2026-03-04,19:15,13000,카드,들기름 고등어 한상,1,0
2026-03-04,19:38,26000,카드,보리굴비 정식,1,0
2026-03-04,19:50,15000,간편결제,제철 반상,1,0
2026-03-04,20:38,15000,카드,제철 반상,1,0
2026-03-05,11:24,15000,카드,제철 반상,1,0
2026-03-05,11:27,26000,현금,보리굴비 정식,1,0
2026-03-05,11:40,17000,현금,소복 정식,1,0
2026-03-05,11:52,26000,카드,들기름 고등어 한상,2,0
2026-03-05,12:00,13000,간편결제,들기름 고등어 한상,1,0
2026-03-05,12:29,9000,카드,동치미 국수,1,0
2026-03-05,12:50,13000,간편결제,들기름 고등어 한상,1,0
2026-03-05,13:10,21000,카드,묵은지 김치찜,1,0
2026-03-05,13:42,21000,카드,묵은지 김치찜,1,0
2026-03-05,13:46,13000,카드,들기름 고등어 한상,1,0
2026-03-05,17:11,26000,간편결제,보리굴비 정식,1,0
2026-03-05,17:33,21000,카드,묵은지 김치찜,1,0
2026-03-05,17:43,18000,카드,동치미 국수,2,0
2026-03-05,18:07,17000,카드,소복 정식,1,0
2026-03-05,18:21,17000,카드,소복 정식,1,0
2026-03-05,18:40,9000,카드,동치미 국수,1,0
2026-03-05,18:54,17000,현금,소복 정식,1,0
2026-03-05,18:58,13000,카드,들기름 고등어 한상,1,0
2026-03-05,19:06,9000,카드,동치미 국수,1,0
2026-03-05,19:09,6000,카드,계란말이 추가,1,0
2026-03-05,19:09,52000,카드,보리굴비 정식,2,0
2026-03-05,19:37,26000,카드,보리굴비 정식,1,0
2026-03-05,19:38,6000,카드,계란말이 추가,1,0
2026-03-05,19:43,9000,카드,동치미 국수,1,0
2026-03-05,20:09,26000,간편결제,보리굴비 정식,1,0
2026-03-05,20:20,21000,카드,묵은지 김치찜,1,0
2026-03-05,20:21,6000,현금,계란말이 추가,1,0
2026-03-05,20:28,13000,카드,들기름 고등어 한상,1,0
2026-03-05,20:48,52000,카드,보리굴비 정식,2,0
2026-03-06,11:21,13000,간편결제,들기름 고등어 한상,1,0
2026-03-06,11:24,42000,카드,묵은지 김치찜,2,0
2026-03-06,11:24,26000,간편결제,보리굴비 정식,1,0
2026-03-06,11:26,52000,현금,보리굴비 정식,2,0
2026-03-06,11:27,9000,카드,동치미 국수,1,0
2026-03-06,11:30,26000,카드,보리굴비 정식,1,0
2026-03-06,11:37,15000,카드,제철 반상,1,0
2026-03-06,11:38,39000,간편결제,들기름 고등어 한상,3,0
2026-03-06,11:39,9000,카드,동치미 국수,1,0
2026-03-06,11:40,26000,카드,보리굴비 정식,1,0
2026-03-06,11:51,21000,카드,묵은지 김치찜,1,0
2026-03-06,12:03,30000,카드,제철 반상,2,0
2026-03-06,12:03,13000,간편결제,들기름 고등어 한상,1,0
2026-03-06,12:08,52000,카드,보리굴비 정식,2,0
2026-03-06,12:24,15000,카드,제철 반상,1,0
2026-03-06,12:35,17000,카드,소복 정식,1,0
2026-03-06,12:42,52000,카드,보리굴비 정식,2,0
2026-03-06,13:06,21000,간편결제,묵은지 김치찜,1,0
2026-03-06,13:08,21000,현금,묵은지 김치찜,1,21000
2026-03-06,13:55,17000,간편결제,소복 정식,1,0
2026-03-06,17:27,15000,카드,제철 반상,1,0
2026-03-06,17:36,17000,카드,소복 정식,1,0
2026-03-06,18:05,9000,카드,동치미 국수,1,0
2026-03-06,18:10,6000,카드,계란말이 추가,1,0
2026-03-06,18:19,42000,카드,묵은지 김치찜,2,0
2026-03-06,18:33,12000,카드,계란말이 추가,2,0
2026-03-06,18:43,6000,카드,계란말이 추가,1,0
2026-03-06,18:53,9000,카드,동치미 국수,1,0
2026-03-06,18:55,13000,간편결제,들기름 고등어 한상,1,0
2026-03-06,19:09,26000,카드,보리굴비 정식,1,0
2026-03-06,19:16,9000,카드,동치미 국수,1,0
2026-03-06,19:30,9000,카드,동치미 국수,1,0
2026-03-06,19:32,26000,간편결제,보리굴비 정식,1,0
2026-03-06,19:34,6000,카드,계란말이 추가,1,0
2026-03-06,19:58,21000,카드,묵은지 김치찜,1,0
2026-03-06,20:06,15000,카드,제철 반상,1,0
2026-03-06,20:16,78000,카드,보리굴비 정식,3,0
2026-03-06,20:25,26000,카드,보리굴비 정식,1,0
2026-03-06,20:29,18000,카드,계란말이 추가,3,0
2026-03-06,20:47,12000,카드,계란말이 추가,2,0
2026-03-06,20:55,13000,간편결제,들기름 고등어 한상,1,0
2026-03-07,11:16,9000,카드,동치미 국수,1,0
2026-03-07,11:19,9000,카드,동치미 국수,1,0
2026-03-07,11:23,30000,카드,제철 반상,2,0
2026-03-07,11:25,18000,카드,동치미 국수,2,0
2026-03-07,11:36,26000,카드,보리굴비 정식,1,0
2026-03-07,11:44,9000,카드,동치미 국수,1,0
2026-03-07,11:46,52000,현금,보리굴비 정식,2,0
2026-03-07,11:48,6000,간편결제,계란말이 추가,1,0
2026-03-07,11:58,13000,카드,들기름 고등어 한상,1,0
2026-03-07,12:14,17000,간편결제,소복 정식,1,0
2026-03-07,12:19,21000,카드,묵은지 김치찜,1,21000
2026-03-07,12:31,78000,카드,보리굴비 정식,3,0
2026-03-07,12:33,9000,카드,동치미 국수,1,0
2026-03-07,12:44,26000,카드,들기름 고등어 한상,2,0
2026-03-07,12:52,78000,카드,보리굴비 정식,3,0
2026-03-07,12:55,15000,카드,제철 반상,1,0
2026-03-07,13:05,51000,간편결제,소복 정식,3,0
2026-03-07,13:05,12000,카드,계란말이 추가,2,0
2026-03-07,13:11,15000,카드,제철 반상,1,0
2026-03-07,13:12,6000,현금,계란말이 추가,1,0
2026-03-07,13:36,21000,카드,묵은지 김치찜,1,0
2026-03-07,13:48,21000,카드,묵은지 김치찜,1,0
2026-03-07,13:50,6000,카드,계란말이 추가,1,0
2026-03-07,17:17,21000,카드,묵은지 김치찜,1,0
2026-03-07,17:27,17000,카드,소복 정식,1,0
2026-03-07,17:28,30000,간편결제,제철 반상,2,0
2026-03-07,18:01,13000,카드,들기름 고등어 한상,1,0
2026-03-07,18:05,9000,카드,동치미 국수,1,0
2026-03-07,18:19,6000,카드,계란말이 추가,1,0
2026-03-07,18:42,39000,카드,들기름 고등어 한상,3,0
2026-03-07,18:59,17000,카드,소복 정식,1,0
2026-03-07,19:00,39000,카드,들기름 고등어 한상,3,0
2026-03-07,19:02,27000,카드,동치미 국수,3,0
2026-03-07,19:12,26000,카드,보리굴비 정식,1,0
2026-03-07,19:30,26000,카드,보리굴비 정식,1,0
2026-03-07,19:55,52000,카드,보리굴비 정식,2,0
2026-03-07,20:23,9000,카드,동치미 국수,1,0
2026-03-07,20:26,51000,현금,소복 정식,3,0
2026-03-07,20:40,17000,카드,소복 정식,1,0
2026-03-07,20:45,12000,카드,계란말이 추가,2,0
2026-03-07,20:51,6000,간편결제,계란말이 추가,1,0
2026-03-08,11:17,17000,카드,소복 정식,1,0
2026-03-08,11:41,6000,카드,계란말이 추가,1,0
2026-03-08,11:43,13000,간편결제,들기름 고등어 한상,1,0
2026-03-08,11:52,26000,카드,보리굴비 정식,1,0
2026-03-08,11:53,26000,카드,보리굴비 정식,1,0
2026-03-08,12:01,17000,간편결제,소복 정식,1,0
2026-03-08,12:08,15000,현금,제철 반상,1,0
2026-03-08,12:12,17000,카드,소복 정식,1,0
2026-03-08,12:29,18000,현금,동치미 국수,2,0
2026-03-08,12:35,26000,카드,보리굴비 정식,1,0
2026-03-08,12:42,17000,현금,소복 정식,1,0
2026-03-08,12:46,9000,카드,동치미 국수,1,0
2026-03-08,13:14,18000,카드,동치미 국수,2,0
2026-03-08,13:22,9000,간편결제,동치미 국수,1,0
2026-03-08,13:39,26000,카드,보리굴비 정식,1,0
2026-03-08,13:43,21000,카드,묵은지 김치찜,1,0
2026-03-08,13:49,26000,카드,보리굴비 정식,1,0
2026-03-08,17:06,26000,현금,보리굴비 정식,1,0
2026-03-08,17:16,17000,카드,소복 정식,1,0
2026-03-08,17:33,9000,카드,동치미 국수,1,0
2026-03-08,17:49,21000,카드,묵은지 김치찜,1,0
2026-03-08,17:58,15000,카드,제철 반상,1,0
2026-03-08,18:46,15000,카드,제철 반상,1,0
2026-03-08,18:49,42000,현금,묵은지 김치찜,2,0
2026-03-08,19:13,30000,간편결제,제철 반상,2,0
2026-03-08,19:23,17000,카드,소복 정식,1,0
2026-03-08,19:25,15000,카드,제철 반상,1,0
2026-03-08,19:44,12000,카드,계란말이 추가,2,0
2026-03-08,19:55,26000,간편결제,들기름 고등어 한상,2,0
2026-03-08,20:24,9000,카드,동치미 국수,1,0
2026-03-08,20:33,18000,카드,동치미 국수,2,0
2026-03-08,20:55,6000,카드,계란말이 추가,1,0
2026-03-10,11:05,21000,현금,묵은지 김치찜,1,0
2026-03-10,11:08,21000,카드,묵은지 김치찜,1,0
2026-03-10,11:11,6000,카드,계란말이 추가,1,0
2026-03-10,11:34,26000,카드,보리굴비 정식,1,0
2026-03-10,11:35,42000,카드,묵은지 김치찜,2,0
2026-03-10,11:50,26000,카드,보리굴비 정식,1,0
2026-03-10,11:51,34000,카드,소복 정식,2,0
2026-03-10,11:59,9000,카드,동치미 국수,1,0
2026-03-10,12:01,30000,현금,제철 반상,2,0
2026-03-10,13:20,34000,카드,소복 정식,2,0
2026-03-10,13:47,21000,간편결제,묵은지 김치찜,1,0
2026-03-10,17:09,21000,카드,묵은지 김치찜,1,0
2026-03-10,17:33,6000,간편결제,계란말이 추가,1,0
2026-03-10,17:36,34000,카드,소복 정식,2,0
2026-03-10,17:46,12000,카드,계란말이 추가,2,0
2026-03-10,17:50,12000,카드,계란말이 추가,2,0
2026-03-10,17:51,17000,간편결제,소복 정식,1,0
2026-03-10,17:58,6000,간편결제,계란말이 추가,1,0
2026-03-10,18:16,18000,카드,동치미 국수,2,0
2026-03-10,18:17,30000,간편결제,제철 반상,2,0
2026-03-10,18:27,26000,간편결제,보리굴비 정식,1,0
2026-03-10,18:31,26000,카드,보리굴비 정식,1,0
2026-03-10,18:35,26000,카드,보리굴비 정식,1,0
2026-03-10,18:47,52000,현금,보리굴비 정식,2,0
2026-03-10,18:51,21000,카드,묵은지 김치찜,1,0
2026-03-10,19:00,21000,현금,묵은지 김치찜,1,0
2026-03-10,20:01,26000,현금,들기름 고등어 한상,2,0
2026-03-10,20:16,17000,카드,소복 정식,1,0
2026-03-10,20:23,17000,간편결제,소복 정식,1,0
2026-03-10,20:30,17000,카드,소복 정식,1,0
2026-03-10,20:33,26000,카드,보리굴비 정식,1,0
2026-03-10,20:35,63000,카드,묵은지 김치찜,3,0
2026-03-11,11:22,18000,간편결제,동치미 국수,2,0
2026-03-11,11:31,6000,카드,계란말이 추가,1,0
2026-03-11,11:33,26000,카드,들기름 고등어 한상,2,0
2026-03-11,11:36,39000,현금,들기름 고등어 한상,3,0
2026-03-11,11:41,9000,간편결제,동치미 국수,1,0
2026-03-11,11:42,26000,현금,보리굴비 정식,1,0
2026-03-11,12:20,13000,카드,들기름 고등어 한상,1,0
2026-03-11,12:34,12000,현금,계란말이 추가,2,0
2026-03-11,12:53,42000,카드,묵은지 김치찜,2,0
2026-03-11,13:01,21000,간편결제,묵은지 김치찜,1,0
2026-03-11,13:07,15000,간편결제,제철 반상,1,0
2026-03-11,13:11,6000,카드,계란말이 추가,1,0
2026-03-11,13:14,26000,카드,보리굴비 정식,1,0
2026-03-11,13:19,6000,카드,계란말이 추가,1,0
2026-03-11,13:29,17000,간편결제,소복 정식,1,0
2026-03-11,13:35,12000,간편결제,계란말이 추가,2,0
2026-03-11,17:00,15000,카드,제철 반상,1,0
2026-03-11,17:56,26000,카드,보리굴비 정식,1,0
2026-03-11,17:57,6000,카드,계란말이 추가,1,0
2026-03-11,18:01,34000,카드,소복 정식,2,0
2026-03-11,18:05,6000,카드,계란말이 추가,1,0
2026-03-11,18:06,6000,간편결제,계란말이 추가,1,0
2026-03-11,18:14,42000,카드,묵은지 김치찜,2,0
2026-03-11,18:16,13000,간편결제,들기름 고등어 한상,1,0
2026-03-11,18:21,18000,간편결제,동치미 국수,2,0
2026-03-11,19:12,52000,카드,보리굴비 정식,2,0
2026-03-11,19:14,21000,카드,묵은지 김치찜,1,0
2026-03-11,19:24,6000,카드,계란말이 추가,1,0
2026-03-11,19:27,26000,카드,보리굴비 정식,1,0
2026-03-11,20:01,26000,카드,보리굴비 정식,1,0
2026-03-11,20:04,30000,카드,제철 반상,2,0
2026-03-11,20:26,13000,카드,들기름 고등어 한상,1,0
2026-03-11,20:47,27000,현금,동치미 국수,3,0
2026-03-12,11:35,9000,간편결제,동치미 국수,1,0
2026-03-12,11:35,13000,카드,들기름 고등어 한상,1,0
2026-03-12,12:01,21000,카드,묵은지 김치찜,1,0
2026-03-12,12:31,34000,카드,소복 정식,2,0
2026-03-12,12:35,6000,카드,계란말이 추가,1,0
2026-03-12,12:46,6000,카드,계란말이 추가,1,0
2026-03-12,13:14,17000,카드,소복 정식,1,0
2026-03-12,13:27,26000,현금,보리굴비 정식,1,0
2026-03-12,13:49,21000,카드,묵은지 김치찜,1,0
2026-03-12,13:49,39000,카드,들기름 고등어 한상,3,0
2026-03-12,17:12,17000,카드,소복 정식,1,0
2026-03-12,17:23,9000,카드,동치미 국수,1,0
2026-03-12,17:25,13000,카드,들기름 고등어 한상,1,0
2026-03-12,17:28,17000,현금,소복 정식,1,0
2026-03-12,17:38,78000,간편결제,보리굴비 정식,3,0
2026-03-12,17:45,21000,카드,묵은지 김치찜,1,0
2026-03-12,17:55,6000,카드,계란말이 추가,1,0
2026-03-12,18:16,21000,카드,묵은지 김치찜,1,0
2026-03-12,18:19,26000,카드,보리굴비 정식,1,0
2026-03-12,18:32,6000,카드,계란말이 추가,1,0
2026-03-12,18:34,17000,카드,소복 정식,1,0
2026-03-12,18:38,12000,카드,계란말이 추가,2,0
2026-03-12,18:57,15000,카드,제철 반상,1,0
2026-03-12,18:59,6000,카드,계란말이 추가,1,0
2026-03-12,19:19,18000,현금,계란말이 추가,3,0
2026-03-12,19:23,6000,카드,계란말이 추가,1,0
2026-03-12,19:24,26000,카드,보리굴비 정식,1,0
2026-03-12,20:55,17000,카드,소복 정식,1,0
2026-03-13,11:03,9000,카드,동치미 국수,1,0
2026-03-13,11:09,42000,간편결제,묵은지 김치찜,2,0
2026-03-13,11:29,21000,간편결제,묵은지 김치찜,1,0
2026-03-13,11:38,15000,간편결제,제철 반상,1,0
2026-03-13,11:38,12000,현금,계란말이 추가,2,0
2026-03-13,11:46,26000,간편결제,들기름 고등어 한상,2,0
2026-03-13,11:56,78000,현금,보리굴비 정식,3,0
2026-03-13,12:03,15000,카드,제철 반상,1,0
2026-03-13,12:07,9000,카드,동치미 국수,1,0
2026-03-13,12:15,42000,간편결제,묵은지 김치찜,2,0
2026-03-13,12:15,6000,현금,계란말이 추가,1,0
2026-03-13,12:51,26000,카드,보리굴비 정식,1,0
2026-03-13,12:56,9000,카드,동치미 국수,1,0
2026-03-13,13:00,18000,간편결제,동치미 국수,2,0
2026-03-13,13:12,18000,카드,동치미 국수,2,0
2026-03-13,13:19,6000,카드,계란말이 추가,1,0
2026-03-13,13:24,18000,카드,동치미 국수,2,0
2026-03-13,13:24,15000,간편결제,제철 반상,1,0
2026-03-13,13:43,51000,카드,소복 정식,3,0
2026-03-13,13:58,6000,카드,계란말이 추가,1,0
2026-03-13,17:04,21000,카드,묵은지 김치찜,1,0
2026-03-13,17:14,17000,카드,소복 정식,1,0
2026-03-13,17:30,6000,카드,계란말이 추가,1,0
2026-03-13,18:04,6000,카드,계란말이 추가,1,0
2026-03-13,18:15,6000,카드,계란말이 추가,1,0
2026-03-13,18:51,6000,카드,계란말이 추가,1,0
2026-03-13,18:54,26000,카드,보리굴비 정식,1,0
2026-03-13,19:00,17000,카드,소복 정식,1,0
2026-03-13,19:01,21000,카드,묵은지 김치찜,1,0
2026-03-13,19:15,26000,카드,보리굴비 정식,1,0
2026-03-13,19:16,26000,카드,보리굴비 정식,1,0
2026-03-13,19:37,13000,간편결제,들기름 고등어 한상,1,0
2026-03-13,19:48,26000,현금,보리굴비 정식,1,0
2026-03-13,20:07,15000,카드,제철 반상,1,0
2026-03-13,20:13,42000,카드,묵은지 김치찜,2,0
2026-03-13,20:42,9000,간편결제,동치미 국수,1,0
2026-03-14,11:20,26000,카드,보리굴비 정식,1,0
2026-03-14,11:36,13000,카드,들기름 고등어 한상,1,0
2026-03-14,12:04,21000,카드,묵은지 김치찜,1,0
2026-03-14,12:05,26000,카드,들기름 고등어 한상,2,0
2026-03-14,12:11,26000,카드,보리굴비 정식,1,0
2026-03-14,12:23,13000,카드,들기름 고등어 한상,1,0
2026-03-14,12:23,13000,카드,들기름 고등어 한상,1,0
2026-03-14,13:03,13000,카드,들기름 고등어 한상,1,0
2026-03-14,13:03,9000,카드,동치미 국수,1,0
2026-03-14,13:39,13000,카드,들기름 고등어 한상,1,0
2026-03-14,13:39,21000,카드,묵은지 김치찜,1,0
2026-03-14,13:44,6000,카드,계란말이 추가,1,0
2026-03-14,13:47,52000,현금,보리굴비 정식,2,0
2026-03-14,13:50,42000,카드,묵은지 김치찜,2,0
2026-03-14,13:53,26000,카드,들기름 고등어 한상,2,0
2026-03-14,17:05,18000,간편결제,계란말이 추가,3,0
2026-03-14,17:16,9000,간편결제,동치미 국수,1,0
2026-03-14,17:22,26000,카드,보리굴비 정식,1,0
2026-03-14,17:37,6000,카드,계란말이 추가,1,0
2026-03-14,17:50,52000,카드,보리굴비 정식,2,0
2026-03-14,18:02,6000,카드,계란말이 추가,1,0
2026-03-14,18:09,15000,카드,제철 반상,1,0
2026-03-14,18:13,26000,카드,보리굴비 정식,1,0
2026-03-14,18:13,9000,카드,동치미 국수,1,0
2026-03-14,18:16,17000,카드,소복 정식,1,0
2026-03-14,18:39,9000,카드,동치미 국수,1,0
2026-03-14,18:40,34000,카드,소복 정식,2,0
2026-03-14,18:46,9000,카드,동치미 국수,1,0
2026-03-14,19:21,9000,현금,동치미 국수,1,0
2026-03-14,20:01,6000,카드,계란말이 추가,1,0
2026-03-14,20:09,39000,카드,들기름 고등어 한상,3,0
2026-03-14,20:17,21000,카드,묵은지 김치찜,1,0
2026-03-14,20:23,26000,카드,보리굴비 정식,1,0
2026-03-14,20:58,30000,카드,제철 반상,2,0
2026-03-15,11:18,42000,현금,묵은지 김치찜,2,0
2026-03-15,12:00,6000,카드,계란말이 추가,1,0
2026-03-15,12:38,17000,카드,소복 정식,1,0
2026-03-15,13:10,9000,카드,동치미 국수,1,0
2026-03-15,13:29,42000,현금,묵은지 김치찜,2,0
2026-03-15,13:30,30000,카드,제철 반상,2,0
2026-03-15,13:30,13000,카드,들기름 고등어 한상,1,0
2026-03-15,13:44,15000,카드,제철 반상,1,0
2026-03-15,13:53,26000,카드,보리굴비 정식,1,0
2026-03-15,17:25,34000,카드,소복 정식,2,0
2026-03-15,17:30,15000,카드,제철 반상,1,0
2026-03-15,17:33,42000,현금,묵은지 김치찜,2,0
2026-03-15,17:36,9000,간편결제,동치미 국수,1,0
2026-03-15,17:42,26000,카드,보리굴비 정식,1,0
2026-03-15,17:57,6000,카드,계란말이 추가,1,0
2026-03-15,18:20,9000,카드,동치미 국수,1,0
2026-03-15,18:43,26000,카드,들기름 고등어 한상,2,0
2026-03-15,18:50,15000,카드,제철 반상,1,0
2026-03-15,18:51,18000,간편결제,동치미 국수,2,0
2026-03-15,18:53,15000,현금,제철 반상,1,15000
2026-03-15,18:56,15000,카드,제철 반상,1,0
2026-03-15,19:10,15000,카드,제철 반상,1,0
2026-03-15,19:30,17000,카드,소복 정식,1,0
2026-03-15,20:01,26000,간편결제,보리굴비 정식,1,0
2026-03-15,20:09,6000,간편결제,계란말이 추가,1,0
2026-03-15,20:16,26000,간편결제,보리굴비 정식,1,0
2026-03-15,20:19,18000,간편결제,동치미 국수,2,0
2026-03-15,20:35,17000,카드,소복 정식,1,0
2026-03-15,20:48,9000,현금,동치미 국수,1,0
2026-03-15,20:48,15000,간편결제,제철 반상,1,0
2026-03-16,11:02,26000,카드,보리굴비 정식,1,0
2026-03-16,11:05,17000,카드,소복 정식,1,0
2026-03-16,11:12,15000,카드,제철 반상,1,0
2026-03-16,11:18,17000,카드,소복 정식,1,0
2026-03-16,11:31,26000,카드,보리굴비 정식,1,0
2026-03-16,11:33,15000,간편결제,제철 반상,1,0
2026-03-16,11:34,52000,카드,보리굴비 정식,2,0
2026-03-16,12:05,17000,카드,소복 정식,1,0
2026-03-16,12:24,9000,카드,동치미 국수,1,0
2026-03-16,12:24,13000,카드,들기름 고등어 한상,1,0
2026-03-16,12:37,12000,카드,계란말이 추가,2,0
2026-03-16,12:56,42000,카드,묵은지 김치찜,2,0
2026-03-16,13:33,12000,간편결제,계란말이 추가,2,0
2026-03-16,13:56,45000,간편결제,제철 반상,3,0
2026-03-16,17:07,13000,현금,들기름 고등어 한상,1,0
2026-03-16,17:09,15000,카드,제철 반상,1,0
2026-03-16,17:18,21000,카드,묵은지 김치찜,1,0
2026-03-16,17:25,26000,카드,보리굴비 정식,1,0
2026-03-16,17:28,17000,카드,소복 정식,1,0
2026-03-16,17:29,21000,카드,묵은지 김치찜,1,0
2026-03-16,17:58,21000,카드,묵은지 김치찜,1,0
2026-03-16,18:02,12000,카드,계란말이 추가,2,0
2026-03-16,18:03,9000,카드,동치미 국수,1,0
2026-03-16,18:27,21000,카드,묵은지 김치찜,1,0
2026-03-16,19:16,21000,간편결제,묵은지 김치찜,1,0
2026-03-16,19:44,42000,카드,묵은지 김치찜,2,0
2026-03-16,19:47,34000,카드,소복 정식,2,0
2026-03-16,20:14,6000,간편결제,계란말이 추가,1,0
2026-03-17,11:37,9000,카드,동치미 국수,1,0
2026-03-17,11:43,13000,현금,들기름 고등어 한상,1,0
2026-03-17,11:57,15000,현금,제철 반상,1,0
2026-03-17,12:28,17000,카드,소복 정식,1,0
2026-03-17,12:49,26000,카드,들기름 고등어 한상,2,0
2026-03-17,12:54,21000,카드,묵은지 김치찜,1,0
2026-03-17,13:23,52000,카드,보리굴비 정식,2,0
2026-03-17,13:29,52000,카드,보리굴비 정식,2,0
2026-03-17,13:37,21000,카드,묵은지 김치찜,1,0
2026-03-17,13:38,13000,간편결제,들기름 고등어 한상,1,0
2026-03-17,17:23,42000,간편결제,묵은지 김치찜,2,0
2026-03-17,17:27,21000,현금,묵은지 김치찜,1,0
2026-03-17,17:32,12000,카드,계란말이 추가,2,0
2026-03-17,17:57,6000,카드,계란말이 추가,1,0
2026-03-17,18:17,12000,카드,계란말이 추가,2,0
2026-03-17,18:57,21000,카드,묵은지 김치찜,1,0
2026-03-17,19:13,21000,카드,묵은지 김치찜,1,0
2026-03-17,19:56,13000,카드,들기름 고등어 한상,1,0
2026-03-17,19:56,17000,카드,소복 정식,1,0
2026-03-17,19:59,15000,카드,제철 반상,1,0
2026-03-17,20:08,6000,카드,계란말이 추가,1,0
2026-03-17,20:27,9000,카드,동치미 국수,1,0
2026-03-17,20:35,6000,카드,계란말이 추가,1,0
2026-03-17,20:42,15000,카드,제철 반상,1,0
2026-03-17,20:48,18000,카드,동치미 국수,2,0
2026-03-18,11:05,17000,간편결제,소복 정식,1,0
2026-03-18,11:24,21000,간편결제,묵은지 김치찜,1,0
2026-03-18,11:29,26000,카드,보리굴비 정식,1,0
2026-03-18,12:01,12000,카드,계란말이 추가,2,0
2026-03-18,12:02,17000,카드,소복 정식,1,0
2026-03-18,12:20,26000,간편결제,들기름 고등어 한상,2,0
2026-03-18,12:32,17000,카드,소복 정식,1,0
2026-03-18,12:46,6000,카드,계란말이 추가,1,0
2026-03-18,12:46,21000,간편결제,묵은지 김치찜,1,0
2026-03-18,12:47,26000,카드,보리굴비 정식,1,0
2026-03-18,13:26,6000,카드,계란말이 추가,1,0
2026-03-18,13:27,15000,카드,제철 반상,1,0
2026-03-18,13:32,12000,카드,계란말이 추가,2,0
2026-03-18,13:49,30000,간편결제,제철 반상,2,0
2026-03-18,13:55,42000,카드,묵은지 김치찜,2,0
2026-03-18,13:56,6000,카드,계란말이 추가,1,0
2026-03-18,17:13,21000,카드,묵은지 김치찜,1,0
2026-03-18,17:26,15000,카드,제철 반상,1,0
2026-03-18,17:30,26000,카드,보리굴비 정식,1,0
2026-03-18,18:03,26000,카드,보리굴비 정식,1,0
2026-03-18,18:13,26000,카드,보리굴비 정식,1,0
2026-03-18,18:21,9000,카드,동치미 국수,1,0
2026-03-18,18:39,13000,카드,들기름 고등어 한상,1,0
2026-03-18,18:41,6000,카드,계란말이 추가,1,0
2026-03-18,19:08,17000,카드,소복 정식,1,0
2026-03-18,19:09,17000,간편결제,소복 정식,1,0
2026-03-18,19:27,12000,카드,계란말이 추가,2,0
2026-03-18,19:32,26000,카드,보리굴비 정식,1,0
2026-03-18,19:36,13000,카드,들기름 고등어 한상,1,0
2026-03-18,19:58,21000,카드,묵은지 김치찜,1,0
2026-03-18,20:16,26000,카드,들기름 고등어 한상,2,0
2026-03-18,20:18,30000,카드,제철 반상,2,0
2026-03-18,20:55,9000,카드,동치미 국수,1,0
2026-03-19,11:11,13000,간편결제,들기름 고등어 한상,1,0
2026-03-19,11:24,17000,카드,소복 정식,1,0
2026-03-19,11:38,15000,간편결제,제철 반상,1,0
2026-03-19,11:54,9000,카드,동치미 국수,1,0
2026-03-19,12:04,12000,카드,계란말이 추가,2,0
2026-03-19,12:05,34000,카드,소복 정식,2,0
2026-03-19,12:17,26000,카드,보리굴비 정식,1,0
2026-03-19,12:32,26000,카드,보리굴비 정식,1,0
2026-03-19,12:55,6000,카드,계란말이 추가,1,0
2026-03-19,13:07,26000,카드,들기름 고등어 한상,2,0
2026-03-19,13:11,9000,카드,동치미 국수,1,0
2026-03-19,13:12,13000,카드,들기름 고등어 한상,1,0
2026-03-19,13:14,15000,카드,제철 반상,1,0
2026-03-19,13:22,17000,현금,소복 정식,1,0
2026-03-19,13:43,17000,현금,소복 정식,1,0
2026-03-19,13:52,13000,카드,들기름 고등어 한상,1,0
2026-03-19,17:11,13000,카드,들기름 고등어 한상,1,0
2026-03-19,17:21,13000,카드,들기름 고등어 한상,1,0
2026-03-19,17:34,42000,카드,묵은지 김치찜,2,0
2026-03-19,18:13,12000,카드,계란말이 추가,2,0
2026-03-19,18:23,17000,간편결제,소복 정식,1,0
2026-03-19,18:39,26000,카드,보리굴비 정식,1,0
2026-03-19,18:49,21000,간편결제,묵은지 김치찜,1,0
2026-03-19,18:57,9000,카드,동치미 국수,1,0
2026-03-19,18:59,17000,카드,소복 정식,1,0
2026-03-19,19:14,9000,카드,동치미 국수,1,0
2026-03-19,19:19,30000,카드,제철 반상,2,0
2026-03-19,19:27,42000,카드,묵은지 김치찜,2,0
2026-03-19,19:29,15000,카드,제철 반상,1,0
2026-03-19,19:42,30000,카드,제철 반상,2,0
2026-03-19,19:44,17000,간편결제,소복 정식,1,0
2026-03-19,20:04,21000,카드,묵은지 김치찜,1,0
2026-03-19,20:17,13000,카드,들기름 고등어 한상,1,0
2026-03-19,20:20,17000,카드,소복 정식,1,0
2026-03-19,20:37,13000,현금,들기름 고등어 한상,1,13000
2026-03-19,20:40,42000,카드,묵은지 김치찜,2,0
2026-03-19,20:51,26000,카드,보리굴비 정식,1,0
2026-03-19,20:55,9000,현금,동치미 국수,1,0
2026-03-20,11:01,17000,간편결제,소복 정식,1,0
2026-03-20,11:16,17000,현금,소복 정식,1,0
2026-03-20,11:24,9000,현금,동치미 국수,1,0
2026-03-20,11:28,15000,카드,제철 반상,1,0
2026-03-20,11:31,9000,카드,동치미 국수,1,0
2026-03-20,11:41,6000,간편결제,계란말이 추가,1,0
2026-03-20,12:08,17000,카드,소복 정식,1,0
2026-03-20,12:14,6000,간편결제,계란말이 추가,1,0
2026-03-20,12:21,45000,카드,제철 반상,3,0
2026-03-20,12:22,6000,카드,계란말이 추가,1,0
2026-03-20,12:22,13000,카드,들기름 고등어 한상,1,0
2026-03-20,12:45,17000,현금,소복 정식,1,0
2026-03-20,13:00,12000,간편결제,계란말이 추가,2,0
2026-03-20,13:13,13000,카드,들기름 고등어 한상,1,0
2026-03-20,13:22,21000,간편결제,묵은지 김치찜,1,0
2026-03-20,13:32,17000,간편결제,소복 정식,1,0
2026-03-20,13:41,13000,카드,들기름 고등어 한상,1,0
2026-03-20,13:41,45000,카드,제철 반상,3,0
2026-03-20,13:48,13000,카드,들기름 고등어 한상,1,0
2026-03-20,17:02,21000,카드,묵은지 김치찜,1,0
2026-03-20,17:03,15000,현금,제철 반상,1,0
2026-03-20,17:07,26000,카드,보리굴비 정식,1,0
2026-03-20,17:11,30000,카드,제철 반상,2,0
2026-03-20,17:12,9000,간편결제,동치미 국수,1,0
2026-03-20,17:20,17000,카드,소복 정식,1,0
2026-03-20,17:31,26000,간편결제,보리굴비 정식,1,0
2026-03-20,17:31,6000,카드,계란말이 추가,1,0
2026-03-20,18:09,13000,카드,들기름 고등어 한상,1,0
2026-03-20,18:16,17000,간편결제,소복 정식,1,0
2026-03-20,18:17,15000,카드,제철 반상,1,0
2026-03-20,18:26,26000,현금,보리굴비 정식,1,0
2026-03-20,18:30,17000,카드,소복 정식,1,0
2026-03-20,18:36,26000,현금,들기름 고등어 한상,2,0
2026-03-20,18:36,6000,간편결제,계란말이 추가,1,0
2026-03-20,18:51,17000,카드,소복 정식,1,0
2026-03-20,19:08,26000,카드,보리굴비 정식,1,0
2026-03-20,19:11,26000,카드,보리굴비 정식,1,0
2026-03-20,19:14,17000,카드,소복 정식,1,0
2026-03-20,19:26,26000,카드,보리굴비 정식,1,0
2026-03-20,19:36,6000,현금,계란말이 추가,1,0
2026-03-20,19:44,6000,현금,계란말이 추가,1,0
2026-03-20,20:20,15000,카드,제철 반상,1,0
2026-03-20,20:31,12000,간편결제,계란말이 추가,2,0
2026-03-20,20:32,34000,카드,소복 정식,2,0
2026-03-21,11:02,9000,카드,동치미 국수,1,0
2026-03-21,11:27,12000,간편결제,계란말이 추가,2,0
2026-03-21,11:28,27000,카드,동치미 국수,3,0
2026-03-21,11:49,26000,카드,보리굴비 정식,1,0
2026-03-21,12:31,21000,간편결제,묵은지 김치찜,1,0
2026-03-21,13:35,13000,카드,들기름 고등어 한상,1,0
2026-03-21,13:41,6000,카드,계란말이 추가,1,0
2026-03-21,13:43,26000,현금,보리굴비 정식,1,0
2026-03-21,17:00,52000,카드,보리굴비 정식,2,0
2026-03-21,17:11,15000,간편결제,제철 반상,1,0
2026-03-21,17:50,42000,현금,묵은지 김치찜,2,0
2026-03-21,17:51,6000,카드,계란말이 추가,1,0
2026-03-21,17:52,9000,카드,동치미 국수,1,9000
2026-03-21,18:00,13000,카드,들기름 고등어 한상,1,0
2026-03-21,18:15,18000,현금,동치미 국수,2,0
2026-03-21,18:29,21000,카드,묵은지 김치찜,1,0
2026-03-21,18:31,26000,카드,들기름 고등어 한상,2,0
2026-03-21,18:34,9000,카드,동치미 국수,1,0
2026-03-21,18:57,26000,카드,보리굴비 정식,1,0
2026-03-21,18:57,13000,간편결제,들기름 고등어 한상,1,0
2026-03-21,19:17,52000,간편결제,보리굴비 정식,2,0
2026-03-21,19:24,6000,간편결제,계란말이 추가,1,0
2026-03-21,19:30,42000,카드,묵은지 김치찜,2,0
2026-03-21,19:38,18000,현금,동치미 국수,2,0
2026-03-21,19:39,15000,카드,제철 반상,1,0
2026-03-21,19:42,17000,카드,소복 정식,1,0
2026-03-21,20:03,17000,카드,소복 정식,1,0
2026-03-21,20:14,13000,카드,들기름 고등어 한상,1,0
2026-03-21,20:16,18000,카드,동치미 국수,2,0
2026-03-21,20:18,21000,카드,묵은지 김치찜,1,0
2026-03-21,20:18,12000,카드,계란말이 추가,2,0
2026-03-21,20:24,13000,현금,들기름 고등어 한상,1,0
2026-03-21,20:53,6000,카드,계란말이 추가,1,0
2026-03-22,11:07,17000,카드,소복 정식,1,0
2026-03-22,11:12,6000,카드,계란말이 추가,1,0
2026-03-22,11:12,9000,카드,동치미 국수,1,0
2026-03-22,11:23,21000,카드,묵은지 김치찜,1,0
2026-03-22,11:32,17000,카드,소복 정식,1,0
2026-03-22,11:39,52000,카드,보리굴비 정식,2,0
2026-03-22,11:56,13000,카드,들기름 고등어 한상,1,0
2026-03-22,12:06,9000,간편결제,동치미 국수,1,0
2026-03-22,12:17,30000,간편결제,제철 반상,2,0
2026-03-22,12:18,21000,카드,묵은지 김치찜,1,0
2026-03-22,13:02,26000,카드,보리굴비 정식,1,0
2026-03-22,13:03,13000,카드,들기름 고등어 한상,1,0
2026-03-22,13:13,17000,카드,소복 정식,1,0
2026-03-22,13:36,9000,카드,동치미 국수,1,0
2026-03-22,13:46,9000,카드,동치미 국수,1,0
2026-03-22,17:50,6000,간편결제,계란말이 추가,1,0
2026-03-22,19:02,15000,카드,제철 반상,1,0
2026-03-22,19:33,18000,카드,동치미 국수,2,0
2026-03-22,19:55,21000,카드,묵은지 김치찜,1,0
2026-03-22,19:59,6000,카드,계란말이 추가,1,0
2026-03-22,20:14,15000,간편결제,제철 반상,1,0
2026-03-22,20:34,15000,카드,제철 반상,1,0
2026-03-22,20:48,6000,간편결제,계란말이 추가,1,0
2026-03-22,20:49,9000,카드,동치미 국수,1,0
2026-03-24,11:14,12000,카드,계란말이 추가,2,0
2026-03-24,11:24,15000,카드,제철 반상,1,0
2026-03-24,11:46,21000,카드,묵은지 김치찜,1,0
2026-03-24,11:57,30000,카드,제철 반상,2,0
2026-03-24,12:03,13000,간편결제,들기름 고등어 한상,1,0
2026-03-24,12:25,9000,카드,동치미 국수,1,0
2026-03-24,12:27,9000,카드,동치미 국수,1,0
2026-03-24,12:29,15000,간편결제,제철 반상,1,0
2026-03-24,12:39,13000,카드,들기름 고등어 한상,1,0
2026-03-24,13:03,51000,카드,소복 정식,3,0
2026-03-24,13:06,21000,카드,묵은지 김치찜,1,0
2026-03-24,13:24,13000,카드,들기름 고등어 한상,1,0
2026-03-24,13:35,6000,카드,계란말이 추가,1,0
2026-03-24,13:46,21000,카드,묵은지 김치찜,1,0
2026-03-24,13:47,26000,현금,보리굴비 정식,1,0
2026-03-24,13:57,9000,카드,동치미 국수,1,0
2026-03-24,17:18,78000,카드,보리굴비 정식,3,0
2026-03-24,17:36,26000,카드,보리굴비 정식,1,0
2026-03-24,17:37,6000,카드,계란말이 추가,1,0
2026-03-24,17:49,52000,카드,보리굴비 정식,2,0
2026-03-24,17:51,9000,카드,동치미 국수,1,0
2026-03-24,17:57,13000,카드,들기름 고등어 한상,1,0
2026-03-24,17:59,26000,카드,보리굴비 정식,1,0
2026-03-24,18:05,21000,카드,묵은지 김치찜,1,0
2026-03-24,18:08,6000,카드,계란말이 추가,1,0
2026-03-24,18:19,18000,카드,동치미 국수,2,0
2026-03-24,19:27,39000,카드,들기름 고등어 한상,3,0
2026-03-24,20:02,51000,카드,소복 정식,3,0
2026-03-24,20:28,15000,간편결제,제철 반상,1,0
2026-03-24,20:43,15000,간편결제,제철 반상,1,0
2026-03-24,20:49,15000,카드,제철 반상,1,0
2026-03-25,11:12,17000,카드,소복 정식,1,0
2026-03-25,11:13,21000,카드,묵은지 김치찜,1,0
2026-03-25,11:33,17000,카드,소복 정식,1,0
2026-03-25,11:47,17000,카드,소복 정식,1,0
2026-03-25,11:47,26000,카드,들기름 고등어 한상,2,0
2026-03-25,12:55,13000,간편결제,들기름 고등어 한상,1,0
2026-03-25,12:55,6000,카드,계란말이 추가,1,0
2026-03-25,13:05,9000,카드,동치미 국수,1,0
2026-03-25,13:12,15000,카드,제철 반상,1,0
2026-03-25,13:26,15000,현금,제철 반상,1,0
2026-03-25,13:27,51000,카드,소복 정식,3,0
2026-03-25,13:28,52000,카드,보리굴비 정식,2,0
2026-03-25,13:39,9000,카드,동치미 국수,1,0
2026-03-25,13:41,15000,간편결제,제철 반상,1,0
2026-03-25,13:42,15000,현금,제철 반상,1,0
2026-03-25,13:54,17000,카드,소복 정식,1,0
2026-03-25,13:55,30000,카드,제철 반상,2,0
2026-03-25,17:07,6000,카드,계란말이 추가,1,0
2026-03-25,17:19,13000,카드,들기름 고등어 한상,1,0
2026-03-25,18:09,6000,카드,계란말이 추가,1,0
2026-03-25,18:13,9000,간편결제,동치미 국수,1,0
2026-03-25,18:42,21000,카드,묵은지 김치찜,1,0
2026-03-25,19:14,17000,현금,소복 정식,1,0
2026-03-25,19:36,13000,간편결제,들기름 고등어 한상,1,0
2026-03-25,19:43,34000,현금,소복 정식,2,0
2026-03-25,20:53,21000,카드,묵은지 김치찜,1,0
2026-03-26,11:14,13000,현금,들기름 고등어 한상,1,0
2026-03-26,11:17,18000,카드,동치미 국수,2,0
2026-03-26,11:23,26000,카드,보리굴비 정식,1,0
2026-03-26,11:37,17000,카드,소복 정식,1,0
2026-03-26,11:41,15000,카드,제철 반상,1,0
2026-03-26,12:16,13000,간편결제,들기름 고등어 한상,1,0
2026-03-26,12:32,34000,카드,소복 정식,2,0
2026-03-26,12:41,17000,현금,소복 정식,1,0
2026-03-26,13:01,26000,카드,보리굴비 정식,1,26000
2026-03-26,13:04,26000,현금,보리굴비 정식,1,0
2026-03-26,13:08,42000,카드,묵은지 김치찜,2,0
2026-03-26,13:16,26000,간편결제,들기름 고등어 한상,2,26000
2026-03-26,13:22,26000,카드,보리굴비 정식,1,0
2026-03-26,13:37,13000,카드,들기름 고등어 한상,1,0
2026-03-26,13:44,12000,카드,계란말이 추가,2,0
2026-03-26,17:30,6000,카드,계란말이 추가,1,0
2026-03-26,17:33,26000,카드,보리굴비 정식,1,0
2026-03-26,17:39,17000,카드,소복 정식,1,0
2026-03-26,17:44,63000,카드,묵은지 김치찜,3,0
2026-03-26,18:01,15000,간편결제,제철 반상,1,0
2026-03-26,18:26,42000,카드,묵은지 김치찜,2,0
2026-03-26,18:38,6000,카드,계란말이 추가,1,0
2026-03-26,18:50,6000,카드,계란말이 추가,1,0
2026-03-26,19:07,34000,카드,소복 정식,2,0
2026-03-26,19:39,13000,카드,들기름 고등어 한상,1,0
2026-03-26,20:04,9000,카드,동치미 국수,1,0
2026-03-26,20:14,13000,카드,들기름 고등어 한상,1,0
2026-03-26,20:51,26000,카드,들기름 고등어 한상,2,0
2026-03-26,20:55,30000,카드,제철 반상,2,0
2026-03-26,20:58,26000,카드,보리굴비 정식,1,0
2026-03-27,11:46,26000,간편결제,보리굴비 정식,1,0
2026-03-27,11:56,30000,간편결제,제철 반상,2,0
2026-03-27,12:10,9000,카드,동치미 국수,1,0
2026-03-27,12:42,17000,카드,소복 정식,1,0
2026-03-27,12:46,6000,카드,계란말이 추가,1,0
2026-03-27,12:47,13000,카드,들기름 고등어 한상,1,0
2026-03-27,13:15,17000,카드,소복 정식,1,0
2026-03-27,13:18,15000,간편결제,제철 반상,1,0
2026-03-27,13:21,6000,간편결제,계란말이 추가,1,0
2026-03-27,13:22,26000,카드,보리굴비 정식,1,0
2026-03-27,13:28,26000,간편결제,보리굴비 정식,1,0
2026-03-27,13:31,17000,카드,소복 정식,1,0
2026-03-27,13:38,21000,간편결제,묵은지 김치찜,1,0
2026-03-27,13:41,17000,간편결제,소복 정식,1,0
2026-03-27,13:49,13000,카드,들기름 고등어 한상,1,0
2026-03-27,13:50,52000,카드,보리굴비 정식,2,0
2026-03-27,13:57,21000,카드,묵은지 김치찜,1,0
2026-03-27,17:27,21000,카드,묵은지 김치찜,1,0
2026-03-27,17:36,15000,카드,제철 반상,1,0
2026-03-27,17:38,18000,카드,동치미 국수,2,0
2026-03-27,17:51,13000,카드,들기름 고등어 한상,1,0
2026-03-27,17:54,21000,간편결제,묵은지 김치찜,1,21000
2026-03-27,17:58,18000,카드,계란말이 추가,3,0
2026-03-27,18:08,42000,카드,묵은지 김치찜,2,0
2026-03-27,19:04,6000,카드,계란말이 추가,1,0
2026-03-27,19:07,15000,현금,제철 반상,1,0
2026-03-27,19:10,17000,카드,소복 정식,1,0
2026-03-27,20:08,13000,카드,들기름 고등어 한상,1,0
2026-03-27,20:14,17000,카드,소복 정식,1,0
2026-03-27,20:23,21000,카드,묵은지 김치찜,1,0
2026-03-27,20:26,30000,카드,제철 반상,2,0
2026-03-27,20:40,6000,간편결제,계란말이 추가,1,0
2026-03-27,20:41,17000,카드,소복 정식,1,0
2026-03-27,20:57,12000,간편결제,계란말이 추가,2,0
2026-03-28,11:05,15000,카드,제철 반상,1,0
2026-03-28,11:08,21000,카드,묵은지 김치찜,1,0
2026-03-28,11:09,26000,카드,보리굴비 정식,1,0
2026-03-28,11:19,17000,카드,소복 정식,1,0
2026-03-28,11:20,30000,현금,제철 반상,2,0
2026-03-28,11:24,13000,카드,들기름 고등어 한상,1,0
2026-03-28,11:37,26000,카드,보리굴비 정식,1,0
2026-03-28,11:43,21000,간편결제,묵은지 김치찜,1,0
2026-03-28,11:44,26000,카드,들기름 고등어 한상,2,0
2026-03-28,12:21,21000,간편결제,묵은지 김치찜,1,0
2026-03-28,12:23,13000,카드,들기름 고등어 한상,1,0
2026-03-28,12:52,6000,카드,계란말이 추가,1,0
2026-03-28,12:54,17000,카드,소복 정식,1,0
2026-03-28,12:59,9000,카드,동치미 국수,1,0
2026-03-28,13:15,9000,카드,동치미 국수,1,0
2026-03-28,13:26,15000,카드,제철 반상,1,0
2026-03-28,13:43,13000,카드,들기름 고등어 한상,1,0
2026-03-28,13:45,17000,카드,소복 정식,1,0
2026-03-28,13:49,34000,카드,소복 정식,2,0
2026-03-28,13:53,13000,카드,들기름 고등어 한상,1,0
2026-03-28,17:11,26000,카드,보리굴비 정식,1,0
2026-03-28,17:50,26000,카드,보리굴비 정식,1,0
2026-03-28,17:53,17000,카드,소복 정식,1,0
2026-03-28,17:56,17000,카드,소복 정식,1,0
2026-03-28,18:15,18000,카드,동치미 국수,2,0
2026-03-28,18:27,9000,간편결제,동치미 국수,1,0
2026-03-28,19:03,42000,현금,묵은지 김치찜,2,0
2026-03-28,19:04,9000,카드,동치미 국수,1,0
2026-03-28,19:15,6000,간편결제,계란말이 추가,1,0
2026-03-28,19:22,17000,간편결제,소복 정식,1,0
2026-03-28,19:30,17000,간편결제,소복 정식,1,0
2026-03-28,19:33,42000,카드,묵은지 김치찜,2,0
2026-03-28,19:39,26000,간편결제,보리굴비 정식,1,0
2026-03-28,19:41,13000,카드,들기름 고등어 한상,1,0
2026-03-28,20:11,13000,간편결제,들기름 고등어 한상,1,0
2026-03-28,20:12,15000,카드,제철 반상,1,0
2026-03-28,20:21,30000,카드,제철 반상,2,0
2026-03-28,20:23,9000,간편결제,동치미 국수,1,0
2026-03-28,20:41,78000,카드,보리굴비 정식,3,0
2026-03-28,20:44,34000,간편결제,소복 정식,2,0
2026-03-28,20:52,17000,카드,소복 정식,1,0
2026-03-28,20:59,6000,카드,계란말이 추가,1,0
2026-03-29,11:26,15000,카드,제철 반상,1,0
2026-03-29,11:29,6000,카드,계란말이 추가,1,0
2026-03-29,11:54,63000,카드,묵은지 김치찜,3,0
2026-03-29,11:55,52000,카드,보리굴비 정식,2,0
2026-03-29,12:09,6000,현금,계란말이 추가,1,0
2026-03-29,12:10,15000,카드,제철 반상,1,0
2026-03-29,12:12,21000,카드,묵은지 김치찜,1,0
2026-03-29,12:17,26000,카드,보리굴비 정식,1,0
2026-03-29,12:20,17000,카드,소복 정식,1,0
2026-03-29,12:38,26000,카드,보리굴비 정식,1,0
2026-03-29,13:04,6000,카드,계란말이 추가,1,0
2026-03-29,13:04,26000,카드,보리굴비 정식,1,0
2026-03-29,13:21,15000,현금,제철 반상,1,0
2026-03-29,17:14,34000,카드,소복 정식,2,0
2026-03-29,17:37,6000,간편결제,계란말이 추가,1,0
2026-03-29,17:53,17000,카드,소복 정식,1,0
2026-03-29,18:47,6000,카드,계란말이 추가,1,0
2026-03-29,18:50,13000,간편결제,들기름 고등어 한상,1,0
2026-03-29,18:55,9000,카드,동치미 국수,1,0
2026-03-29,19:33,26000,카드,보리굴비 정식,1,0
2026-03-29,20:09,18000,카드,동치미 국수,2,0
2026-03-29,20:28,6000,카드,계란말이 추가,1,0
2026-03-29,20:51,6000,카드,계란말이 추가,1,0
2026-03-29,20:58,6000,간편결제,계란말이 추가,1,0
2026-03-30,11:20,26000,카드,보리굴비 정식,1,0
2026-03-30,11:21,15000,카드,제철 반상,1,0
2026-03-30,11:29,26000,카드,보리굴비 정식,1,0
2026-03-30,11:49,52000,카드,보리굴비 정식,2,0
2026-03-30,11:59,21000,카드,묵은지 김치찜,1,0
2026-03-30,12:00,13000,카드,들기름 고등어 한상,1,0
2026-03-30,12:25,6000,카드,계란말이 추가,1,0
2026-03-30,12:42,9000,카드,동치미 국수,1,0
2026-03-30,12:49,34000,카드,소복 정식,2,0
2026-03-30,12:50,15000,카드,제철 반상,1,0
2026-03-30,12:51,26000,현금,보리굴비 정식,1,0
2026-03-30,13:06,17000,카드,소복 정식,1,0
2026-03-30,17:01,6000,현금,계란말이 추가,1,0
2026-03-30,17:09,17000,카드,소복 정식,1,0
2026-03-30,17:15,6000,카드,계란말이 추가,1,0
2026-03-30,17:18,17000,카드,소복 정식,1,0
2026-03-30,18:07,21000,현금,묵은지 김치찜,1,0
2026-03-30,18:19,26000,카드,보리굴비 정식,1,0
2026-03-30,18:46,39000,간편결제,들기름 고등어 한상,3,0
2026-03-30,19:09,15000,카드,제철 반상,1,0
2026-03-30,20:02,9000,간편결제,동치미 국수,1,0
2026-03-30,20:21,13000,카드,들기름 고등어 한상,1,0
2026-03-30,20:23,17000,현금,소복 정식,1,0
2026-03-30,20:36,6000,간편결제,계란말이 추가,1,0
2026-03-30,20:44,21000,카드,묵은지 김치찜,1,0
2026-03-31,11:07,52000,간편결제,보리굴비 정식,2,0
2026-03-31,11:26,15000,카드,제철 반상,1,0
2026-03-31,11:28,9000,카드,동치미 국수,1,0
2026-03-31,11:31,21000,카드,묵은지 김치찜,1,0
2026-03-31,12:15,6000,카드,계란말이 추가,1,0
2026-03-31,12:29,26000,카드,보리굴비 정식,1,0
2026-03-31,13:15,26000,카드,들기름 고등어 한상,2,0
2026-03-31,13:16,26000,현금,보리굴비 정식,1,0
2026-03-31,17:02,15000,간편결제,제철 반상,1,0
2026-03-31,17:06,15000,카드,제철 반상,1,0
2026-03-31,17:25,39000,카드,들기름 고등어 한상,3,0
2026-03-31,17:27,42000,카드,묵은지 김치찜,2,0
2026-03-31,17:27,21000,현금,묵은지 김치찜,1,0
2026-03-31,17:54,9000,카드,동치미 국수,1,0
2026-03-31,17:57,9000,현금,동치미 국수,1,0
2026-03-31,18:03,42000,카드,묵은지 김치찜,2,0
2026-03-31,18:03,26000,카드,보리굴비 정식,1,0
2026-03-31,18:07,15000,카드,제철 반상,1,0
2026-03-31,18:22,30000,간편결제,제철 반상,2,0
2026-03-31,18:30,21000,카드,묵은지 김치찜,1,0
2026-03-31,18:43,18000,카드,동치미 국수,2,0
2026-03-31,18:51,42000,간편결제,묵은지 김치찜,2,0
2026-03-31,19:04,6000,카드,계란말이 추가,1,0
2026-03-31,19:07,17000,카드,소복 정식,1,0
2026-03-31,19:10,17000,카드,소복 정식,1,0
2026-03-31,19:16,39000,간편결제,들기름 고등어 한상,3,0
2026-03-31,19:24,21000,카드,묵은지 김치찜,1,0
2026-03-31,19:46,6000,카드,계란말이 추가,1,0
2026-03-31,20:01,9000,카드,동치미 국수,1,0
2026-03-31,20:12,9000,카드,동치미 국수,1,0
2026-03-31,20:34,15000,카드,제철 반상,1,0
2026-03-31,20:50,9000,카드,동치미 국수,1,0
2026-04-01,11:19,21000,카드,묵은지 김치찜,1,0
2026-04-01,11:34,15000,현금,제철 반상,1,0
2026-04-01,11:49,9000,간편결제,동치미 국수,1,0
2026-04-01,11:57,26000,간편결제,보리굴비 정식,1,0
2026-04-01,12:03,13000,카드,들기름 고등어 한상,1,0
2026-04-01,12:19,45000,카드,제철 반상,3,0
2026-04-01,12:25,26000,간편결제,보리굴비 정식,1,0
2026-04-01,12:38,6000,카드,계란말이 추가,1,0
2026-04-01,12:45,9000,카드,동치미 국수,1,0
2026-04-01,12:45,15000,현금,제철 반상,1,0
2026-04-01,12:54,15000,카드,제철 반상,1,0
2026-04-01,13:03,17000,간편결제,소복 정식,1,0
2026-04-01,13:22,13000,카드,들기름 고등어 한상,1,0
2026-04-01,13:26,21000,카드,묵은지 김치찜,1,0
2026-04-01,13:30,9000,카드,동치미 국수,1,0
2026-04-01,13:38,42000,카드,묵은지 김치찜,2,0
2026-04-01,13:39,6000,카드,계란말이 추가,1,0
2026-04-01,17:45,26000,카드,보리굴비 정식,1,0
2026-04-01,18:09,17000,카드,소복 정식,1,0
2026-04-01,18:21,6000,카드,계란말이 추가,1,0
2026-04-01,18:37,42000,카드,묵은지 김치찜,2,0
2026-04-01,18:43,18000,카드,동치미 국수,2,0
2026-04-01,18:48,21000,간편결제,묵은지 김치찜,1,0
2026-04-01,19:32,6000,카드,계란말이 추가,1,0
2026-04-01,19:33,26000,간편결제,보리굴비 정식,1,0
2026-04-01,19:34,26000,카드,보리굴비 정식,1,0
2026-04-01,19:51,26000,카드,보리굴비 정식,1,0
2026-04-01,19:53,12000,카드,계란말이 추가,2,0
2026-04-01,20:05,9000,카드,동치미 국수,1,0
2026-04-01,20:48,26000,카드,보리굴비 정식,1,0
2026-04-01,20:48,17000,카드,소복 정식,1,0
2026-04-02,11:53,12000,카드,계란말이 추가,2,0
2026-04-02,12:03,13000,카드,들기름 고등어 한상,1,0
2026-04-02,12:27,17000,카드,소복 정식,1,0
2026-04-02,12:34,30000,카드,제철 반상,2,0
2026-04-02,13:12,42000,카드,묵은지 김치찜,2,0
2026-04-02,13:16,6000,현금,계란말이 추가,1,0
2026-04-02,13:26,15000,카드,제철 반상,1,0
2026-04-02,13:29,6000,카드,계란말이 추가,1,0
2026-04-02,13:44,21000,카드,묵은지 김치찜,1,0
2026-04-02,13:50,9000,카드,동치미 국수,1,0
2026-04-02,17:34,63000,카드,묵은지 김치찜,3,0
2026-04-02,17:44,26000,카드,들기름 고등어 한상,2,0
2026-04-02,17:45,26000,카드,들기름 고등어 한상,2,0
2026-04-02,18:26,17000,간편결제,소복 정식,1,0
2026-04-02,18:46,26000,카드,보리굴비 정식,1,0
2026-04-02,19:03,9000,카드,동치미 국수,1,0
2026-04-02,19:14,15000,카드,제철 반상,1,0
2026-04-02,19:24,12000,현금,계란말이 추가,2,0
2026-04-02,19:30,21000,카드,묵은지 김치찜,1,0
2026-04-02,19:35,17000,간편결제,소복 정식,1,0
2026-04-02,19:42,17000,간편결제,소복 정식,1,0
2026-04-02,19:47,42000,카드,묵은지 김치찜,2,0
2026-04-02,19:59,15000,카드,제철 반상,1,0
2026-04-02,20:19,26000,카드,들기름 고등어 한상,2,0
2026-04-02,20:19,9000,카드,동치미 국수,1,0
2026-04-02,20:39,17000,카드,소복 정식,1,0
2026-04-02,20:43,17000,카드,소복 정식,1,0
2026-04-02,20:46,30000,카드,제철 반상,2,0
2026-04-02,20:59,9000,카드,동치미 국수,1,0
2026-04-03,11:04,13000,카드,들기름 고등어 한상,1,0
2026-04-03,11:11,18000,카드,계란말이 추가,3,0
2026-04-03,11:13,17000,간편결제,소복 정식,1,0
2026-04-03,11:13,42000,카드,묵은지 김치찜,2,0
2026-04-03,11:19,9000,카드,동치미 국수,1,9000
2026-04-03,11:28,34000,카드,소복 정식,2,0
2026-04-03,11:45,13000,카드,들기름 고등어 한상,1,0
2026-04-03,11:45,13000,간편결제,들기름 고등어 한상,1,0
2026-04-03,12:17,6000,간편결제,계란말이 추가,1,0
2026-04-03,12:18,21000,카드,묵은지 김치찜,1,0
2026-04-03,12:38,13000,현금,들기름 고등어 한상,1,0
2026-04-03,12:40,6000,카드,계란말이 추가,1,0
2026-04-03,12:45,6000,카드,계란말이 추가,1,0
2026-04-03,12:52,6000,현금,계란말이 추가,1,0
2026-04-03,12:54,42000,현금,묵은지 김치찜,2,0
2026-04-03,12:58,78000,카드,보리굴비 정식,3,0
2026-04-03,13:00,17000,간편결제,소복 정식,1,0
2026-04-03,13:02,17000,카드,소복 정식,1,0
2026-04-03,13:38,21000,카드,묵은지 김치찜,1,0
2026-04-03,13:46,9000,카드,동치미 국수,1,0
2026-04-03,13:55,52000,카드,보리굴비 정식,2,0
2026-04-03,17:05,15000,카드,제철 반상,1,0
2026-04-03,17:16,6000,카드,계란말이 추가,1,0
2026-04-03,17:28,15000,간편결제,제철 반상,1,0
2026-04-03,17:52,9000,카드,동치미 국수,1,0
2026-04-03,17:53,17000,카드,소복 정식,1,0
2026-04-03,17:53,21000,간편결제,묵은지 김치찜,1,0
2026-04-03,18:00,26000,간편결제,보리굴비 정식,1,0
2026-04-03,18:02,18000,간편결제,동치미 국수,2,0
2026-04-03,18:02,17000,카드,소복 정식,1,0
2026-04-03,18:20,15000,카드,제철 반상,1,0
2026-04-03,18:22,6000,현금,계란말이 추가,1,0
2026-04-03,18:36,6000,간편결제,계란말이 추가,1,0
2026-04-03,18:47,26000,카드,보리굴비 정식,1,0
2026-04-03,18:53,17000,카드,소복 정식,1,0
2026-04-03,19:00,34000,카드,소복 정식,2,0
2026-04-03,19:00,21000,카드,묵은지 김치찜,1,0
2026-04-03,19:11,21000,카드,묵은지 김치찜,1,0
2026-04-03,19:28,13000,간편결제,들기름 고등어 한상,1,0
2026-04-03,19:34,9000,간편결제,동치미 국수,1,0
2026-04-03,19:35,17000,카드,소복 정식,1,0
2026-04-03,20:19,17000,카드,소복 정식,1,0
2026-04-03,20:34,6000,카드,계란말이 추가,1,0
2026-04-03,20:53,9000,카드,동치미 국수,1,0
2026-04-03,20:54,6000,카드,계란말이 추가,1,0
2026-04-03,20:55,17000,카드,소복 정식,1,0
2026-04-04,11:07,13000,카드,들기름 고등어 한상,1,0
2026-04-04,11:17,30000,간편결제,제철 반상,2,0
2026-04-04,11:24,9000,카드,동치미 국수,1,0
2026-04-04,11:26,9000,카드,동치미 국수,1,0
2026-04-04,11:28,21000,현금,묵은지 김치찜,1,0
2026-04-04,11:35,26000,카드,보리굴비 정식,1,0
2026-04-04,11:41,27000,간편결제,동치미 국수,3,0
2026-04-04,11:42,12000,카드,계란말이 추가,2,0
2026-04-04,11:50,21000,카드,묵은지 김치찜,1,0
2026-04-04,11:53,9000,간편결제,동치미 국수,1,0
2026-04-04,12:01,13000,카드,들기름 고등어 한상,1,0
2026-04-04,12:32,9000,카드,동치미 국수,1,0
2026-04-04,12:40,6000,카드,계란말이 추가,1,0
2026-04-04,12:58,15000,카드,제철 반상,1,0
2026-04-04,13:00,13000,간편결제,들기름 고등어 한상,1,0
2026-04-04,13:03,13000,카드,들기름 고등어 한상,1,0
2026-04-04,13:29,18000,카드,동치미 국수,2,0
2026-04-04,13:41,21000,카드,묵은지 김치찜,1,0
2026-04-04,13:50,9000,카드,동치미 국수,1,0
2026-04-04,13:52,6000,간편결제,계란말이 추가,1,0
2026-04-04,17:14,6000,카드,계란말이 추가,1,0
2026-04-04,17:18,6000,카드,계란말이 추가,1,0
2026-04-04,17:19,18000,카드,동치미 국수,2,0
2026-04-04,17:39,9000,카드,동치미 국수,1,0
2026-04-04,17:41,26000,카드,보리굴비 정식,1,0
2026-04-04,17:49,45000,카드,제철 반상,3,0
2026-04-04,17:56,12000,카드,계란말이 추가,2,0
2026-04-04,18:19,6000,카드,계란말이 추가,1,0
2026-04-04,18:23,12000,카드,계란말이 추가,2,0
2026-04-04,18:29,17000,현금,소복 정식,1,0
2026-04-04,18:44,21000,카드,묵은지 김치찜,1,0
2026-04-04,19:19,42000,카드,묵은지 김치찜,2,0
2026-04-04,19:38,34000,카드,소복 정식,2,0
2026-04-04,20:01,21000,간편결제,묵은지 김치찜,1,0
2026-04-04,20:03,18000,카드,동치미 국수,2,0
2026-04-04,20:10,13000,카드,들기름 고등어 한상,1,0
2026-04-04,20:11,52000,카드,보리굴비 정식,2,0
2026-04-04,20:14,9000,간편결제,동치미 국수,1,0
2026-04-04,20:20,9000,카드,동치미 국수,1,0
2026-04-04,20:30,9000,카드,동치미 국수,1,0
2026-04-04,20:40,26000,카드,보리굴비 정식,1,0
2026-04-04,20:50,21000,카드,묵은지 김치찜,1,0
2026-04-05,11:08,18000,카드,동치미 국수,2,0
2026-04-05,11:09,9000,카드,동치미 국수,1,0
2026-04-05,11:14,6000,카드,계란말이 추가,1,0
2026-04-05,11:34,9000,현금,동치미 국수,1,0
2026-04-05,11:35,26000,카드,들기름 고등어 한상,2,0
2026-04-05,11:44,6000,카드,계란말이 추가,1,0
2026-04-05,11:51,17000,카드,소복 정식,1,0
2026-04-05,11:55,6000,카드,계란말이 추가,1,0
2026-04-05,12:00,17000,카드,소복 정식,1,0
2026-04-05,12:01,21000,카드,묵은지 김치찜,1,0
2026-04-05,12:06,15000,간편결제,제철 반상,1,0
2026-04-05,12:07,6000,카드,계란말이 추가,1,0
2026-04-05,12:13,12000,카드,계란말이 추가,2,0
2026-04-05,12:16,9000,카드,동치미 국수,1,0
2026-04-05,12:29,17000,카드,소복 정식,1,0
2026-04-05,12:29,34000,현금,소복 정식,2,0
2026-04-05,13:01,42000,간편결제,묵은지 김치찜,2,0
2026-04-05,13:09,6000,카드,계란말이 추가,1,0
2026-04-05,13:20,17000,카드,소복 정식,1,0
2026-04-05,13:31,26000,카드,보리굴비 정식,1,0
2026-04-05,13:43,34000,현금,소복 정식,2,0
2026-04-05,18:02,13000,카드,들기름 고등어 한상,1,0
2026-04-05,18:18,34000,카드,소복 정식,2,0
2026-04-05,18:19,17000,카드,소복 정식,1,0
2026-04-05,19:02,9000,카드,동치미 국수,1,0
2026-04-05,19:12,15000,카드,제철 반상,1,0
2026-04-05,19:19,17000,카드,소복 정식,1,0
2026-04-05,19:30,21000,현금,묵은지 김치찜,1,0
2026-04-05,19:56,12000,카드,계란말이 추가,2,0
2026-04-05,20:40,21000,카드,묵은지 김치찜,1,0
2026-04-05,20:46,30000,간편결제,제철 반상,2,0
2026-04-06,11:10,42000,카드,묵은지 김치찜,2,0
2026-04-06,11:26,52000,카드,보리굴비 정식,2,0
2026-04-06,11:26,15000,간편결제,제철 반상,1,0
2026-04-06,11:28,21000,카드,묵은지 김치찜,1,0
2026-04-06,12:05,17000,카드,소복 정식,1,0
2026-04-06,12:07,15000,간편결제,제철 반상,1,0
2026-04-06,12:21,15000,카드,제철 반상,1,0
2026-04-06,12:43,18000,카드,동치미 국수,2,0
2026-04-06,12:58,17000,카드,소복 정식,1,0
2026-04-06,13:23,26000,카드,보리굴비 정식,1,0
2026-04-06,13:25,30000,카드,제철 반상,2,0
2026-04-06,13:30,15000,간편결제,제철 반상,1,0
2026-04-06,13:31,15000,카드,제철 반상,1,0
2026-04-06,13:58,17000,카드,소복 정식,1,0
2026-04-06,17:02,9000,카드,동치미 국수,1,0
2026-04-06,17:17,26000,카드,들기름 고등어 한상,2,0
2026-04-06,17:19,15000,간편결제,제철 반상,1,0
2026-04-06,17:55,9000,카드,동치미 국수,1,0
2026-04-06,18:30,51000,간편결제,소복 정식,3,0
2026-04-06,18:31,21000,카드,묵은지 김치찜,1,0
2026-04-06,18:58,21000,카드,묵은지 김치찜,1,0
2026-04-06,19:23,30000,간편결제,제철 반상,2,0
2026-04-06,19:54,9000,카드,동치미 국수,1,0
2026-04-06,20:07,17000,현금,소복 정식,1,0
2026-04-06,20:16,52000,카드,보리굴비 정식,2,0
2026-04-06,20:28,13000,현금,들기름 고등어 한상,1,0
2026-04-06,20:32,78000,카드,보리굴비 정식,3,78000
2026-04-06,20:37,26000,현금,보리굴비 정식,1,0
2026-04-07,11:00,9000,카드,동치미 국수,1,0
2026-04-07,11:33,9000,카드,동치미 국수,1,0
2026-04-07,11:45,12000,카드,계란말이 추가,2,0
2026-04-07,12:01,12000,카드,계란말이 추가,2,0
2026-04-07,12:10,17000,카드,소복 정식,1,0
2026-04-07,12:36,9000,간편결제,동치미 국수,1,0
2026-04-07,13:08,9000,간편결제,동치미 국수,1,0
2026-04-07,13:15,12000,카드,계란말이 추가,2,0
2026-04-07,13:30,39000,카드,들기름 고등어 한상,3,0
2026-04-07,13:46,13000,카드,들기름 고등어 한상,1,0
2026-04-07,13:57,13000,카드,들기름 고등어 한상,1,0
2026-04-07,17:23,9000,카드,동치미 국수,1,0
2026-04-07,17:41,6000,카드,계란말이 추가,1,0
2026-04-07,17:52,26000,카드,보리굴비 정식,1,0
2026-04-07,17:54,15000,카드,제철 반상,1,0
2026-04-07,18:04,26000,간편결제,보리굴비 정식,1,0
2026-04-07,18:22,15000,카드,제철 반상,1,0
2026-04-07,18:32,12000,간편결제,계란말이 추가,2,0
2026-04-07,18:46,21000,카드,묵은지 김치찜,1,0
2026-04-07,18:50,13000,카드,들기름 고등어 한상,1,0
2026-04-07,19:10,30000,카드,제철 반상,2,0
2026-04-07,19:54,63000,카드,묵은지 김치찜,3,0
2026-04-07,20:04,12000,카드,계란말이 추가,2,0
2026-04-07,20:09,34000,카드,소복 정식,2,0
2026-04-07,20:18,34000,간편결제,소복 정식,2,0
2026-04-07,20:25,9000,카드,동치미 국수,1,0
2026-04-07,20:36,51000,간편결제,소복 정식,3,0
2026-04-07,20:46,9000,카드,동치미 국수,1,0
2026-04-07,20:47,26000,간편결제,들기름 고등어 한상,2,0
2026-04-07,20:53,17000,간편결제,소복 정식,1,0
2026-04-08,11:24,15000,카드,제철 반상,1,0
2026-04-08,11:28,26000,카드,보리굴비 정식,1,0
2026-04-08,11:57,9000,카드,동치미 국수,1,0
2026-04-08,12:12,9000,카드,동치미 국수,1,0
2026-04-08,12:22,17000,현금,소복 정식,1,0
2026-04-08,12:32,13000,현금,들기름 고등어 한상,1,0
2026-04-08,12:52,13000,카드,들기름 고등어 한상,1,13000
2026-04-08,12:58,52000,카드,보리굴비 정식,2,0
2026-04-08,13:01,15000,현금,제철 반상,1,0
2026-04-08,13:11,17000,카드,소복 정식,1,0
2026-04-08,13:23,26000,카드,들기름 고등어 한상,2,0
2026-04-08,13:27,13000,카드,들기름 고등어 한상,1,0
2026-04-08,13:36,21000,현금,묵은지 김치찜,1,0
2026-04-08,13:46,12000,현금,계란말이 추가,2,0
2026-04-08,13:54,21000,카드,묵은지 김치찜,1,0
2026-04-08,17:04,13000,카드,들기름 고등어 한상,1,0
2026-04-08,17:11,13000,카드,들기름 고등어 한상,1,0
2026-04-08,17:12,9000,현금,동치미 국수,1,0
2026-04-08,17:13,15000,카드,제철 반상,1,0
2026-04-08,17:19,13000,현금,들기름 고등어 한상,1,0
2026-04-08,17:26,15000,카드,제철 반상,1,0
2026-04-08,17:28,21000,카드,묵은지 김치찜,1,21000
2026-04-08,17:52,21000,카드,묵은지 김치찜,1,0
2026-04-08,17:53,26000,카드,보리굴비 정식,1,0
2026-04-08,18:03,17000,현금,소복 정식,1,0
2026-04-08,18:09,21000,카드,묵은지 김치찜,1,0
2026-04-08,18:51,13000,카드,들기름 고등어 한상,1,0
2026-04-08,19:40,21000,카드,묵은지 김치찜,1,0
2026-04-08,19:50,17000,카드,소복 정식,1,0
2026-04-08,19:51,13000,카드,들기름 고등어 한상,1,0
2026-04-08,20:11,6000,카드,계란말이 추가,1,0
2026-04-08,20:25,21000,카드,묵은지 김치찜,1,0
2026-04-08,20:45,42000,간편결제,묵은지 김치찜,2,0
2026-04-09,11:01,17000,카드,소복 정식,1,0
2026-04-09,11:47,26000,카드,보리굴비 정식,1,0
2026-04-09,12:03,9000,카드,동치미 국수,1,0
2026-04-09,12:12,42000,카드,묵은지 김치찜,2,0
2026-04-09,12:15,34000,현금,소복 정식,2,0
2026-04-09,12:23,15000,간편결제,제철 반상,1,0
2026-04-09,12:26,12000,카드,계란말이 추가,2,0
2026-04-09,12:36,17000,간편결제,소복 정식,1,0
2026-04-09,12:51,6000,카드,계란말이 추가,1,0
2026-04-09,12:58,52000,카드,보리굴비 정식,2,0
2026-04-09,13:22,13000,간편결제,들기름 고등어 한상,1,0
2026-04-09,13:39,26000,카드,보리굴비 정식,1,0
2026-04-09,13:54,26000,카드,보리굴비 정식,1,0
2026-04-09,13:57,21000,현금,묵은지 김치찜,1,0
2026-04-09,17:25,12000,간편결제,계란말이 추가,2,0
2026-04-09,17:56,6000,현금,계란말이 추가,1,0
2026-04-09,18:00,17000,카드,소복 정식,1,0
2026-04-09,18:08,52000,카드,보리굴비 정식,2,0
2026-04-09,18:11,15000,카드,제철 반상,1,0
2026-04-09,18:35,6000,카드,계란말이 추가,1,0
2026-04-09,18:35,6000,카드,계란말이 추가,1,0
2026-04-09,18:55,17000,간편결제,소복 정식,1,0
2026-04-09,19:01,9000,카드,동치미 국수,1,0
2026-04-09,19:05,21000,카드,묵은지 김치찜,1,0
2026-04-09,19:26,6000,카드,계란말이 추가,1,0
2026-04-09,19:29,18000,카드,동치미 국수,2,0
2026-04-09,20:06,39000,카드,들기름 고등어 한상,3,0
2026-04-09,20:08,21000,카드,묵은지 김치찜,1,0
2026-04-09,20:38,17000,카드,소복 정식,1,0
2026-04-09,20:52,21000,카드,묵은지 김치찜,1,0
2026-04-09,20:58,52000,카드,보리굴비 정식,2,0
2026-04-10,11:08,26000,카드,보리굴비 정식,1,0
2026-04-10,11:11,30000,간편결제,제철 반상,2,0
2026-04-10,11:50,26000,간편결제,들기름 고등어 한상,2,0
2026-04-10,11:50,9000,카드,동치미 국수,1,0
2026-04-10,11:57,6000,카드,계란말이 추가,1,0
2026-04-10,12:47,13000,현금,들기름 고등어 한상,1,0
2026-04-10,12:55,15000,카드,제철 반상,1,0
2026-04-10,13:00,18000,카드,동치미 국수,2,0
2026-04-10,13:07,21000,간편결제,묵은지 김치찜,1,0
2026-04-10,13:09,15000,카드,제철 반상,1,0
2026-04-10,13:13,21000,카드,묵은지 김치찜,1,0
2026-04-10,13:25,15000,간편결제,제철 반상,1,0
2026-04-10,13:35,17000,카드,소복 정식,1,0
2026-04-10,13:43,15000,카드,제철 반상,1,0
2026-04-10,13:43,21000,간편결제,묵은지 김치찜,1,0
2026-04-10,13:46,15000,간편결제,제철 반상,1,0
2026-04-10,13:48,17000,카드,소복 정식,1,0
2026-04-10,13:51,6000,카드,계란말이 추가,1,0
2026-04-10,17:16,17000,간편결제,소복 정식,1,0
2026-04-10,17:36,42000,카드,묵은지 김치찜,2,0
2026-04-10,17:37,13000,카드,들기름 고등어 한상,1,0
2026-04-10,17:39,26000,카드,보리굴비 정식,1,0
2026-04-10,18:18,13000,카드,들기름 고등어 한상,1,0
2026-04-10,18:20,26000,카드,보리굴비 정식,1,0
2026-04-10,18:29,9000,현금,동치미 국수,1,0
2026-04-10,18:31,13000,간편결제,들기름 고등어 한상,1,0
2026-04-10,18:31,15000,카드,제철 반상,1,0
2026-04-10,18:32,30000,간편결제,제철 반상,2,0
2026-04-10,18:55,21000,카드,묵은지 김치찜,1,0
2026-04-10,18:55,13000,간편결제,들기름 고등어 한상,1,0
2026-04-10,18:57,17000,카드,소복 정식,1,0
2026-04-10,19:17,6000,간편결제,계란말이 추가,1,0
2026-04-10,19:18,13000,카드,들기름 고등어 한상,1,0
2026-04-10,19:27,15000,카드,제철 반상,1,0
2026-04-10,19:41,17000,간편결제,소복 정식,1,0
2026-04-10,19:44,12000,간편결제,계란말이 추가,2,0
2026-04-10,20:06,13000,간편결제,들기름 고등어 한상,1,0
2026-04-10,20:13,17000,카드,소복 정식,1,0
2026-04-10,20:13,26000,카드,보리굴비 정식,1,0
2026-04-10,20:17,15000,카드,제철 반상,1,0
2026-04-10,20:27,17000,카드,소복 정식,1,0
2026-04-10,20:27,12000,카드,계란말이 추가,2,0
2026-04-10,20:27,17000,간편결제,소복 정식,1,0
2026-04-10,20:28,42000,카드,묵은지 김치찜,2,0
2026-04-10,20:28,12000,카드,계란말이 추가,2,0
2026-04-10,20:36,9000,카드,동치미 국수,1,0
2026-04-11,11:01,9000,카드,동치미 국수,1,0
2026-04-11,11:20,15000,카드,제철 반상,1,0
2026-04-11,11:23,42000,카드,묵은지 김치찜,2,0
2026-04-11,11:23,17000,카드,소복 정식,1,0
2026-04-11,11:34,63000,카드,묵은지 김치찜,3,0
2026-04-11,11:41,12000,간편결제,계란말이 추가,2,0
2026-04-11,11:48,26000,간편결제,보리굴비 정식,1,0
2026-04-11,11:49,17000,카드,소복 정식,1,0
2026-04-11,12:06,6000,간편결제,계란말이 추가,1,0
2026-04-11,12:08,26000,카드,보리굴비 정식,1,0
2026-04-11,12:13,9000,카드,동치미 국수,1,0
2026-04-11,12:44,12000,카드,계란말이 추가,2,0
2026-04-11,12:48,17000,카드,소복 정식,1,0
2026-04-11,13:02,21000,간편결제,묵은지 김치찜,1,0
2026-04-11,13:13,45000,간편결제,제철 반상,3,0
2026-04-11,13:14,15000,카드,제철 반상,1,0
2026-04-11,13:15,15000,카드,제철 반상,1,0
2026-04-11,13:29,21000,카드,묵은지 김치찜,1,0
2026-04-11,13:40,9000,카드,동치미 국수,1,0
2026-04-11,17:08,34000,카드,소복 정식,2,0
2026-04-11,17:18,18000,카드,동치미 국수,2,0
2026-04-11,17:24,21000,현금,묵은지 김치찜,1,0
2026-04-11,17:40,15000,카드,제철 반상,1,0
2026-04-11,17:53,15000,카드,제철 반상,1,0
2026-04-11,17:58,17000,카드,소복 정식,1,0
2026-04-11,18:05,15000,카드,제철 반상,1,0
2026-04-11,18:13,52000,카드,보리굴비 정식,2,0
2026-04-11,18:19,6000,카드,계란말이 추가,1,0
2026-04-11,18:40,26000,카드,보리굴비 정식,1,0
2026-04-11,18:40,13000,카드,들기름 고등어 한상,1,0
2026-04-11,18:51,21000,간편결제,묵은지 김치찜,1,0
2026-04-11,18:53,26000,현금,보리굴비 정식,1,0
2026-04-11,18:55,13000,카드,들기름 고등어 한상,1,0
2026-04-11,19:20,18000,카드,동치미 국수,2,0
2026-04-11,19:35,12000,카드,계란말이 추가,2,0
2026-04-11,19:43,17000,간편결제,소복 정식,1,0
2026-04-11,19:53,21000,카드,묵은지 김치찜,1,0
2026-04-11,20:55,52000,카드,보리굴비 정식,2,0
2026-04-12,11:01,21000,카드,묵은지 김치찜,1,0
2026-04-12,11:13,9000,간편결제,동치미 국수,1,0
2026-04-12,11:15,63000,카드,묵은지 김치찜,3,0
2026-04-12,11:28,15000,카드,제철 반상,1,0
2026-04-12,11:46,52000,카드,보리굴비 정식,2,0
2026-04-12,11:49,52000,카드,보리굴비 정식,2,0
2026-04-12,11:54,13000,간편결제,들기름 고등어 한상,1,0
2026-04-12,12:12,9000,카드,동치미 국수,1,0
2026-04-12,12:20,15000,카드,제철 반상,1,0
2026-04-12,12:23,13000,카드,들기름 고등어 한상,1,0
2026-04-12,12:54,18000,현금,동치미 국수,2,0
2026-04-12,13:06,52000,카드,보리굴비 정식,2,0
2026-04-12,13:15,26000,카드,보리굴비 정식,1,0
2026-04-12,13:23,30000,카드,제철 반상,2,0
2026-04-12,17:20,13000,카드,들기름 고등어 한상,1,0
2026-04-12,17:20,15000,현금,제철 반상,1,0
2026-04-12,17:27,15000,현금,제철 반상,1,0
2026-04-12,18:00,26000,현금,보리굴비 정식,1,0
2026-04-12,18:01,13000,간편결제,들기름 고등어 한상,1,0
2026-04-12,18:03,15000,카드,제철 반상,1,0
2026-04-12,18:24,42000,카드,묵은지 김치찜,2,0
2026-04-12,18:57,15000,간편결제,제철 반상,1,15000
2026-04-12,19:35,21000,카드,묵은지 김치찜,1,0
2026-04-12,19:54,26000,카드,보리굴비 정식,1,0
2026-04-12,19:57,17000,카드,소복 정식,1,0
2026-04-12,20:30,6000,카드,계란말이 추가,1,0
2026-04-12,20:49,21000,카드,묵은지 김치찜,1,21000
2026-04-12,20:49,45000,카드,제철 반상,3,0
2026-04-12,20:57,21000,간편결제,묵은지 김치찜,1,0
2026-04-14,11:02,17000,카드,소복 정식,1,0
2026-04-14,11:54,34000,간편결제,소복 정식,2,0
2026-04-14,12:00,6000,현금,계란말이 추가,1,0
2026-04-14,12:03,63000,현금,묵은지 김치찜,3,0
2026-04-14,12:24,9000,카드,동치미 국수,1,0
2026-04-14,12:53,26000,간편결제,들기름 고등어 한상,2,0
2026-04-14,13:17,9000,카드,동치미 국수,1,0
2026-04-14,13:49,34000,카드,소복 정식,2,0
2026-04-14,13:52,9000,카드,동치미 국수,1,0
2026-04-14,13:59,21000,카드,묵은지 김치찜,1,0
2026-04-14,17:20,9000,카드,동치미 국수,1,0
2026-04-14,17:47,30000,현금,제철 반상,2,0
2026-04-14,18:06,17000,카드,소복 정식,1,0
2026-04-14,18:12,21000,카드,묵은지 김치찜,1,0
2026-04-14,18:20,15000,간편결제,제철 반상,1,0
2026-04-14,18:33,15000,카드,제철 반상,1,0
2026-04-14,18:34,6000,카드,계란말이 추가,1,0
2026-04-14,18:51,52000,카드,보리굴비 정식,2,0
2026-04-14,19:00,9000,간편결제,동치미 국수,1,0
2026-04-14,19:07,63000,간편결제,묵은지 김치찜,3,0
2026-04-14,19:33,26000,카드,보리굴비 정식,1,0
2026-04-14,19:56,26000,카드,보리굴비 정식,1,0
2026-04-14,20:14,6000,카드,계란말이 추가,1,0
2026-04-14,20:26,17000,카드,소복 정식,1,0
2026-04-14,20:42,13000,카드,들기름 고등어 한상,1,0
2026-04-14,20:46,18000,카드,동치미 국수,2,0
2026-04-15,11:17,15000,카드,제철 반상,1,0
2026-04-15,11:17,30000,간편결제,제철 반상,2,0
2026-04-15,11:38,17000,카드,소복 정식,1,0
2026-04-15,12:05,15000,카드,제철 반상,1,0
2026-04-15,12:37,12000,카드,계란말이 추가,2,0
2026-04-15,12:39,6000,카드,계란말이 추가,1,0
2026-04-15,13:00,78000,카드,보리굴비 정식,3,0
2026-04-15,13:01,18000,카드,동치미 국수,2,0
2026-04-15,13:03,21000,카드,묵은지 김치찜,1,0
2026-04-15,13:14,21000,카드,묵은지 김치찜,1,0
2026-04-15,13:29,15000,카드,제철 반상,1,0
2026-04-15,13:53,6000,카드,계란말이 추가,1,0
2026-04-15,17:27,17000,간편결제,소복 정식,1,0
2026-04-15,17:34,34000,현금,소복 정식,2,0
2026-04-15,17:48,45000,현금,제철 반상,3,0
2026-04-15,18:10,15000,카드,제철 반상,1,0
2026-04-15,18:40,15000,카드,제철 반상,1,0
2026-04-15,18:49,12000,카드,계란말이 추가,2,0
2026-04-15,18:57,13000,카드,들기름 고등어 한상,1,0
2026-04-15,19:12,21000,현금,묵은지 김치찜,1,0
2026-04-15,19:24,26000,카드,보리굴비 정식,1,0
2026-04-15,19:27,17000,카드,소복 정식,1,0
2026-04-15,19:32,13000,카드,들기름 고등어 한상,1,0
2026-04-15,19:39,26000,카드,보리굴비 정식,1,0
2026-04-15,19:48,6000,카드,계란말이 추가,1,0
2026-04-15,20:39,34000,카드,소복 정식,2,0
2026-04-16,11:15,9000,간편결제,동치미 국수,1,0
2026-04-16,11:20,17000,카드,소복 정식,1,0
2026-04-16,11:29,9000,카드,동치미 국수,1,0
2026-04-16,11:31,26000,카드,들기름 고등어 한상,2,0
2026-04-16,11:54,6000,카드,계란말이 추가,1,6000
2026-04-16,12:04,6000,카드,계란말이 추가,1,0
2026-04-16,12:05,9000,현금,동치미 국수,1,0
2026-04-16,12:32,15000,카드,제철 반상,1,0
2026-04-16,12:43,13000,카드,들기름 고등어 한상,1,0
2026-04-16,13:02,9000,카드,동치미 국수,1,0
2026-04-16,13:11,9000,간편결제,동치미 국수,1,0
2026-04-16,13:14,45000,카드,제철 반상,3,0
2026-04-16,13:26,52000,간편결제,보리굴비 정식,2,0
2026-04-16,13:33,42000,카드,묵은지 김치찜,2,0
2026-04-16,13:51,15000,카드,제철 반상,1,0
2026-04-16,13:55,13000,간편결제,들기름 고등어 한상,1,0
2026-04-16,13:59,18000,카드,동치미 국수,2,0
2026-04-16,17:00,17000,카드,소복 정식,1,0
2026-04-16,17:12,21000,간편결제,묵은지 김치찜,1,0
2026-04-16,17:21,52000,카드,보리굴비 정식,2,0
2026-04-16,17:44,13000,카드,들기름 고등어 한상,1,0
2026-04-16,17:58,17000,간편결제,소복 정식,1,0
2026-04-16,18:08,52000,카드,보리굴비 정식,2,0
2026-04-16,18:41,13000,카드,들기름 고등어 한상,1,0
2026-04-16,18:43,27000,간편결제,동치미 국수,3,0
2026-04-16,18:58,6000,카드,계란말이 추가,1,0
2026-04-16,19:13,21000,카드,묵은지 김치찜,1,0
2026-04-16,19:26,17000,카드,소복 정식,1,0
2026-04-16,20:09,26000,카드,보리굴비 정식,1,0
2026-04-16,20:14,18000,카드,동치미 국수,2,0
2026-04-16,20:30,30000,카드,제철 반상,2,0
2026-04-16,20:45,13000,간편결제,들기름 고등어 한상,1,13000
2026-04-16,20:57,21000,카드,묵은지 김치찜,1,0
2026-04-17,11:08,17000,카드,소복 정식,1,0
2026-04-17,11:25,21000,카드,묵은지 김치찜,1,21000
2026-04-17,11:28,6000,카드,계란말이 추가,1,0
2026-04-17,11:31,17000,간편결제,소복 정식,1,0
2026-04-17,12:06,9000,카드,동치미 국수,1,0
2026-04-17,12:12,9000,카드,동치미 국수,1,0
2026-04-17,12:20,26000,카드,보리굴비 정식,1,0
2026-04-17,12:23,34000,카드,소복 정식,2,0
2026-04-17,12:33,18000,카드,동치미 국수,2,0
2026-04-17,12:42,26000,카드,들기름 고등어 한상,2,0
2026-04-17,12:43,26000,카드,보리굴비 정식,1,0
2026-04-17,13:22,26000,카드,들기름 고등어 한상,2,0
2026-04-17,13:24,26000,카드,보리굴비 정식,1,0
2026-04-17,13:47,6000,간편결제,계란말이 추가,1,0
2026-04-17,13:51,78000,카드,보리굴비 정식,3,0
2026-04-17,17:37,15000,카드,제철 반상,1,0
2026-04-17,17:39,15000,카드,제철 반상,1,0
2026-04-17,18:04,21000,간편결제,묵은지 김치찜,1,0
2026-04-17,18:19,21000,간편결제,묵은지 김치찜,1,0
2026-04-17,18:44,9000,간편결제,동치미 국수,1,0
2026-04-17,18:50,17000,카드,소복 정식,1,0
2026-04-17,19:06,26000,카드,보리굴비 정식,1,0
2026-04-17,19:13,27000,카드,동치미 국수,3,0
2026-04-17,19:18,17000,간편결제,소복 정식,1,0
2026-04-17,19:25,26000,카드,들기름 고등어 한상,2,0
2026-04-17,19:30,42000,카드,묵은지 김치찜,2,0
2026-04-17,19:37,13000,카드,들기름 고등어 한상,1,0
2026-04-17,19:38,15000,카드,제철 반상,1,0
2026-04-17,19:47,15000,간편결제,제철 반상,1,0
2026-04-17,19:48,26000,간편결제,보리굴비 정식,1,0
2026-04-17,19:58,27000,카드,동치미 국수,3,0
2026-04-17,20:11,21000,카드,묵은지 김치찜,1,0
2026-04-17,20:24,26000,카드,보리굴비 정식,1,0
2026-04-17,20:35,15000,간편결제,제철 반상,1,0
2026-04-17,20:40,17000,간편결제,소복 정식,1,0
2026-04-17,20:44,13000,간편결제,들기름 고등어 한상,1,0
2026-04-18,11:00,6000,카드,계란말이 추가,1,0
2026-04-18,11:07,26000,카드,보리굴비 정식,1,0
2026-04-18,11:13,6000,카드,계란말이 추가,1,0
2026-04-18,11:15,26000,카드,보리굴비 정식,1,0
2026-04-18,11:19,26000,카드,보리굴비 정식,1,0
2026-04-18,11:42,15000,카드,제철 반상,1,0
2026-04-18,11:43,9000,카드,동치미 국수,1,0
2026-04-18,11:50,26000,카드,보리굴비 정식,1,0
2026-04-18,12:10,15000,현금,제철 반상,1,0
2026-04-18,12:16,26000,카드,보리굴비 정식,1,0
2026-04-18,12:17,15000,카드,제철 반상,1,15000
2026-04-18,12:19,9000,카드,동치미 국수,1,0
2026-04-18,12:24,15000,카드,제철 반상,1,0
2026-04-18,12:40,13000,간편결제,들기름 고등어 한상,1,0
2026-04-18,12:43,17000,현금,소복 정식,1,0
2026-04-18,13:09,26000,카드,보리굴비 정식,1,0
2026-04-18,13:40,9000,간편결제,동치미 국수,1,0
2026-04-18,13:50,6000,카드,계란말이 추가,1,0
2026-04-18,13:52,15000,현금,제철 반상,1,0
2026-04-18,17:24,15000,카드,제철 반상,1,15000
2026-04-18,17:50,42000,현금,묵은지 김치찜,2,0
2026-04-18,17:50,21000,간편결제,묵은지 김치찜,1,0
2026-04-18,17:58,13000,카드,들기름 고등어 한상,1,0
2026-04-18,17:58,34000,카드,소복 정식,2,0
2026-04-18,18:00,13000,카드,들기름 고등어 한상,1,0
2026-04-18,18:02,26000,카드,들기름 고등어 한상,2,0
2026-04-18,18:13,18000,카드,동치미 국수,2,0
2026-04-18,18:15,6000,카드,계란말이 추가,1,0
2026-04-18,18:40,15000,카드,제철 반상,1,0
2026-04-18,18:51,78000,카드,보리굴비 정식,3,0
2026-04-18,18:56,6000,카드,계란말이 추가,1,0
2026-04-18,18:57,26000,카드,보리굴비 정식,1,0
2026-04-18,19:28,12000,현금,계란말이 추가,2,0
2026-04-18,19:38,26000,카드,보리굴비 정식,1,0
2026-04-18,19:47,30000,간편결제,제철 반상,2,0
2026-04-18,19:47,52000,간편결제,보리굴비 정식,2,0
2026-04-18,19:50,15000,간편결제,제철 반상,1,0
2026-04-18,20:14,26000,카드,보리굴비 정식,1,0
2026-04-18,20:42,21000,카드,묵은지 김치찜,1,0
2026-04-18,20:52,17000,간편결제,소복 정식,1,0
2026-04-18,20:52,13000,카드,들기름 고등어 한상,1,0
2026-04-19,11:24,15000,카드,제철 반상,1,0
2026-04-19,11:27,26000,현금,보리굴비 정식,1,0
2026-04-19,11:40,17000,현금,소복 정식,1,0
2026-04-19,11:52,26000,카드,들기름 고등어 한상,2,0
2026-04-19,12:29,9000,카드,동치미 국수,1,0
2026-04-19,12:50,13000,간편결제,들기름 고등어 한상,1,0
2026-04-19,13:10,21000,카드,묵은지 김치찜,1,0
2026-04-19,13:42,21000,카드,묵은지 김치찜,1,0
2026-04-19,13:46,13000,카드,들기름 고등어 한상,1,0
2026-04-19,17:11,26000,간편결제,보리굴비 정식,1,0
2026-04-19,17:33,21000,카드,묵은지 김치찜,1,0
2026-04-19,17:43,18000,카드,동치미 국수,2,0
2026-04-19,18:04,17000,카드,소복 정식,1,0
2026-04-19,18:07,17000,카드,소복 정식,1,0
2026-04-19,18:21,17000,카드,소복 정식,1,0
2026-04-19,18:40,9000,카드,동치미 국수,1,0
2026-04-19,18:54,17000,현금,소복 정식,1,0
2026-04-19,18:58,13000,카드,들기름 고등어 한상,1,0
2026-04-19,19:06,9000,카드,동치미 국수,1,0
2026-04-19,19:09,6000,카드,계란말이 추가,1,0
2026-04-19,19:09,52000,카드,보리굴비 정식,2,0
2026-04-19,19:10,12000,현금,계란말이 추가,2,0
2026-04-19,19:17,15000,카드,제철 반상,1,0
2026-04-19,19:37,26000,카드,보리굴비 정식,1,0
2026-04-19,19:38,6000,카드,계란말이 추가,1,0
2026-04-19,19:43,9000,카드,동치미 국수,1,0
2026-04-19,20:09,26000,간편결제,보리굴비 정식,1,0
2026-04-19,20:20,21000,카드,묵은지 김치찜,1,0
2026-04-19,20:21,6000,현금,계란말이 추가,1,0
2026-04-19,20:28,13000,카드,들기름 고등어 한상,1,0
2026-04-19,20:47,17000,카드,소복 정식,1,0
2026-04-19,20:48,52000,카드,보리굴비 정식,2,0
2026-04-20,11:07,9000,카드,동치미 국수,1,0
2026-04-20,11:27,9000,카드,동치미 국수,1,0
2026-04-20,11:30,26000,카드,보리굴비 정식,1,0
2026-04-20,11:37,15000,카드,제철 반상,1,0
2026-04-20,11:39,9000,카드,동치미 국수,1,0
2026-04-20,11:51,21000,카드,묵은지 김치찜,1,0
2026-04-20,12:03,30000,카드,제철 반상,2,0
2026-04-20,12:08,52000,카드,보리굴비 정식,2,0
2026-04-20,12:42,52000,카드,보리굴비 정식,2,0
2026-04-20,13:41,17000,카드,소복 정식,1,0
2026-04-20,17:06,30000,간편결제,제철 반상,2,0
2026-04-20,17:35,17000,현금,소복 정식,1,0
2026-04-20,18:05,9000,카드,동치미 국수,1,0
2026-04-20,18:10,6000,카드,계란말이 추가,1,0
2026-04-20,18:43,6000,카드,계란말이 추가,1,0
2026-04-20,19:30,9000,카드,동치미 국수,1,0
2026-04-20,19:34,6000,카드,계란말이 추가,1,0
2026-04-20,19:58,21000,카드,묵은지 김치찜,1,0
2026-04-20,20:06,15000,카드,제철 반상,1,0
2026-04-20,20:19,15000,카드,제철 반상,1,0
2026-04-20,20:20,34000,간편결제,소복 정식,2,0
2026-04-20,20:25,26000,카드,보리굴비 정식,1,0
2026-04-20,20:30,18000,카드,동치미 국수,2,0
2026-04-20,20:50,6000,카드,계란말이 추가,1,0
2026-04-21,11:33,9000,카드,동치미 국수,1,0
2026-04-21,11:38,39000,간편결제,들기름 고등어 한상,3,0
2026-04-21,11:57,15000,카드,제철 반상,1,0
2026-04-21,12:03,13000,간편결제,들기름 고등어 한상,1,0
2026-04-21,12:24,15000,카드,제철 반상,1,0
2026-04-21,12:35,17000,카드,소복 정식,1,0
2026-04-21,12:42,13000,현금,들기름 고등어 한상,1,0
2026-04-21,12:53,13000,현금,들기름 고등어 한상,1,0
2026-04-21,13:08,21000,현금,묵은지 김치찜,1,21000
2026-04-21,13:10,6000,카드,계란말이 추가,1,0
2026-04-21,13:36,26000,카드,보리굴비 정식,1,0
2026-04-21,17:00,26000,카드,보리굴비 정식,1,0
2026-04-21,17:04,18000,카드,동치미 국수,2,0
2026-04-21,17:24,6000,간편결제,계란말이 추가,1,0
2026-04-21,17:27,15000,카드,제철 반상,1,0
2026-04-21,17:30,30000,간편결제,제철 반상,2,0
2026-04-21,17:36,17000,카드,소복 정식,1,0
2026-04-21,18:33,12000,카드,계란말이 추가,2,0
2026-04-21,18:37,18000,카드,동치미 국수,2,0
2026-04-21,18:55,13000,간편결제,들기름 고등어 한상,1,0
2026-04-21,19:38,30000,카드,제철 반상,2,0
2026-04-21,20:19,34000,카드,소복 정식,2,0
2026-04-21,20:27,26000,현금,보리굴비 정식,1,0
2026-04-21,20:29,13000,카드,들기름 고등어 한상,1,0
2026-04-21,20:55,13000,간편결제,들기름 고등어 한상,1,0
2026-04-22,11:19,9000,카드,동치미 국수,1,0
2026-04-22,11:25,18000,카드,동치미 국수,2,0
2026-04-22,11:44,9000,카드,동치미 국수,1,0
2026-04-22,11:58,13000,카드,들기름 고등어 한상,1,0
2026-04-22,12:14,17000,간편결제,소복 정식,1,0
2026-04-22,12:19,21000,카드,묵은지 김치찜,1,21000
2026-04-22,12:31,78000,카드,보리굴비 정식,3,0
2026-04-22,12:33,9000,카드,동치미 국수,1,0
2026-04-22,12:52,78000,카드,보리굴비 정식,3,0
2026-04-22,12:55,15000,카드,제철 반상,1,0
2026-04-22,13:05,12000,카드,계란말이 추가,2,0
2026-04-22,13:12,6000,현금,계란말이 추가,1,0
2026-04-22,13:36,21000,카드,묵은지 김치찜,1,0
2026-04-22,13:48,21000,카드,묵은지 김치찜,1,0
2026-04-22,17:17,21000,카드,묵은지 김치찜,1,0
2026-04-22,17:28,30000,간편결제,제철 반상,2,0
2026-04-22,18:05,9000,카드,동치미 국수,1,0
2026-04-22,18:59,17000,카드,소복 정식,1,0
2026-04-22,19:00,39000,카드,들기름 고등어 한상,3,0
2026-04-22,19:02,27000,카드,동치미 국수,3,0
2026-04-22,19:12,26000,카드,보리굴비 정식,1,0
2026-04-22,19:30,26000,카드,보리굴비 정식,1,0
2026-04-22,19:55,52000,카드,보리굴비 정식,2,0
2026-04-22,20:23,9000,카드,동치미 국수,1,0
2026-04-22,20:26,51000,현금,소복 정식,3,0
2026-04-22,20:45,12000,카드,계란말이 추가,2,0
2026-04-22,20:51,6000,간편결제,계란말이 추가,1,0
2026-04-23,11:16,9000,카드,동치미 국수,1,0
2026-04-23,11:17,17000,카드,소복 정식,1,0
2026-04-23,11:41,6000,카드,계란말이 추가,1,0
2026-04-23,11:43,13000,간편결제,들기름 고등어 한상,1,0
2026-04-23,11:46,52000,현금,보리굴비 정식,2,0
2026-04-23,11:48,26000,카드,보리굴비 정식,1,0
2026-04-23,11:52,26000,카드,보리굴비 정식,1,0
2026-04-23,12:08,9000,카드,동치미 국수,1,0
2026-04-23,12:08,15000,현금,제철 반상,1,0
2026-04-23,12:12,6000,카드,계란말이 추가,1,0
2026-04-23,12:12,17000,카드,소복 정식,1,0
2026-04-23,12:29,18000,현금,동치미 국수,2,0
2026-04-23,12:46,9000,카드,동치미 국수,1,0
2026-04-23,13:14,18000,카드,동치미 국수,2,0
2026-04-23,13:22,9000,간편결제,동치미 국수,1,0
2026-04-23,13:43,21000,카드,묵은지 김치찜,1,0
2026-04-23,13:46,34000,카드,소복 정식,2,0
2026-04-23,13:49,26000,카드,보리굴비 정식,1,0
2026-04-23,17:06,26000,현금,보리굴비 정식,1,0
2026-04-23,17:16,17000,카드,소복 정식,1,0
2026-04-23,17:27,17000,카드,소복 정식,1,0
2026-04-23,17:37,26000,카드,보리굴비 정식,1,0
2026-04-23,18:08,42000,카드,묵은지 김치찜,2,0
2026-04-23,18:46,15000,카드,제철 반상,1,0
2026-04-23,19:54,78000,간편결제,보리굴비 정식,3,0
2026-04-23,19:55,26000,간편결제,들기름 고등어 한상,2,0
2026-04-23,20:24,9000,카드,동치미 국수,1,0
2026-04-23,20:33,18000,카드,동치미 국수,2,0
2026-04-23,20:40,17000,카드,소복 정식,1,0
2026-04-23,20:55,6000,카드,계란말이 추가,1,0
2026-04-24,11:35,21000,카드,묵은지 김치찜,1,0
2026-04-24,11:42,26000,카드,들기름 고등어 한상,2,0
2026-04-24,11:48,6000,카드,계란말이 추가,1,0
2026-04-24,11:53,26000,카드,보리굴비 정식,1,0
2026-04-24,12:17,34000,카드,소복 정식,2,0
2026-04-24,12:17,26000,카드,들기름 고등어 한상,2,0
2026-04-24,12:34,6000,카드,계란말이 추가,1,0
2026-04-24,12:35,26000,카드,보리굴비 정식,1,0
2026-04-24,12:35,42000,간편결제,묵은지 김치찜,2,0
2026-04-24,12:36,6000,카드,계란말이 추가,1,0
2026-04-24,12:43,9000,카드,동치미 국수,1,0
2026-04-24,13:18,15000,카드,제철 반상,1,0
2026-04-24,13:26,6000,카드,계란말이 추가,1,0
2026-04-24,13:28,13000,현금,들기름 고등어 한상,1,0
2026-04-24,13:43,21000,카드,묵은지 김치찜,1,0
2026-04-24,17:02,26000,카드,보리굴비 정식,1,0
2026-04-24,17:09,26000,카드,보리굴비 정식,1,0
2026-04-24,17:13,9000,간편결제,동치미 국수,1,0
2026-04-24,17:29,13000,간편결제,들기름 고등어 한상,1,0
2026-04-24,17:49,21000,카드,묵은지 김치찜,1,0
2026-04-24,17:50,30000,간편결제,제철 반상,2,0
2026-04-24,18:12,13000,간편결제,들기름 고등어 한상,1,0
2026-04-24,18:21,52000,현금,보리굴비 정식,2,0
2026-04-24,18:26,13000,간편결제,들기름 고등어 한상,1,0
2026-04-24,18:26,26000,현금,보리굴비 정식,1,0
2026-04-24,18:49,42000,현금,묵은지 김치찜,2,0
2026-04-24,18:50,34000,간편결제,소복 정식,2,0
2026-04-24,18:50,17000,카드,소복 정식,1,0
2026-04-24,19:02,21000,카드,묵은지 김치찜,1,0
2026-04-24,19:03,52000,카드,보리굴비 정식,2,0
2026-04-24,19:09,6000,간편결제,계란말이 추가,1,0
2026-04-24,19:20,45000,카드,제철 반상,3,0
2026-04-24,19:23,17000,카드,소복 정식,1,0
2026-04-24,19:23,21000,현금,묵은지 김치찜,1,0
2026-04-24,19:26,26000,카드,보리굴비 정식,1,0
2026-04-24,19:30,6000,간편결제,계란말이 추가,1,0
2026-04-24,19:32,30000,카드,제철 반상,2,0
2026-04-24,19:33,9000,간편결제,동치미 국수,1,0
2026-04-24,19:36,26000,카드,보리굴비 정식,1,0
2026-04-24,19:51,15000,카드,제철 반상,1,0
2026-04-24,19:52,17000,카드,소복 정식,1,0
2026-04-24,20:10,12000,카드,계란말이 추가,2,0
2026-04-24,20:20,13000,간편결제,들기름 고등어 한상,1,0
2026-04-24,20:29,17000,카드,소복 정식,1,0
2026-04-24,20:32,6000,카드,계란말이 추가,1,0
2026-04-24,20:51,13000,간편결제,들기름 고등어 한상,1,0
2026-04-24,20:51,26000,카드,보리굴비 정식,1,0
2026-04-24,20:52,26000,카드,보리굴비 정식,1,0
2026-04-24,20:54,52000,카드,보리굴비 정식,2,0
2026-04-25,11:22,18000,간편결제,동치미 국수,2,0
2026-04-25,11:31,6000,카드,계란말이 추가,1,0
2026-04-25,11:34,52000,카드,보리굴비 정식,2,0
2026-04-25,11:35,9000,간편결제,동치미 국수,1,0
2026-04-25,11:51,13000,카드,들기름 고등어 한상,1,0
2026-04-25,12:00,26000,카드,보리굴비 정식,1,0
2026-04-25,12:34,12000,현금,계란말이 추가,2,0
2026-04-25,12:55,17000,카드,소복 정식,1,0
2026-04-25,13:04,17000,카드,소복 정식,1,0
2026-04-25,13:05,6000,현금,계란말이 추가,1,0
2026-04-25,13:27,26000,현금,보리굴비 정식,1,0
2026-04-25,13:41,52000,카드,보리굴비 정식,2,0
2026-04-25,13:49,21000,카드,묵은지 김치찜,1,0
2026-04-25,13:51,18000,간편결제,계란말이 추가,3,0
2026-04-25,17:32,30000,현금,제철 반상,2,0
2026-04-25,17:35,17000,간편결제,소복 정식,1,0
2026-04-25,17:40,9000,카드,동치미 국수,1,0
2026-04-25,17:48,21000,카드,묵은지 김치찜,1,0
2026-04-25,17:57,6000,카드,계란말이 추가,1,0
2026-04-25,18:05,6000,카드,계란말이 추가,1,0
2026-04-25,18:06,6000,간편결제,계란말이 추가,1,0
2026-04-25,18:16,13000,간편결제,들기름 고등어 한상,1,0
2026-04-25,18:20,52000,카드,보리굴비 정식,2,0
2026-04-25,18:21,18000,간편결제,동치미 국수,2,0
2026-04-25,18:32,6000,카드,계란말이 추가,1,0
2026-04-25,18:55,6000,간편결제,계란말이 추가,1,0
2026-04-25,18:57,15000,카드,제철 반상,1,0
2026-04-25,19:14,21000,카드,묵은지 김치찜,1,0
2026-04-25,19:19,13000,카드,들기름 고등어 한상,1,0
2026-04-25,19:23,6000,카드,계란말이 추가,1,0
2026-04-25,19:27,26000,카드,보리굴비 정식,1,0
2026-04-25,20:26,13000,카드,들기름 고등어 한상,1,0
2026-04-25,20:53,9000,카드,동치미 국수,1,0
2026-04-26,11:35,13000,카드,들기름 고등어 한상,1,0
2026-04-26,12:01,21000,카드,묵은지 김치찜,1,0
2026-04-26,12:03,15000,카드,제철 반상,1,0
2026-04-26,12:31,34000,카드,소복 정식,2,0
2026-04-26,12:39,18000,카드,계란말이 추가,3,0
2026-04-26,12:46,6000,카드,계란말이 추가,1,0
2026-04-26,12:51,26000,카드,보리굴비 정식,1,0
2026-04-26,12:56,9000,카드,동치미 국수,1,0
2026-04-26,13:14,17000,카드,소복 정식,1,0
2026-04-26,13:29,26000,카드,들기름 고등어 한상,2,0
2026-04-26,13:43,51000,카드,소복 정식,3,0
2026-04-26,13:49,39000,카드,들기름 고등어 한상,3,0
2026-04-26,17:12,17000,카드,소복 정식,1,0
2026-04-26,17:23,9000,카드,동치미 국수,1,0
2026-04-26,17:25,13000,카드,들기름 고등어 한상,1,0
2026-04-26,17:28,17000,현금,소복 정식,1,0
2026-04-26,17:45,21000,카드,묵은지 김치찜,1,0
2026-04-26,17:55,6000,카드,계란말이 추가,1,0
2026-04-26,18:16,21000,카드,묵은지 김치찜,1,0
2026-04-26,18:19,26000,카드,보리굴비 정식,1,0
2026-04-26,18:34,17000,카드,소복 정식,1,0
2026-04-26,18:38,12000,카드,계란말이 추가,2,0
2026-04-26,18:59,6000,카드,계란말이 추가,1,0
2026-04-26,19:19,18000,현금,계란말이 추가,3,0
2026-04-26,19:24,26000,카드,보리굴비 정식,1,0
2026-04-26,19:37,13000,간편결제,들기름 고등어 한상,1,0
2026-04-26,20:07,15000,카드,제철 반상,1,0
2026-04-26,20:55,17000,카드,소복 정식,1,0
2026-04-28,11:23,15000,간편결제,제철 반상,1,0
2026-04-28,11:29,21000,간편결제,묵은지 김치찜,1,0
2026-04-28,11:35,15000,카드,제철 반상,1,0
2026-04-28,11:38,12000,현금,계란말이 추가,2,0
2026-04-28,12:07,9000,카드,동치미 국수,1,0
2026-04-28,12:15,6000,현금,계란말이 추가,1,0
2026-04-28,12:16,26000,간편결제,보리굴비 정식,1,0
2026-04-28,12:44,17000,카드,소복 정식,1,0
2026-04-28,12:48,52000,카드,보리굴비 정식,2,0
2026-04-28,13:12,18000,카드,동치미 국수,2,0
2026-04-28,13:24,15000,간편결제,제철 반상,1,0
2026-04-28,13:34,26000,카드,보리굴비 정식,1,0
2026-04-28,13:42,17000,간편결제,소복 정식,1,0
2026-04-28,13:48,21000,카드,묵은지 김치찜,1,0
2026-04-28,13:58,6000,카드,계란말이 추가,1,0
2026-04-28,17:04,21000,카드,묵은지 김치찜,1,0
2026-04-28,17:30,6000,카드,계란말이 추가,1,0
2026-04-28,17:50,12000,카드,계란말이 추가,2,0
2026-04-28,17:55,9000,간편결제,동치미 국수,1,0
2026-04-28,18:18,13000,카드,들기름 고등어 한상,1,0
2026-04-28,18:54,26000,카드,보리굴비 정식,1,0
2026-04-28,19:08,26000,카드,보리굴비 정식,1,0
2026-04-28,19:15,26000,카드,보리굴비 정식,1,0
2026-04-28,19:16,26000,카드,보리굴비 정식,1,0
2026-04-28,19:41,78000,카드,보리굴비 정식,3,0
2026-04-28,19:49,18000,간편결제,동치미 국수,2,0
2026-04-28,19:54,26000,간편결제,들기름 고등어 한상,2,0
2026-04-28,20:08,9000,간편결제,동치미 국수,1,0
2026-04-28,20:34,78000,카드,보리굴비 정식,3,0
2026-04-28,20:48,13000,간편결제,들기름 고등어 한상,1,0
2026-04-29,11:20,26000,카드,보리굴비 정식,1,0
2026-04-29,11:36,13000,카드,들기름 고등어 한상,1,0
2026-04-29,12:04,21000,카드,묵은지 김치찜,1,0
2026-04-29,12:05,26000,카드,들기름 고등어 한상,2,0
2026-04-29,12:23,13000,카드,들기름 고등어 한상,1,0
2026-04-29,12:23,13000,카드,들기름 고등어 한상,1,0
2026-04-29,13:03,13000,카드,들기름 고등어 한상,1,0
2026-04-29,13:03,9000,카드,동치미 국수,1,0
2026-04-29,13:39,13000,카드,들기름 고등어 한상,1,0
2026-04-29,13:39,21000,카드,묵은지 김치찜,1,0
2026-04-29,13:44,6000,카드,계란말이 추가,1,0
2026-04-29,13:47,52000,현금,보리굴비 정식,2,0
2026-04-29,13:50,42000,카드,묵은지 김치찜,2,0
2026-04-29,13:53,26000,카드,들기름 고등어 한상,2,0
2026-04-29,17:05,18000,간편결제,계란말이 추가,3,0
2026-04-29,17:16,9000,간편결제,동치미 국수,1,0
2026-04-29,17:22,26000,카드,보리굴비 정식,1,0
2026-04-29,17:37,6000,카드,계란말이 추가,1,0
2026-04-29,17:50,52000,카드,보리굴비 정식,2,0
2026-04-29,18:02,6000,카드,계란말이 추가,1,0
2026-04-29,18:09,15000,카드,제철 반상,1,0
2026-04-29,18:13,26000,카드,보리굴비 정식,1,0
2026-04-29,18:13,9000,카드,동치미 국수,1,0
2026-04-29,18:16,17000,카드,소복 정식,1,0
2026-04-29,18:39,9000,카드,동치미 국수,1,0
2026-04-29,18:40,34000,카드,소복 정식,2,0
2026-04-29,18:46,9000,카드,동치미 국수,1,0
2026-04-29,19:21,9000,현금,동치미 국수,1,0
2026-04-29,20:01,6000,카드,계란말이 추가,1,0
2026-04-29,20:09,39000,카드,들기름 고등어 한상,3,0
2026-04-29,20:17,21000,카드,묵은지 김치찜,1,0
2026-04-29,20:23,26000,카드,보리굴비 정식,1,0
2026-04-29,20:45,30000,간편결제,제철 반상,2,0
2026-04-29,20:58,30000,카드,제철 반상,2,0
2026-04-30,11:31,9000,현금,동치미 국수,1,0
2026-04-30,12:00,6000,카드,계란말이 추가,1,0
2026-04-30,12:38,17000,카드,소복 정식,1,0
2026-04-30,13:10,9000,카드,동치미 국수,1,0
2026-04-30,13:30,30000,카드,제철 반상,2,0
2026-04-30,13:30,13000,카드,들기름 고등어 한상,1,0
2026-04-30,13:53,26000,카드,보리굴비 정식,1,0
2026-04-30,17:13,13000,카드,들기름 고등어 한상,1,0
2026-04-30,17:25,34000,카드,소복 정식,2,0
2026-04-30,17:30,15000,카드,제철 반상,1,0
2026-04-30,17:33,42000,현금,묵은지 김치찜,2,0
2026-04-30,17:36,9000,간편결제,동치미 국수,1,0
2026-04-30,17:42,26000,카드,보리굴비 정식,1,0
2026-04-30,17:57,6000,카드,계란말이 추가,1,0
2026-04-30,18:20,9000,카드,동치미 국수,1,0
2026-04-30,18:31,27000,간편결제,동치미 국수,3,0
2026-04-30,18:43,26000,카드,들기름 고등어 한상,2,0
2026-04-30,18:50,15000,카드,제철 반상,1,0
2026-04-30,18:51,18000,간편결제,동치미 국수,2,0
2026-04-30,18:53,15000,현금,제철 반상,1,15000
2026-04-30,18:56,15000,카드,제철 반상,1,0
2026-04-30,19:16,15000,카드,제철 반상,1,0
2026-04-30,19:30,17000,카드,소복 정식,1,0
2026-04-30,20:01,26000,간편결제,보리굴비 정식,1,0
2026-04-30,20:01,13000,카드,들기름 고등어 한상,1,0
2026-04-30,20:16,26000,간편결제,보리굴비 정식,1,0
2026-04-30,20:19,18000,간편결제,동치미 국수,2,0
2026-04-30,20:35,17000,카드,소복 정식,1,0
2026-04-30,20:48,9000,현금,동치미 국수,1,0
2026-04-30,20:48,15000,간편결제,제철 반상,1,0
2026-05-01,11:01,26000,간편결제,보리굴비 정식,1,0
2026-05-01,11:02,26000,카드,보리굴비 정식,1,0
2026-05-01,11:05,17000,카드,소복 정식,1,0
2026-05-01,11:12,15000,카드,제철 반상,1,0
2026-05-01,11:31,26000,카드,보리굴비 정식,1,0
2026-05-01,11:33,15000,간편결제,제철 반상,1,0
2026-05-01,11:43,9000,카드,동치미 국수,1,0
2026-05-01,11:43,13000,현금,들기름 고등어 한상,1,0
2026-05-01,11:57,17000,간편결제,소복 정식,1,0
2026-05-01,11:57,15000,현금,제철 반상,1,0
2026-05-01,11:59,26000,카드,보리굴비 정식,1,0
2026-05-01,12:00,15000,카드,제철 반상,1,0
2026-05-01,12:02,17000,간편결제,소복 정식,1,0
2026-05-01,12:06,26000,간편결제,보리굴비 정식,1,0
2026-05-01,12:13,17000,카드,소복 정식,1,0
2026-05-01,12:24,13000,카드,들기름 고등어 한상,1,0
2026-05-01,12:28,17000,카드,소복 정식,1,0
2026-05-01,12:49,26000,카드,들기름 고등어 한상,2,0
2026-05-01,13:29,52000,카드,보리굴비 정식,2,0
2026-05-01,13:33,12000,간편결제,계란말이 추가,2,0
2026-05-01,13:53,42000,카드,묵은지 김치찜,2,0
2026-05-01,13:58,30000,간편결제,제철 반상,2,0
2026-05-01,17:04,18000,간편결제,동치미 국수,2,0
2026-05-01,17:25,26000,카드,보리굴비 정식,1,0
2026-05-01,17:27,21000,현금,묵은지 김치찜,1,0
2026-05-01,17:28,17000,카드,소복 정식,1,0
2026-05-01,17:32,12000,카드,계란말이 추가,2,0
2026-05-01,17:50,9000,현금,동치미 국수,1,0
2026-05-01,17:57,6000,카드,계란말이 추가,1,0
2026-05-01,18:03,6000,카드,계란말이 추가,1,0
2026-05-01,18:03,9000,카드,동치미 국수,1,0
2026-05-01,18:17,12000,카드,계란말이 추가,2,0
2026-05-01,18:20,26000,간편결제,보리굴비 정식,1,0
2026-05-01,18:24,9000,현금,동치미 국수,1,0
2026-05-01,18:28,13000,카드,들기름 고등어 한상,1,0
2026-05-01,18:38,52000,카드,보리굴비 정식,2,0
2026-05-01,18:57,21000,카드,묵은지 김치찜,1,0
2026-05-01,19:13,21000,카드,묵은지 김치찜,1,0
2026-05-01,19:47,34000,카드,소복 정식,2,0
2026-05-01,19:56,13000,카드,들기름 고등어 한상,1,0
2026-05-01,19:56,17000,카드,소복 정식,1,0
2026-05-01,19:59,15000,카드,제철 반상,1,0
2026-05-01,20:06,17000,카드,소복 정식,1,0
2026-05-01,20:09,6000,카드,계란말이 추가,1,0
2026-05-01,20:28,39000,카드,들기름 고등어 한상,3,0
2026-05-01,20:34,6000,간편결제,계란말이 추가,1,0
2026-05-01,20:35,6000,카드,계란말이 추가,1,0
2026-05-01,20:42,15000,카드,제철 반상,1,0
2026-05-01,20:48,18000,카드,동치미 국수,2,0
2026-05-02,11:05,17000,간편결제,소복 정식,1,0
2026-05-02,11:24,21000,간편결제,묵은지 김치찜,1,0
2026-05-02,11:29,26000,카드,보리굴비 정식,1,0
2026-05-02,11:42,21000,카드,묵은지 김치찜,1,0
2026-05-02,12:01,12000,카드,계란말이 추가,2,0
2026-05-02,12:02,17000,카드,소복 정식,1,0
2026-05-02,12:20,26000,간편결제,들기름 고등어 한상,2,0
2026-05-02,12:32,17000,카드,소복 정식,1,0
2026-05-02,12:46,6000,카드,계란말이 추가,1,0
2026-05-02,12:46,21000,간편결제,묵은지 김치찜,1,0
2026-05-02,12:47,26000,카드,보리굴비 정식,1,0
2026-05-02,12:52,17000,카드,소복 정식,1,0
2026-05-02,12:56,26000,카드,보리굴비 정식,1,0
2026-05-02,13:27,15000,카드,제철 반상,1,0
2026-05-02,13:32,12000,카드,계란말이 추가,2,0
2026-05-02,13:49,30000,간편결제,제철 반상,2,0
2026-05-02,13:55,42000,카드,묵은지 김치찜,2,0
2026-05-02,13:56,6000,카드,계란말이 추가,1,0
2026-05-02,17:13,21000,카드,묵은지 김치찜,1,0
2026-05-02,17:20,26000,카드,보리굴비 정식,1,0
2026-05-02,17:26,15000,카드,제철 반상,1,0
2026-05-02,17:30,26000,카드,보리굴비 정식,1,0
2026-05-02,18:08,6000,카드,계란말이 추가,1,0
2026-05-02,18:13,26000,카드,보리굴비 정식,1,0
2026-05-02,18:26,15000,카드,제철 반상,1,0
2026-05-02,18:39,13000,카드,들기름 고등어 한상,1,0
2026-05-02,18:41,6000,카드,계란말이 추가,1,0
2026-05-02,18:47,21000,카드,묵은지 김치찜,1,0
2026-05-02,19:03,13000,카드,들기름 고등어 한상,1,0
2026-05-02,19:09,17000,간편결제,소복 정식,1,0
2026-05-02,19:27,12000,카드,계란말이 추가,2,0
2026-05-02,19:29,15000,간편결제,제철 반상,1,0
2026-05-02,19:32,26000,카드,보리굴비 정식,1,0
2026-05-02,19:58,21000,카드,묵은지 김치찜,1,0
2026-05-02,20:55,9000,카드,동치미 국수,1,0
2026-05-03,11:38,15000,간편결제,제철 반상,1,0
2026-05-03,11:54,9000,카드,동치미 국수,1,0
2026-05-03,12:05,34000,카드,소복 정식,2,0
2026-05-03,12:17,26000,카드,보리굴비 정식,1,0
2026-05-03,12:32,26000,카드,보리굴비 정식,1,0
2026-05-03,13:07,26000,카드,들기름 고등어 한상,2,0
2026-05-03,13:11,9000,카드,동치미 국수,1,0
2026-05-03,13:12,13000,카드,들기름 고등어 한상,1,0
2026-05-03,13:14,15000,카드,제철 반상,1,0
2026-05-03,13:22,17000,현금,소복 정식,1,0
2026-05-03,13:43,17000,현금,소복 정식,1,0
2026-05-03,13:52,13000,카드,들기름 고등어 한상,1,0
2026-05-03,17:11,13000,카드,들기름 고등어 한상,1,0
2026-05-03,17:21,13000,카드,들기름 고등어 한상,1,0
2026-05-03,17:34,42000,카드,묵은지 김치찜,2,0
2026-05-03,18:01,9000,카드,동치미 국수,1,0
2026-05-03,18:13,12000,카드,계란말이 추가,2,0
2026-05-03,18:20,18000,카드,동치미 국수,2,0
2026-05-03,18:23,17000,간편결제,소복 정식,1,0
2026-05-03,18:39,26000,카드,보리굴비 정식,1,0
2026-05-03,18:57,9000,카드,동치미 국수,1,0
2026-05-03,19:19,30000,카드,제철 반상,2,0
2026-05-03,19:27,42000,카드,묵은지 김치찜,2,0
2026-05-03,19:29,15000,카드,제철 반상,1,0
2026-05-03,19:42,30000,카드,제철 반상,2,0
2026-05-03,19:44,17000,간편결제,소복 정식,1,0
2026-05-03,19:54,9000,카드,동치미 국수,1,0
2026-05-03,20:04,21000,카드,묵은지 김치찜,1,0
2026-05-03,20:17,13000,카드,들기름 고등어 한상,1,0
2026-05-03,20:40,42000,카드,묵은지 김치찜,2,0
2026-05-03,20:55,9000,현금,동치미 국수,1,0
2026-05-04,11:23,6000,간편결제,계란말이 추가,1,0
2026-05-04,11:24,9000,현금,동치미 국수,1,0
2026-05-04,11:41,6000,간편결제,계란말이 추가,1,0
2026-05-04,12:08,17000,카드,소복 정식,1,0
2026-05-04,12:20,15000,카드,제철 반상,1,0
2026-05-04,13:00,12000,간편결제,계란말이 추가,2,0
2026-05-04,13:20,26000,카드,보리굴비 정식,1,0
2026-05-04,13:22,21000,간편결제,묵은지 김치찜,1,0
2026-05-04,13:41,13000,카드,들기름 고등어 한상,1,0
2026-05-04,13:47,13000,카드,들기름 고등어 한상,1,0
2026-05-04,17:02,21000,카드,묵은지 김치찜,1,0
2026-05-04,17:03,15000,현금,제철 반상,1,0
2026-05-04,17:07,26000,카드,보리굴비 정식,1,0
2026-05-04,17:11,30000,카드,제철 반상,2,0
2026-05-04,17:12,9000,간편결제,동치미 국수,1,0
2026-05-04,17:31,26000,간편결제,보리굴비 정식,1,0
2026-05-04,17:54,17000,카드,소복 정식,1,0
2026-05-04,18:09,13000,카드,들기름 고등어 한상,1,0
2026-05-04,18:16,17000,간편결제,소복 정식,1,0
2026-05-04,18:23,21000,간편결제,묵은지 김치찜,1,0
2026-05-04,18:30,17000,카드,소복 정식,1,0
2026-05-04,18:36,26000,현금,들기름 고등어 한상,2,0
2026-05-04,18:51,17000,카드,소복 정식,1,0
2026-05-04,19:04,45000,카드,제철 반상,3,0
2026-05-04,19:26,26000,카드,보리굴비 정식,1,0
2026-05-04,20:20,15000,카드,제철 반상,1,0
2026-05-04,20:34,52000,카드,보리굴비 정식,2,0
2026-05-05,11:01,17000,간편결제,소복 정식,1,0
2026-05-05,11:16,17000,현금,소복 정식,1,0
2026-05-05,11:27,21000,카드,묵은지 김치찜,1,0
2026-05-05,11:28,15000,카드,제철 반상,1,0
2026-05-05,11:28,27000,카드,동치미 국수,3,0
2026-05-05,11:31,9000,카드,동치미 국수,1,0
2026-05-05,12:14,6000,간편결제,계란말이 추가,1,0
2026-05-05,12:21,45000,카드,제철 반상,3,0
2026-05-05,12:22,6000,카드,계란말이 추가,1,0
2026-05-05,12:22,13000,카드,들기름 고등어 한상,1,0
2026-05-05,12:31,42000,카드,묵은지 김치찜,2,0
2026-05-05,12:45,17000,현금,소복 정식,1,0
2026-05-05,13:13,13000,카드,들기름 고등어 한상,1,0
2026-05-05,13:32,17000,간편결제,소복 정식,1,0
2026-05-05,13:41,45000,카드,제철 반상,3,0
2026-05-05,13:43,26000,현금,보리굴비 정식,1,0
2026-05-05,13:48,13000,카드,들기름 고등어 한상,1,0
2026-05-05,17:00,52000,카드,보리굴비 정식,2,0
2026-05-05,17:20,17000,카드,소복 정식,1,0
2026-05-05,17:31,6000,카드,계란말이 추가,1,0
2026-05-05,18:15,26000,카드,들기름 고등어 한상,2,0
2026-05-05,18:17,15000,카드,제철 반상,1,0
2026-05-05,18:26,26000,현금,보리굴비 정식,1,0
2026-05-05,18:36,6000,간편결제,계란말이 추가,1,0
2026-05-05,19:08,26000,카드,보리굴비 정식,1,0
2026-05-05,19:11,26000,카드,보리굴비 정식,1,0
2026-05-05,19:14,17000,카드,소복 정식,1,0
2026-05-05,19:30,42000,카드,묵은지 김치찜,2,0
2026-05-05,19:36,6000,현금,계란말이 추가,1,0
2026-05-05,19:44,6000,현금,계란말이 추가,1,0
2026-05-05,19:48,6000,간편결제,계란말이 추가,1,0
2026-05-05,20:03,17000,카드,소복 정식,1,0
2026-05-05,20:32,34000,카드,소복 정식,2,0
2026-05-06,11:07,17000,카드,소복 정식,1,0
2026-05-06,11:12,9000,카드,동치미 국수,1,0
2026-05-06,11:16,9000,카드,동치미 국수,1,0
2026-05-06,11:23,21000,카드,묵은지 김치찜,1,0
2026-05-06,11:27,12000,간편결제,계란말이 추가,2,0
2026-05-06,11:49,26000,카드,보리굴비 정식,1,0
2026-05-06,12:02,6000,카드,계란말이 추가,1,0
2026-05-06,13:13,17000,카드,소복 정식,1,0
2026-05-06,13:35,13000,카드,들기름 고등어 한상,1,0
2026-05-06,13:36,9000,카드,동치미 국수,1,0
2026-05-06,13:41,6000,카드,계란말이 추가,1,0
2026-05-06,17:11,15000,간편결제,제철 반상,1,0
2026-05-06,17:50,42000,현금,묵은지 김치찜,2,0
2026-05-06,17:51,6000,카드,계란말이 추가,1,0
2026-05-06,17:52,9000,카드,동치미 국수,1,9000
2026-05-06,18:00,13000,카드,들기름 고등어 한상,1,0
2026-05-06,18:09,30000,카드,제철 반상,2,0
2026-05-06,18:15,18000,현금,동치미 국수,2,0
2026-05-06,18:29,21000,카드,묵은지 김치찜,1,0
2026-05-06,18:34,9000,카드,동치미 국수,1,0
2026-05-06,18:57,13000,간편결제,들기름 고등어 한상,1,0
2026-05-06,19:02,15000,카드,제철 반상,1,0
2026-05-06,19:17,52000,간편결제,보리굴비 정식,2,0
2026-05-06,19:24,6000,간편결제,계란말이 추가,1,0
2026-05-06,19:38,18000,현금,동치미 국수,2,0
2026-05-06,19:39,15000,카드,제철 반상,1,0
2026-05-06,19:42,17000,카드,소복 정식,1,0
2026-05-06,19:55,21000,카드,묵은지 김치찜,1,0
2026-05-06,19:59,6000,카드,계란말이 추가,1,0
2026-05-06,20:14,13000,카드,들기름 고등어 한상,1,0
2026-05-06,20:16,18000,카드,동치미 국수,2,0
2026-05-06,20:18,21000,카드,묵은지 김치찜,1,0
2026-05-06,20:18,12000,카드,계란말이 추가,2,0
2026-05-06,20:24,13000,현금,들기름 고등어 한상,1,0
2026-05-06,20:34,15000,카드,제철 반상,1,0
2026-05-06,20:48,6000,간편결제,계란말이 추가,1,0
2026-05-06,20:53,6000,카드,계란말이 추가,1,0
2026-05-07,11:14,12000,카드,계란말이 추가,2,0
2026-05-07,11:39,52000,카드,보리굴비 정식,2,0
2026-05-07,11:46,21000,카드,묵은지 김치찜,1,0
2026-05-07,11:49,18000,카드,동치미 국수,2,0
2026-05-07,11:57,30000,카드,제철 반상,2,0
2026-05-07,12:03,13000,간편결제,들기름 고등어 한상,1,0
2026-05-07,12:06,9000,간편결제,동치미 국수,1,0
2026-05-07,12:22,26000,카드,보리굴비 정식,1,0
2026-05-07,12:27,9000,카드,동치미 국수,1,0
2026-05-07,12:29,15000,간편결제,제철 반상,1,0
2026-05-07,12:39,13000,카드,들기름 고등어 한상,1,0
2026-05-07,13:02,26000,카드,보리굴비 정식,1,0
2026-05-07,13:03,13000,카드,들기름 고등어 한상,1,0
2026-05-07,13:03,51000,카드,소복 정식,3,0
2026-05-07,13:35,6000,카드,계란말이 추가,1,0
2026-05-07,13:46,9000,카드,동치미 국수,1,0
2026-05-07,13:47,34000,카드,소복 정식,2,0
2026-05-07,13:47,26000,현금,보리굴비 정식,1,0
2026-05-07,17:36,26000,카드,보리굴비 정식,1,0
2026-05-07,17:49,52000,카드,보리굴비 정식,2,0
2026-05-07,18:05,21000,카드,묵은지 김치찜,1,0
2026-05-07,18:08,6000,카드,계란말이 추가,1,0
2026-05-07,18:11,6000,간편결제,계란말이 추가,1,0
2026-05-07,18:16,17000,카드,소복 정식,1,0
2026-05-07,18:29,26000,카드,보리굴비 정식,1,0
2026-05-07,19:33,18000,카드,동치미 국수,2,0
2026-05-07,20:02,51000,카드,소복 정식,3,0
2026-05-07,20:14,15000,간편결제,제철 반상,1,0
2026-05-07,20:28,15000,간편결제,제철 반상,1,0
2026-05-07,20:49,15000,카드,제철 반상,1,0
2026-05-07,20:57,13000,카드,들기름 고등어 한상,1,0
2026-05-08,11:05,13000,간편결제,들기름 고등어 한상,1,0
2026-05-08,11:18,26000,카드,보리굴비 정식,1,0
2026-05-08,11:23,21000,간편결제,묵은지 김치찜,1,0
2026-05-08,11:30,30000,간편결제,제철 반상,2,0
2026-05-08,11:40,12000,카드,계란말이 추가,2,0
2026-05-08,11:47,26000,카드,들기름 고등어 한상,2,0
2026-05-08,12:01,15000,현금,제철 반상,1,0
2026-05-08,12:10,21000,카드,묵은지 김치찜,1,0
2026-05-08,12:24,21000,카드,묵은지 김치찜,1,0
2026-05-08,12:32,6000,간편결제,계란말이 추가,1,0
2026-05-08,13:05,13000,간편결제,들기름 고등어 한상,1,0
2026-05-08,13:10,26000,카드,보리굴비 정식,1,0
2026-05-08,13:12,15000,카드,제철 반상,1,0
2026-05-08,13:23,26000,카드,들기름 고등어 한상,2,0
2026-05-08,13:26,15000,현금,제철 반상,1,0
2026-05-08,13:27,51000,카드,소복 정식,3,0
2026-05-08,13:28,52000,카드,보리굴비 정식,2,0
2026-05-08,13:41,26000,카드,보리굴비 정식,1,0
2026-05-08,13:42,15000,현금,제철 반상,1,0
2026-05-08,13:51,9000,간편결제,동치미 국수,1,0
2026-05-08,13:54,17000,카드,소복 정식,1,0
2026-05-08,17:06,9000,간편결제,동치미 국수,1,0
2026-05-08,17:19,13000,카드,들기름 고등어 한상,1,0
2026-05-08,17:22,9000,카드,동치미 국수,1,0
2026-05-08,17:27,9000,카드,동치미 국수,1,0
2026-05-08,17:27,18000,카드,동치미 국수,2,0
2026-05-08,17:30,26000,카드,보리굴비 정식,1,0
2026-05-08,17:41,6000,카드,계란말이 추가,1,6000
2026-05-08,18:06,18000,카드,동치미 국수,2,0
2026-05-08,18:08,17000,현금,소복 정식,1,0
2026-05-08,18:13,9000,간편결제,동치미 국수,1,0
2026-05-08,18:28,6000,카드,계란말이 추가,1,0
2026-05-08,18:42,21000,카드,묵은지 김치찜,1,0
2026-05-08,18:54,17000,카드,소복 정식,1,0
2026-05-08,19:11,13000,현금,들기름 고등어 한상,1,0
2026-05-08,19:14,17000,현금,소복 정식,1,0
2026-05-08,19:36,13000,간편결제,들기름 고등어 한상,1,0
2026-05-08,20:07,13000,간편결제,들기름 고등어 한상,1,0
2026-05-08,20:26,42000,카드,묵은지 김치찜,2,0
2026-05-08,20:53,21000,카드,묵은지 김치찜,1,0
2026-05-09,11:14,13000,현금,들기름 고등어 한상,1,0
2026-05-09,11:16,18000,카드,동치미 국수,2,0
2026-05-09,11:17,18000,카드,동치미 국수,2,0
2026-05-09,11:23,26000,카드,보리굴비 정식,1,0
2026-05-09,11:41,15000,카드,제철 반상,1,0
2026-05-09,12:00,9000,간편결제,동치미 국수,1,0
2026-05-09,12:10,9000,카드,동치미 국수,1,0
2026-05-09,12:16,13000,간편결제,들기름 고등어 한상,1,0
2026-05-09,12:32,34000,카드,소복 정식,2,0
2026-05-09,12:41,17000,현금,소복 정식,1,0
2026-05-09,12:42,17000,카드,소복 정식,1,0
2026-05-09,12:46,6000,카드,계란말이 추가,1,0
2026-05-09,13:01,26000,카드,보리굴비 정식,1,26000
2026-05-09,13:04,26000,현금,보리굴비 정식,1,0
2026-05-09,13:08,42000,카드,묵은지 김치찜,2,0
2026-05-09,13:15,17000,카드,소복 정식,1,0
2026-05-09,13:16,26000,간편결제,들기름 고등어 한상,2,26000
2026-05-09,13:18,15000,간편결제,제철 반상,1,0
2026-05-09,13:22,26000,카드,보리굴비 정식,1,0
2026-05-09,13:31,9000,카드,동치미 국수,1,0
2026-05-09,13:37,13000,카드,들기름 고등어 한상,1,0
2026-05-09,13:38,21000,간편결제,묵은지 김치찜,1,0
2026-05-09,13:44,12000,카드,계란말이 추가,2,0
2026-05-09,17:30,6000,카드,계란말이 추가,1,0
2026-05-09,17:33,26000,카드,보리굴비 정식,1,0
2026-05-09,17:43,18000,간편결제,동치미 국수,2,0
2026-05-09,17:44,63000,카드,묵은지 김치찜,3,0
2026-05-09,17:47,15000,카드,제철 반상,1,0
2026-05-09,17:51,13000,카드,들기름 고등어 한상,1,0
2026-05-09,17:54,21000,간편결제,묵은지 김치찜,1,21000
2026-05-09,17:58,18000,카드,계란말이 추가,3,0
2026-05-09,18:01,15000,간편결제,제철 반상,1,0
2026-05-09,18:26,42000,카드,묵은지 김치찜,2,0
2026-05-09,18:38,6000,카드,계란말이 추가,1,0
2026-05-09,18:50,6000,카드,계란말이 추가,1,0
2026-05-09,19:07,34000,카드,소복 정식,2,0
2026-05-09,19:07,15000,현금,제철 반상,1,0
2026-05-09,19:31,26000,카드,들기름 고등어 한상,2,0
2026-05-09,19:39,13000,카드,들기름 고등어 한상,1,0
2026-05-09,20:04,9000,카드,동치미 국수,1,0
2026-05-09,20:08,13000,카드,들기름 고등어 한상,1,0
2026-05-09,20:14,13000,카드,들기름 고등어 한상,1,0
2026-05-09,20:26,30000,카드,제철 반상,2,0
2026-05-09,20:55,30000,카드,제철 반상,2,0
2026-05-09,20:58,26000,카드,보리굴비 정식,1,0
2026-05-10,11:07,17000,카드,소복 정식,1,0
2026-05-10,11:15,6000,카드,계란말이 추가,1,0
2026-05-10,11:42,9000,카드,동치미 국수,1,0
2026-05-10,11:46,26000,간편결제,보리굴비 정식,1,0
2026-05-10,12:14,9000,카드,동치미 국수,1,0
2026-05-10,12:47,13000,카드,들기름 고등어 한상,1,0
2026-05-10,12:56,26000,카드,보리굴비 정식,1,0
2026-05-10,12:56,30000,카드,제철 반상,2,0
2026-05-10,13:09,9000,카드,동치미 국수,1,9000
2026-05-10,13:21,6000,간편결제,계란말이 추가,1,0
2026-05-10,13:22,26000,카드,보리굴비 정식,1,0
2026-05-10,13:28,26000,간편결제,보리굴비 정식,1,0
2026-05-10,13:31,17000,카드,소복 정식,1,0
2026-05-10,13:41,17000,간편결제,소복 정식,1,0
2026-05-10,13:45,17000,카드,소복 정식,1,0
2026-05-10,13:49,13000,카드,들기름 고등어 한상,1,0
2026-05-10,17:27,21000,카드,묵은지 김치찜,1,0
2026-05-10,17:38,18000,카드,동치미 국수,2,0
2026-05-10,18:15,18000,카드,동치미 국수,2,0
2026-05-10,18:24,78000,간편결제,보리굴비 정식,3,0
2026-05-10,18:28,26000,현금,보리굴비 정식,1,0
2026-05-10,18:38,21000,카드,묵은지 김치찜,1,0
2026-05-10,18:50,6000,간편결제,계란말이 추가,1,0
2026-05-10,19:10,17000,카드,소복 정식,1,0
2026-05-10,19:15,6000,간편결제,계란말이 추가,1,0
2026-05-10,19:22,17000,간편결제,소복 정식,1,0
2026-05-10,19:23,13000,카드,들기름 고등어 한상,1,0
2026-05-10,20:01,9000,현금,동치미 국수,1,0
2026-05-10,20:07,21000,카드,묵은지 김치찜,1,0
2026-05-10,20:11,13000,간편결제,들기름 고등어 한상,1,0
2026-05-10,20:23,9000,간편결제,동치미 국수,1,0
2026-05-10,20:37,6000,카드,계란말이 추가,1,0
2026-05-10,20:41,78000,카드,보리굴비 정식,3,0
2026-05-12,11:05,15000,카드,제철 반상,1,0
2026-05-12,11:08,21000,카드,묵은지 김치찜,1,0
2026-05-12,11:09,26000,카드,보리굴비 정식,1,0
2026-05-12,11:24,13000,카드,들기름 고등어 한상,1,0
2026-05-12,11:37,26000,카드,보리굴비 정식,1,0
2026-05-12,11:44,26000,카드,들기름 고등어 한상,2,0
2026-05-12,11:48,63000,카드,묵은지 김치찜,3,0
2026-05-12,12:23,13000,카드,들기름 고등어 한상,1,0
2026-05-12,12:54,17000,카드,소복 정식,1,0
2026-05-12,12:59,9000,카드,동치미 국수,1,0
2026-05-12,13:04,6000,카드,계란말이 추가,1,0
2026-05-12,13:14,52000,간편결제,보리굴비 정식,2,0
2026-05-12,13:26,15000,카드,제철 반상,1,0
2026-05-12,13:43,13000,카드,들기름 고등어 한상,1,0
2026-05-12,17:50,26000,카드,보리굴비 정식,1,0
2026-05-12,18:27,9000,간편결제,동치미 국수,1,0
2026-05-12,18:28,42000,카드,묵은지 김치찜,2,0
2026-05-12,19:03,42000,현금,묵은지 김치찜,2,0
2026-05-12,19:04,9000,카드,동치미 국수,1,0
2026-05-12,19:22,6000,간편결제,계란말이 추가,1,0
2026-05-12,19:33,42000,카드,묵은지 김치찜,2,0
2026-05-12,19:34,34000,카드,소복 정식,2,0
2026-05-12,19:41,13000,카드,들기름 고등어 한상,1,0
2026-05-12,20:12,15000,카드,제철 반상,1,0
2026-05-12,20:21,30000,카드,제철 반상,2,0
2026-05-12,20:24,15000,카드,제철 반상,1,0
2026-05-12,20:46,13000,간편결제,들기름 고등어 한상,1,0
2026-05-13,11:12,17000,카드,소복 정식,1,0
2026-05-13,11:25,9000,카드,동치미 국수,1,0
2026-05-13,11:29,6000,카드,계란말이 추가,1,0
2026-05-13,11:37,13000,카드,들기름 고등어 한상,1,0
2026-05-13,11:51,52000,카드,보리굴비 정식,2,0
2026-05-13,11:55,52000,카드,보리굴비 정식,2,0
2026-05-13,12:12,17000,카드,소복 정식,1,0
2026-05-13,12:12,21000,카드,묵은지 김치찜,1,0
2026-05-13,12:20,17000,카드,소복 정식,1,0
2026-05-13,12:38,26000,카드,보리굴비 정식,1,0
2026-05-13,12:55,17000,카드,소복 정식,1,0
2026-05-13,13:02,34000,현금,소복 정식,2,0
2026-05-13,13:04,26000,카드,보리굴비 정식,1,0
2026-05-13,13:21,15000,현금,제철 반상,1,0
2026-05-13,13:22,15000,카드,제철 반상,1,0
2026-05-13,13:43,15000,카드,제철 반상,1,0
2026-05-13,17:17,13000,카드,들기름 고등어 한상,1,0
2026-05-13,17:53,17000,카드,소복 정식,1,0
2026-05-13,18:34,9000,간편결제,동치미 국수,1,0
2026-05-13,18:47,6000,카드,계란말이 추가,1,0
2026-05-13,18:55,9000,카드,동치미 국수,1,0
2026-05-13,19:10,15000,카드,제철 반상,1,0
2026-05-13,19:43,6000,카드,계란말이 추가,1,0
2026-05-13,20:09,18000,카드,동치미 국수,2,0
2026-05-13,20:28,6000,카드,계란말이 추가,1,0
2026-05-13,20:45,15000,카드,제철 반상,1,0
2026-05-13,20:58,6000,간편결제,계란말이 추가,1,0
2026-05-14,11:21,15000,카드,제철 반상,1,0
2026-05-14,11:26,15000,카드,제철 반상,1,0
2026-05-14,11:30,6000,간편결제,계란말이 추가,1,0
2026-05-14,11:32,34000,카드,소복 정식,2,0
2026-05-14,11:59,21000,카드,묵은지 김치찜,1,0
2026-05-14,12:00,13000,카드,들기름 고등어 한상,1,0
2026-05-14,12:42,9000,카드,동치미 국수,1,0
2026-05-14,12:50,15000,카드,제철 반상,1,0
2026-05-14,12:51,26000,현금,보리굴비 정식,1,0
2026-05-14,13:15,26000,카드,들기름 고등어 한상,2,0
2026-05-14,13:16,26000,현금,보리굴비 정식,1,0
2026-05-14,17:01,6000,현금,계란말이 추가,1,0
2026-05-14,17:15,6000,카드,계란말이 추가,1,0
2026-05-14,17:18,6000,현금,계란말이 추가,1,0
2026-05-14,17:18,17000,카드,소복 정식,1,0
2026-05-14,17:27,42000,카드,묵은지 김치찜,2,0
2026-05-14,17:41,13000,카드,들기름 고등어 한상,1,0
2026-05-14,17:57,9000,현금,동치미 국수,1,0
2026-05-14,18:03,42000,카드,묵은지 김치찜,2,0
2026-05-14,18:03,26000,카드,보리굴비 정식,1,0
2026-05-14,18:07,21000,현금,묵은지 김치찜,1,0
2026-05-14,18:08,21000,카드,묵은지 김치찜,1,0
2026-05-14,18:10,15000,카드,제철 반상,1,0
2026-05-14,18:19,26000,카드,보리굴비 정식,1,0
2026-05-14,18:46,39000,간편결제,들기름 고등어 한상,3,0
2026-05-14,19:07,17000,카드,소복 정식,1,0
2026-05-14,19:24,21000,카드,묵은지 김치찜,1,0
2026-05-14,19:46,6000,카드,계란말이 추가,1,0
2026-05-14,20:06,18000,카드,동치미 국수,2,0
2026-05-14,20:21,13000,카드,들기름 고등어 한상,1,0
2026-05-14,20:36,6000,간편결제,계란말이 추가,1,0
2026-05-14,20:44,21000,카드,묵은지 김치찜,1,0
2026-05-15,11:07,52000,간편결제,보리굴비 정식,2,0
2026-05-15,11:09,42000,카드,묵은지 김치찜,2,0
2026-05-15,11:28,9000,카드,동치미 국수,1,0
2026-05-15,11:34,15000,현금,제철 반상,1,0
2026-05-15,11:49,9000,간편결제,동치미 국수,1,0
2026-05-15,11:57,26000,간편결제,보리굴비 정식,1,0
2026-05-15,12:15,6000,카드,계란말이 추가,1,0
2026-05-15,12:19,45000,카드,제철 반상,3,0
2026-05-15,12:21,13000,카드,들기름 고등어 한상,1,0
2026-05-15,12:29,26000,카드,보리굴비 정식,1,0
2026-05-15,12:33,52000,카드,보리굴비 정식,2,0
2026-05-15,12:38,6000,카드,계란말이 추가,1,0
2026-05-15,12:45,9000,카드,동치미 국수,1,0
2026-05-15,13:03,17000,간편결제,소복 정식,1,0
2026-05-15,13:38,42000,카드,묵은지 김치찜,2,0
2026-05-15,13:53,6000,카드,계란말이 추가,1,0
2026-05-15,17:06,15000,카드,제철 반상,1,0
2026-05-15,17:25,39000,카드,들기름 고등어 한상,3,0
2026-05-15,17:25,9000,카드,동치미 국수,1,0
2026-05-15,17:45,26000,카드,보리굴비 정식,1,0
2026-05-15,17:51,42000,카드,묵은지 김치찜,2,0
2026-05-15,17:58,21000,카드,묵은지 김치찜,1,0
2026-05-15,18:05,12000,카드,계란말이 추가,2,0
2026-05-15,18:07,15000,카드,제철 반상,1,0
2026-05-15,18:09,17000,카드,소복 정식,1,0
2026-05-15,18:21,6000,카드,계란말이 추가,1,0
2026-05-15,18:22,30000,간편결제,제철 반상,2,0
2026-05-15,18:30,21000,카드,묵은지 김치찜,1,0
2026-05-15,18:43,18000,카드,동치미 국수,2,0
2026-05-15,18:43,18000,카드,동치미 국수,2,0
2026-05-15,18:48,21000,간편결제,묵은지 김치찜,1,0
2026-05-15,18:51,42000,간편결제,묵은지 김치찜,2,0
2026-05-15,19:04,6000,카드,계란말이 추가,1,0
2026-05-15,19:10,17000,카드,소복 정식,1,0
2026-05-15,19:32,6000,카드,계란말이 추가,1,0
2026-05-15,19:34,26000,카드,보리굴비 정식,1,0
2026-05-15,19:53,12000,카드,계란말이 추가,2,0
2026-05-15,20:05,9000,카드,동치미 국수,1,0
2026-05-15,20:12,9000,카드,동치미 국수,1,0
2026-05-15,20:34,15000,카드,제철 반상,1,0
2026-05-15,20:41,6000,카드,계란말이 추가,1,6000
2026-05-15,20:48,17000,카드,소복 정식,1,0
2026-05-15,20:50,9000,카드,동치미 국수,1,0
2026-05-16,11:53,12000,카드,계란말이 추가,2,0
2026-05-16,12:03,13000,카드,들기름 고등어 한상,1,0
2026-05-16,12:26,6000,카드,계란말이 추가,1,0
2026-05-16,12:27,17000,카드,소복 정식,1,0
2026-05-16,12:34,52000,카드,보리굴비 정식,2,0
2026-05-16,12:34,30000,카드,제철 반상,2,0
2026-05-16,13:12,42000,카드,묵은지 김치찜,2,0
2026-05-16,13:16,6000,현금,계란말이 추가,1,0
2026-05-16,13:26,15000,카드,제철 반상,1,0
2026-05-16,13:29,6000,카드,계란말이 추가,1,0
2026-05-16,13:44,21000,카드,묵은지 김치찜,1,0
2026-05-16,13:50,9000,카드,동치미 국수,1,0
2026-05-16,17:34,63000,카드,묵은지 김치찜,3,0
2026-05-16,17:44,26000,카드,들기름 고등어 한상,2,0
2026-05-16,17:45,26000,카드,들기름 고등어 한상,2,0
2026-05-16,18:08,26000,간편결제,보리굴비 정식,1,0
2026-05-16,18:26,17000,간편결제,소복 정식,1,0
2026-05-16,18:27,21000,카드,묵은지 김치찜,1,0
2026-05-16,18:46,26000,카드,보리굴비 정식,1,0
2026-05-16,18:57,13000,카드,들기름 고등어 한상,1,0
2026-05-16,19:03,9000,카드,동치미 국수,1,0
2026-05-16,19:14,9000,카드,동치미 국수,1,9000
2026-05-16,19:14,15000,카드,제철 반상,1,0
2026-05-16,19:24,12000,현금,계란말이 추가,2,0
2026-05-16,19:30,21000,카드,묵은지 김치찜,1,0
2026-05-16,19:35,17000,간편결제,소복 정식,1,0
2026-05-16,19:42,17000,간편결제,소복 정식,1,0
2026-05-16,19:47,13000,현금,들기름 고등어 한상,1,0
2026-05-16,19:47,42000,카드,묵은지 김치찜,2,0
2026-05-16,19:59,15000,카드,제철 반상,1,0
2026-05-16,20:12,30000,카드,제철 반상,2,0
2026-05-16,20:19,26000,카드,들기름 고등어 한상,2,0
2026-05-16,20:19,9000,카드,동치미 국수,1,0
2026-05-16,20:25,21000,카드,묵은지 김치찜,1,0
2026-05-16,20:39,17000,카드,소복 정식,1,0
2026-05-16,20:43,17000,카드,소복 정식,1,0
2026-05-16,20:46,30000,카드,제철 반상,2,0
2026-05-16,20:59,9000,카드,동치미 국수,1,0
2026-05-17,11:04,13000,카드,들기름 고등어 한상,1,0
2026-05-17,11:11,18000,카드,계란말이 추가,3,0
2026-05-17,11:13,17000,간편결제,소복 정식,1,0
2026-05-17,11:13,42000,카드,묵은지 김치찜,2,0
2026-05-17,11:19,9000,카드,동치미 국수,1,9000
2026-05-17,11:45,13000,카드,들기름 고등어 한상,1,0
2026-05-17,11:45,13000,간편결제,들기름 고등어 한상,1,0
2026-05-17,12:17,6000,간편결제,계란말이 추가,1,0
2026-05-17,12:18,21000,카드,묵은지 김치찜,1,0
2026-05-17,12:40,6000,카드,계란말이 추가,1,0
2026-05-17,12:45,6000,카드,계란말이 추가,1,0
2026-05-17,12:54,42000,현금,묵은지 김치찜,2,0
2026-05-17,12:58,78000,카드,보리굴비 정식,3,0
2026-05-17,13:46,9000,카드,동치미 국수,1,0
2026-05-17,13:55,52000,카드,보리굴비 정식,2,0
2026-05-17,17:05,15000,카드,제철 반상,1,0
2026-05-17,17:20,18000,현금,동치미 국수,2,0
2026-05-17,17:28,15000,간편결제,제철 반상,1,0
2026-05-17,17:53,17000,카드,소복 정식,1,0
2026-05-17,18:00,26000,간편결제,보리굴비 정식,1,0
2026-05-17,18:02,18000,간편결제,동치미 국수,2,0
2026-05-17,18:02,17000,카드,소복 정식,1,0
2026-05-17,18:36,6000,간편결제,계란말이 추가,1,0
2026-05-17,18:47,26000,카드,보리굴비 정식,1,0
2026-05-17,19:28,13000,간편결제,들기름 고등어 한상,1,0
2026-05-17,19:35,17000,카드,소복 정식,1,0
2026-05-17,20:19,17000,카드,소복 정식,1,0
2026-05-17,20:54,6000,카드,계란말이 추가,1,0
2026-05-17,20:55,17000,카드,소복 정식,1,0
2026-05-18,11:17,30000,간편결제,제철 반상,2,0
2026-05-18,11:28,34000,카드,소복 정식,2,0
2026-05-18,11:50,21000,카드,묵은지 김치찜,1,0
2026-05-18,12:38,13000,현금,들기름 고등어 한상,1,0
2026-05-18,13:02,17000,카드,소복 정식,1,0
2026-05-18,13:29,18000,카드,동치미 국수,2,0
2026-05-18,13:38,21000,카드,묵은지 김치찜,1,0
2026-05-18,13:41,21000,카드,묵은지 김치찜,1,0
2026-05-18,13:52,6000,간편결제,계란말이 추가,1,0
2026-05-18,17:16,6000,카드,계란말이 추가,1,0
2026-05-18,17:18,6000,카드,계란말이 추가,1,0
2026-05-18,17:19,18000,카드,동치미 국수,2,0
2026-05-18,17:22,9000,카드,동치미 국수,1,0
2026-05-18,17:52,9000,카드,동치미 국수,1,0
2026-05-18,17:53,21000,간편결제,묵은지 김치찜,1,0
2026-05-18,17:56,12000,카드,계란말이 추가,2,0
2026-05-18,18:19,6000,카드,계란말이 추가,1,0
2026-05-18,18:20,15000,카드,제철 반상,1,0
2026-05-18,18:22,6000,현금,계란말이 추가,1,0
2026-05-18,18:29,17000,현금,소복 정식,1,0
2026-05-18,18:53,17000,카드,소복 정식,1,0
2026-05-18,19:00,21000,카드,묵은지 김치찜,1,0
2026-05-18,19:11,21000,카드,묵은지 김치찜,1,0
2026-05-18,19:52,42000,카드,묵은지 김치찜,2,0
2026-05-18,19:56,34000,카드,소복 정식,2,0
2026-05-18,20:11,52000,카드,보리굴비 정식,2,0
2026-05-18,20:14,9000,간편결제,동치미 국수,1,0
2026-05-18,20:30,9000,카드,동치미 국수,1,0
2026-05-18,20:34,6000,카드,계란말이 추가,1,0
2026-05-18,20:53,9000,카드,동치미 국수,1,0
2026-05-19,11:07,13000,카드,들기름 고등어 한상,1,0
2026-05-19,11:24,9000,카드,동치미 국수,1,0
2026-05-19,11:26,9000,카드,동치미 국수,1,0
2026-05-19,11:28,21000,현금,묵은지 김치찜,1,0
2026-05-19,11:35,26000,카드,보리굴비 정식,1,0
2026-05-19,11:41,27000,간편결제,동치미 국수,3,0
2026-05-19,11:42,12000,카드,계란말이 추가,2,0
2026-05-19,12:01,13000,카드,들기름 고등어 한상,1,0
2026-05-19,12:32,9000,카드,동치미 국수,1,0
2026-05-19,12:40,6000,카드,계란말이 추가,1,0
2026-05-19,12:58,15000,카드,제철 반상,1,0
2026-05-19,13:50,9000,카드,동치미 국수,1,0
2026-05-19,13:51,52000,카드,보리굴비 정식,2,0
2026-05-19,17:07,21000,카드,묵은지 김치찜,1,0
2026-05-19,17:14,6000,카드,계란말이 추가,1,0
2026-05-19,17:39,9000,카드,동치미 국수,1,0
2026-05-19,17:41,26000,카드,보리굴비 정식,1,0
2026-05-19,17:49,45000,카드,제철 반상,3,0
2026-05-19,18:23,12000,카드,계란말이 추가,2,0
2026-05-19,18:30,6000,카드,계란말이 추가,1,0
2026-05-19,18:44,21000,카드,묵은지 김치찜,1,0
2026-05-19,19:38,34000,카드,소복 정식,2,0
2026-05-19,20:01,21000,간편결제,묵은지 김치찜,1,0
2026-05-19,20:03,18000,카드,동치미 국수,2,0
2026-05-19,20:10,13000,카드,들기름 고등어 한상,1,0
2026-05-19,20:40,26000,카드,보리굴비 정식,1,0
2026-05-19,20:50,21000,카드,묵은지 김치찜,1,0
2026-05-20,11:08,18000,카드,동치미 국수,2,0
2026-05-20,11:09,9000,카드,동치미 국수,1,0
2026-05-20,11:14,6000,카드,계란말이 추가,1,0
2026-05-20,11:34,9000,현금,동치미 국수,1,0
2026-05-20,11:35,26000,카드,들기름 고등어 한상,2,0
2026-05-20,11:44,6000,카드,계란말이 추가,1,0
2026-05-20,11:51,17000,카드,소복 정식,1,0
2026-05-20,11:55,6000,카드,계란말이 추가,1,0
2026-05-20,12:01,21000,카드,묵은지 김치찜,1,0
2026-05-20,12:06,15000,간편결제,제철 반상,1,0
2026-05-20,12:13,12000,카드,계란말이 추가,2,0
2026-05-20,12:16,9000,카드,동치미 국수,1,0
2026-05-20,12:29,17000,카드,소복 정식,1,0
2026-05-20,12:29,34000,현금,소복 정식,2,0
2026-05-20,13:01,42000,간편결제,묵은지 김치찜,2,0
2026-05-20,13:09,6000,카드,계란말이 추가,1,0
2026-05-20,13:20,17000,카드,소복 정식,1,0
2026-05-20,13:31,26000,카드,보리굴비 정식,1,0
2026-05-20,17:04,12000,카드,계란말이 추가,2,0
2026-05-20,18:02,13000,카드,들기름 고등어 한상,1,0
2026-05-20,18:18,34000,카드,소복 정식,2,0
2026-05-20,18:19,17000,카드,소복 정식,1,0
2026-05-20,19:02,9000,카드,동치미 국수,1,0
2026-05-20,19:12,15000,카드,제철 반상,1,0
2026-05-20,19:19,17000,카드,소복 정식,1,0
2026-05-20,19:30,21000,현금,묵은지 김치찜,1,0
2026-05-20,19:56,12000,카드,계란말이 추가,2,0
2026-05-20,20:40,21000,카드,묵은지 김치찜,1,0
2026-05-20,20:46,30000,간편결제,제철 반상,2,0
2026-05-21,11:10,42000,카드,묵은지 김치찜,2,0
2026-05-21,11:25,15000,카드,제철 반상,1,0
2026-05-21,11:26,15000,간편결제,제철 반상,1,0
2026-05-21,12:05,17000,카드,소복 정식,1,0
2026-05-21,12:07,15000,간편결제,제철 반상,1,0
2026-05-21,12:11,9000,현금,동치미 국수,1,0
2026-05-21,12:21,15000,카드,제철 반상,1,0
2026-05-21,12:33,13000,카드,들기름 고등어 한상,1,0
2026-05-21,12:39,9000,카드,동치미 국수,1,0
2026-05-21,12:43,18000,카드,동치미 국수,2,0
2026-05-21,12:58,17000,카드,소복 정식,1,0
2026-05-21,13:25,30000,카드,제철 반상,2,0
2026-05-21,13:30,15000,간편결제,제철 반상,1,0
2026-05-21,13:31,15000,카드,제철 반상,1,0
2026-05-21,13:58,17000,카드,소복 정식,1,0
2026-05-21,13:58,26000,현금,보리굴비 정식,1,0
2026-05-21,17:02,9000,카드,동치미 국수,1,0
2026-05-21,17:17,26000,카드,들기름 고등어 한상,2,0
2026-05-21,17:19,15000,간편결제,제철 반상,1,0
2026-05-21,17:48,13000,간편결제,들기름 고등어 한상,1,0
2026-05-21,17:55,9000,카드,동치미 국수,1,0
2026-05-21,18:30,51000,간편결제,소복 정식,3,0
2026-05-21,18:31,21000,카드,묵은지 김치찜,1,0
2026-05-21,18:38,26000,카드,보리굴비 정식,1,0
2026-05-21,18:44,34000,간편결제,소복 정식,2,0
2026-05-21,18:58,21000,카드,묵은지 김치찜,1,0
2026-05-21,19:23,30000,간편결제,제철 반상,2,0
2026-05-21,19:54,9000,카드,동치미 국수,1,0
2026-05-21,20:07,17000,현금,소복 정식,1,0
2026-05-21,20:16,52000,카드,보리굴비 정식,2,0
2026-05-21,20:26,6000,카드,계란말이 추가,1,0
2026-05-21,20:28,13000,현금,들기름 고등어 한상,1,0
2026-05-21,20:32,78000,카드,보리굴비 정식,3,78000
2026-05-21,20:37,26000,현금,보리굴비 정식,1,0
2026-05-22,11:00,9000,카드,동치미 국수,1,0
2026-05-22,11:24,15000,카드,제철 반상,1,0
2026-05-22,11:33,9000,카드,동치미 국수,1,0
2026-05-22,11:45,12000,카드,계란말이 추가,2,0
2026-05-22,12:01,12000,카드,계란말이 추가,2,0
2026-05-22,12:10,17000,카드,소복 정식,1,0
2026-05-22,12:32,13000,현금,들기름 고등어 한상,1,0
2026-05-22,12:36,9000,간편결제,동치미 국수,1,0
2026-05-22,12:58,52000,카드,보리굴비 정식,2,0
2026-05-22,13:23,26000,카드,들기름 고등어 한상,2,0
2026-05-22,13:30,39000,카드,들기름 고등어 한상,3,0
2026-05-22,13:46,13000,카드,들기름 고등어 한상,1,0
2026-05-22,13:57,13000,카드,들기름 고등어 한상,1,0
2026-05-22,17:17,18000,카드,동치미 국수,2,0
2026-05-22,17:23,9000,카드,동치미 국수,1,0
2026-05-22,17:40,30000,간편결제,제철 반상,2,0
2026-05-22,17:41,6000,카드,계란말이 추가,1,0
2026-05-22,17:52,26000,카드,보리굴비 정식,1,0
2026-05-22,17:53,26000,카드,보리굴비 정식,1,0
2026-05-22,18:03,17000,현금,소복 정식,1,0
2026-05-22,18:04,26000,간편결제,보리굴비 정식,1,0
2026-05-22,18:09,21000,카드,묵은지 김치찜,1,0
2026-05-22,18:22,15000,카드,제철 반상,1,0
2026-05-22,18:32,12000,간편결제,계란말이 추가,2,0
2026-05-22,18:50,13000,카드,들기름 고등어 한상,1,0
2026-05-22,19:10,30000,카드,제철 반상,2,0
2026-05-22,19:40,21000,카드,묵은지 김치찜,1,0
2026-05-22,19:50,17000,카드,소복 정식,1,0
2026-05-22,19:51,13000,카드,들기름 고등어 한상,1,0
2026-05-22,19:54,63000,카드,묵은지 김치찜,3,0
2026-05-22,20:04,12000,카드,계란말이 추가,2,0
2026-05-22,20:07,9000,카드,동치미 국수,1,0
2026-05-22,20:09,34000,카드,소복 정식,2,0
2026-05-22,20:18,34000,간편결제,소복 정식,2,0
2026-05-22,20:25,9000,카드,동치미 국수,1,0
2026-05-22,20:45,42000,간편결제,묵은지 김치찜,2,0
2026-05-22,20:46,9000,카드,동치미 국수,1,0
2026-05-22,20:47,26000,간편결제,들기름 고등어 한상,2,0
2026-05-22,20:53,17000,간편결제,소복 정식,1,0
2026-05-23,11:06,9000,카드,동치미 국수,1,0
2026-05-23,11:16,78000,카드,보리굴비 정식,3,0
2026-05-23,11:25,12000,카드,계란말이 추가,2,0
2026-05-23,11:41,13000,카드,들기름 고등어 한상,1,0
2026-05-23,12:03,9000,카드,동치미 국수,1,0
2026-05-23,12:10,26000,간편결제,보리굴비 정식,1,0
2026-05-23,12:12,42000,카드,묵은지 김치찜,2,0
2026-05-23,12:15,17000,간편결제,소복 정식,1,0
2026-05-23,12:15,34000,현금,소복 정식,2,0
2026-05-23,12:23,15000,간편결제,제철 반상,1,0
2026-05-23,12:26,12000,카드,계란말이 추가,2,0
2026-05-23,12:36,17000,간편결제,소복 정식,1,0
2026-05-23,12:51,6000,카드,계란말이 추가,1,0
2026-05-23,12:52,13000,카드,들기름 고등어 한상,1,0
2026-05-23,12:58,52000,카드,보리굴비 정식,2,0
2026-05-23,13:11,17000,카드,소복 정식,1,0
2026-05-23,13:22,13000,간편결제,들기름 고등어 한상,1,0
2026-05-23,13:47,17000,카드,소복 정식,1,0
2026-05-23,13:49,12000,카드,계란말이 추가,2,0
2026-05-23,13:54,26000,카드,보리굴비 정식,1,0
2026-05-23,13:58,26000,카드,보리굴비 정식,1,0
2026-05-23,17:06,26000,카드,보리굴비 정식,1,0
2026-05-23,17:19,13000,현금,들기름 고등어 한상,1,0
2026-05-23,17:29,6000,간편결제,계란말이 추가,1,0
2026-05-23,17:43,52000,간편결제,보리굴비 정식,2,0
2026-05-23,17:52,9000,카드,동치미 국수,1,0
2026-05-23,18:08,52000,카드,보리굴비 정식,2,0
2026-05-23,18:11,15000,카드,제철 반상,1,0
2026-05-23,18:16,18000,간편결제,동치미 국수,2,0
2026-05-23,18:24,30000,카드,제철 반상,2,0
2026-05-23,18:35,6000,카드,계란말이 추가,1,0
2026-05-23,18:35,6000,카드,계란말이 추가,1,0
2026-05-23,18:55,17000,간편결제,소복 정식,1,0
2026-05-23,18:56,13000,카드,들기름 고등어 한상,1,13000
2026-05-23,19:05,21000,카드,묵은지 김치찜,1,0
2026-05-23,19:09,18000,현금,동치미 국수,2,0
2026-05-23,19:11,13000,현금,들기름 고등어 한상,1,0
2026-05-23,19:26,6000,카드,계란말이 추가,1,0
2026-05-23,19:40,13000,카드,들기름 고등어 한상,1,0
2026-05-23,20:02,30000,카드,제철 반상,2,0
2026-05-23,20:06,39000,카드,들기름 고등어 한상,3,0
2026-05-23,20:49,26000,카드,보리굴비 정식,1,0
2026-05-23,20:52,21000,카드,묵은지 김치찜,1,0
2026-05-23,20:58,52000,카드,보리굴비 정식,2,0
2026-05-24,11:01,17000,카드,소복 정식,1,0
2026-05-24,11:08,26000,카드,보리굴비 정식,1,0
2026-05-24,11:10,52000,카드,보리굴비 정식,2,0
2026-05-24,11:11,30000,간편결제,제철 반상,2,0
2026-05-24,11:49,9000,현금,동치미 국수,1,0
2026-05-24,11:50,26000,간편결제,들기름 고등어 한상,2,0
2026-05-24,11:56,34000,카드,소복 정식,2,0
2026-05-24,12:42,34000,간편결제,소복 정식,2,0
2026-05-24,12:47,13000,현금,들기름 고등어 한상,1,0
2026-05-24,12:50,9000,간편결제,동치미 국수,1,0
2026-05-24,12:55,15000,카드,제철 반상,1,0
2026-05-24,12:57,39000,카드,들기름 고등어 한상,3,0
2026-05-24,13:11,15000,카드,제철 반상,1,0
2026-05-24,13:13,21000,카드,묵은지 김치찜,1,0
2026-05-24,13:25,15000,간편결제,제철 반상,1,0
2026-05-24,13:35,17000,카드,소복 정식,1,0
2026-05-24,13:39,26000,카드,보리굴비 정식,1,0
2026-05-24,13:51,6000,카드,계란말이 추가,1,0
2026-05-24,17:37,13000,카드,들기름 고등어 한상,1,0
2026-05-24,17:39,26000,카드,보리굴비 정식,1,0
2026-05-24,17:54,9000,카드,동치미 국수,1,0
2026-05-24,18:00,17000,카드,소복 정식,1,0
2026-05-24,18:27,17000,간편결제,소복 정식,1,0
2026-05-24,18:39,21000,카드,묵은지 김치찜,1,0
2026-05-24,18:57,17000,카드,소복 정식,1,0
2026-05-24,19:01,9000,카드,동치미 국수,1,0
2026-05-24,19:18,13000,카드,들기름 고등어 한상,1,0
2026-05-24,19:29,18000,카드,동치미 국수,2,0
2026-05-24,19:36,9000,카드,동치미 국수,1,0
2026-05-24,19:41,17000,간편결제,소복 정식,1,0
2026-05-24,20:06,13000,간편결제,들기름 고등어 한상,1,0
2026-05-24,20:08,21000,카드,묵은지 김치찜,1,0
2026-05-24,20:50,9000,카드,동치미 국수,1,0
2026-05-26,11:50,9000,카드,동치미 국수,1,0
2026-05-26,11:57,6000,카드,계란말이 추가,1,0
2026-05-26,12:13,15000,현금,제철 반상,1,0
2026-05-26,13:07,21000,간편결제,묵은지 김치찜,1,0
2026-05-26,13:09,15000,카드,제철 반상,1,0
2026-05-26,13:13,26000,카드,보리굴비 정식,1,0
2026-05-26,13:43,15000,카드,제철 반상,1,0
2026-05-26,13:43,21000,간편결제,묵은지 김치찜,1,0
2026-05-26,13:44,78000,카드,보리굴비 정식,3,0
2026-05-26,13:48,17000,카드,소복 정식,1,0
2026-05-26,17:16,17000,간편결제,소복 정식,1,0
2026-05-26,17:23,15000,간편결제,제철 반상,1,0
2026-05-26,17:36,42000,카드,묵은지 김치찜,2,0
2026-05-26,18:14,9000,카드,동치미 국수,1,0
2026-05-26,18:18,13000,카드,들기름 고등어 한상,1,0
2026-05-26,18:20,26000,카드,보리굴비 정식,1,0
2026-05-26,18:27,30000,간편결제,제철 반상,2,0
2026-05-26,18:31,13000,간편결제,들기름 고등어 한상,1,0
2026-05-26,18:31,15000,카드,제철 반상,1,0
2026-05-26,18:32,6000,카드,계란말이 추가,1,0
2026-05-26,18:32,30000,간편결제,제철 반상,2,0
2026-05-26,18:40,15000,카드,제철 반상,1,0
2026-05-26,18:47,15000,현금,제철 반상,1,0
2026-05-26,18:55,13000,간편결제,들기름 고등어 한상,1,0
2026-05-26,18:59,17000,카드,소복 정식,1,0
2026-05-26,19:08,9000,카드,동치미 국수,1,0
2026-05-26,19:29,13000,간편결제,들기름 고등어 한상,1,0
2026-05-26,19:44,12000,간편결제,계란말이 추가,2,0
2026-05-26,19:53,26000,카드,보리굴비 정식,1,0
2026-05-26,20:13,26000,카드,보리굴비 정식,1,0
2026-05-26,20:27,17000,간편결제,소복 정식,1,0
2026-05-26,20:28,12000,카드,계란말이 추가,2,0
2026-05-26,20:36,9000,카드,동치미 국수,1,0
2026-05-27,11:20,15000,카드,제철 반상,1,0
2026-05-27,11:23,42000,카드,묵은지 김치찜,2,0
2026-05-27,11:23,17000,카드,소복 정식,1,0
2026-05-27,11:34,63000,카드,묵은지 김치찜,3,0
2026-05-27,11:47,17000,간편결제,소복 정식,1,0
2026-05-27,11:48,26000,간편결제,보리굴비 정식,1,0
2026-05-27,11:49,17000,카드,소복 정식,1,0
2026-05-27,11:59,26000,카드,보리굴비 정식,1,0
2026-05-27,12:06,6000,간편결제,계란말이 추가,1,0
2026-05-27,12:08,26000,카드,보리굴비 정식,1,0
2026-05-27,12:13,9000,카드,동치미 국수,1,0
2026-05-27,12:14,17000,카드,소복 정식,1,0
2026-05-27,12:44,12000,카드,계란말이 추가,2,0
2026-05-27,12:57,13000,현금,들기름 고등어 한상,1,0
2026-05-27,13:02,21000,간편결제,묵은지 김치찜,1,0
2026-05-27,13:14,15000,카드,제철 반상,1,0
2026-05-27,13:40,9000,카드,동치미 국수,1,0
2026-05-27,17:08,34000,카드,소복 정식,2,0
2026-05-27,17:24,21000,현금,묵은지 김치찜,1,0
2026-05-27,17:53,15000,카드,제철 반상,1,0
2026-05-27,18:05,15000,카드,제철 반상,1,0
2026-05-27,18:13,52000,카드,보리굴비 정식,2,0
2026-05-27,18:19,6000,카드,계란말이 추가,1,0
2026-05-27,18:19,13000,카드,들기름 고등어 한상,1,0
2026-05-27,18:40,13000,카드,들기름 고등어 한상,1,0
2026-05-27,18:51,21000,간편결제,묵은지 김치찜,1,0
2026-05-27,18:53,26000,현금,보리굴비 정식,1,0
2026-05-27,18:55,13000,카드,들기름 고등어 한상,1,0
2026-05-27,19:53,21000,카드,묵은지 김치찜,1,0
2026-05-27,20:45,9000,카드,동치미 국수,1,0
2026-05-27,20:55,52000,카드,보리굴비 정식,2,0
2026-05-28,11:01,21000,카드,묵은지 김치찜,1,0
2026-05-28,11:13,9000,간편결제,동치미 국수,1,0
2026-05-28,11:15,63000,카드,묵은지 김치찜,3,0
2026-05-28,11:28,15000,카드,제철 반상,1,0
2026-05-28,11:46,52000,카드,보리굴비 정식,2,0
2026-05-28,11:49,52000,카드,보리굴비 정식,2,0
2026-05-28,11:54,13000,간편결제,들기름 고등어 한상,1,0
2026-05-28,12:12,9000,카드,동치미 국수,1,0
2026-05-28,12:34,9000,카드,동치미 국수,1,0
2026-05-28,12:53,26000,간편결제,들기름 고등어 한상,2,0
2026-05-28,12:54,18000,현금,동치미 국수,2,0
2026-05-28,13:15,26000,카드,보리굴비 정식,1,0
2026-05-28,13:47,42000,카드,묵은지 김치찜,2,0
2026-05-28,17:20,13000,카드,들기름 고등어 한상,1,0
2026-05-28,17:20,15000,현금,제철 반상,1,0
2026-05-28,17:20,34000,카드,소복 정식,2,0
2026-05-28,17:27,15000,현금,제철 반상,1,0
2026-05-28,18:00,26000,현금,보리굴비 정식,1,0
2026-05-28,18:01,13000,간편결제,들기름 고등어 한상,1,0
2026-05-28,18:24,42000,카드,묵은지 김치찜,2,0
2026-05-28,18:36,17000,카드,소복 정식,1,0
2026-05-28,18:51,52000,카드,보리굴비 정식,2,0
2026-05-28,18:57,15000,간편결제,제철 반상,1,15000
2026-05-28,19:00,9000,간편결제,동치미 국수,1,0
2026-05-28,19:54,26000,카드,보리굴비 정식,1,0
2026-05-28,19:57,17000,카드,소복 정식,1,0
2026-05-28,20:42,13000,카드,들기름 고등어 한상,1,0
2026-05-28,20:46,18000,카드,동치미 국수,2,0
2026-05-28,20:49,21000,카드,묵은지 김치찜,1,21000
2026-05-28,20:49,45000,카드,제철 반상,3,0
2026-05-29,11:02,17000,카드,소복 정식,1,0
2026-05-29,11:17,15000,카드,제철 반상,1,0
2026-05-29,11:17,30000,간편결제,제철 반상,2,0
2026-05-29,11:22,52000,간편결제,보리굴비 정식,2,0
2026-05-29,11:38,17000,카드,소복 정식,1,0
2026-05-29,11:54,34000,간편결제,소복 정식,2,0
2026-05-29,12:00,6000,현금,계란말이 추가,1,0
2026-05-29,12:03,63000,현금,묵은지 김치찜,3,0
2026-05-29,12:05,15000,카드,제철 반상,1,0
2026-05-29,12:39,6000,카드,계란말이 추가,1,0
2026-05-29,13:00,78000,카드,보리굴비 정식,3,0
2026-05-29,13:01,18000,카드,동치미 국수,2,0
2026-05-29,13:03,21000,카드,묵은지 김치찜,1,0
2026-05-29,13:14,21000,카드,묵은지 김치찜,1,0
2026-05-29,13:17,9000,카드,동치미 국수,1,0
2026-05-29,13:29,15000,카드,제철 반상,1,0
2026-05-29,13:49,34000,카드,소복 정식,2,0
2026-05-29,13:52,9000,카드,동치미 국수,1,0
2026-05-29,13:53,6000,카드,계란말이 추가,1,0
2026-05-29,13:59,21000,카드,묵은지 김치찜,1,0
2026-05-29,17:20,9000,카드,동치미 국수,1,0
2026-05-29,17:27,17000,간편결제,소복 정식,1,0
2026-05-29,17:29,27000,카드,동치미 국수,3,0
2026-05-29,17:34,34000,현금,소복 정식,2,0
2026-05-29,17:47,30000,현금,제철 반상,2,0
2026-05-29,17:48,45000,현금,제철 반상,3,0
2026-05-29,18:06,17000,카드,소복 정식,1,0
2026-05-29,18:10,15000,카드,제철 반상,1,0
2026-05-29,18:12,21000,카드,묵은지 김치찜,1,0
2026-05-29,18:20,15000,간편결제,제철 반상,1,0
2026-05-29,18:33,15000,카드,제철 반상,1,0
2026-05-29,18:34,6000,카드,계란말이 추가,1,0
2026-05-29,18:40,15000,카드,제철 반상,1,0
2026-05-29,18:49,12000,카드,계란말이 추가,2,0
2026-05-29,18:57,13000,카드,들기름 고등어 한상,1,0
2026-05-29,19:12,21000,현금,묵은지 김치찜,1,0
2026-05-29,19:24,26000,카드,보리굴비 정식,1,0
2026-05-29,19:27,17000,카드,소복 정식,1,0
2026-05-29,19:32,13000,카드,들기름 고등어 한상,1,0
2026-05-29,19:33,26000,카드,보리굴비 정식,1,0
2026-05-29,19:39,26000,카드,보리굴비 정식,1,0
2026-05-29,19:48,6000,카드,계란말이 추가,1,0
2026-05-29,20:14,6000,카드,계란말이 추가,1,0
2026-05-29,20:26,17000,카드,소복 정식,1,0
2026-05-29,20:39,34000,카드,소복 정식,2,0
2026-05-30,11:15,9000,간편결제,동치미 국수,1,0
2026-05-30,11:20,17000,카드,소복 정식,1,0
2026-05-30,11:29,9000,카드,동치미 국수,1,0
2026-05-30,11:31,26000,카드,들기름 고등어 한상,2,0
2026-05-30,11:42,12000,간편결제,계란말이 추가,2,0
2026-05-30,11:54,6000,카드,계란말이 추가,1,6000
2026-05-30,12:04,6000,카드,계란말이 추가,1,0
2026-05-30,12:05,9000,현금,동치미 국수,1,0
2026-05-30,12:20,26000,카드,보리굴비 정식,1,0
2026-05-30,12:32,15000,카드,제철 반상,1,0
2026-05-30,12:43,13000,카드,들기름 고등어 한상,1,0
2026-05-30,13:02,9000,카드,동치미 국수,1,0
2026-05-30,13:11,9000,간편결제,동치미 국수,1,0
2026-05-30,13:14,45000,카드,제철 반상,3,0
2026-05-30,13:26,52000,간편결제,보리굴비 정식,2,0
2026-05-30,13:33,42000,카드,묵은지 김치찜,2,0
2026-05-30,13:51,15000,카드,제철 반상,1,0
2026-05-30,13:55,13000,간편결제,들기름 고등어 한상,1,0
2026-05-30,13:59,18000,카드,동치미 국수,2,0
2026-05-30,17:00,17000,카드,소복 정식,1,0
2026-05-30,17:12,21000,간편결제,묵은지 김치찜,1,0
2026-05-30,17:21,52000,카드,보리굴비 정식,2,0
2026-05-30,17:44,13000,카드,들기름 고등어 한상,1,0
2026-05-30,17:58,17000,간편결제,소복 정식,1,0
2026-05-30,18:08,52000,카드,보리굴비 정식,2,0
2026-05-30,18:41,13000,카드,들기름 고등어 한상,1,0
2026-05-30,18:43,27000,간편결제,동치미 국수,3,0
2026-05-30,18:50,17000,카드,소복 정식,1,0
2026-05-30,18:58,6000,카드,계란말이 추가,1,0
2026-05-30,19:13,21000,카드,묵은지 김치찜,1,0
2026-05-30,19:26,17000,카드,소복 정식,1,0
2026-05-30,19:48,26000,간편결제,보리굴비 정식,1,0
2026-05-30,19:58,27000,카드,동치미 국수,3,0
2026-05-30,20:09,26000,카드,보리굴비 정식,1,0
2026-05-30,20:14,18000,카드,동치미 국수,2,0
2026-05-30,20:30,30000,카드,제철 반상,2,0
2026-05-30,20:45,13000,간편결제,들기름 고등어 한상,1,13000
2026-05-30,20:57,21000,카드,묵은지 김치찜,1,0
2026-05-31,11:08,17000,카드,소복 정식,1,0
2026-05-31,11:25,21000,카드,묵은지 김치찜,1,21000
2026-05-31,11:28,6000,카드,계란말이 추가,1,0
2026-05-31,11:31,17000,간편결제,소복 정식,1,0
2026-05-31,11:33,42000,카드,묵은지 김치찜,2,0
2026-05-31,11:33,30000,카드,제철 반상,2,0
2026-05-31,12:06,9000,카드,동치미 국수,1,0
2026-05-31,12:12,9000,카드,동치미 국수,1,0
2026-05-31,12:23,34000,카드,소복 정식,2,0
2026-05-31,12:33,18000,카드,동치미 국수,2,0
2026-05-31,12:42,26000,카드,들기름 고등어 한상,2,0
2026-05-31,12:43,26000,카드,보리굴비 정식,1,0
2026-05-31,13:24,26000,카드,보리굴비 정식,1,0
2026-05-31,13:51,78000,카드,보리굴비 정식,3,0
2026-05-31,17:29,21000,카드,묵은지 김치찜,1,0
2026-05-31,17:37,15000,카드,제철 반상,1,0
2026-05-31,17:39,15000,카드,제철 반상,1,0
2026-05-31,18:07,9000,카드,동치미 국수,1,0
2026-05-31,18:36,13000,현금,들기름 고등어 한상,1,0
2026-05-31,19:06,26000,카드,보리굴비 정식,1,0
2026-05-31,19:13,42000,카드,묵은지 김치찜,2,0
2026-05-31,19:13,27000,카드,동치미 국수,3,0
2026-05-31,19:18,17000,간편결제,소복 정식,1,0
2026-05-31,19:25,26000,카드,들기름 고등어 한상,2,0
2026-05-31,19:30,42000,카드,묵은지 김치찜,2,0
2026-05-31,19:37,13000,카드,들기름 고등어 한상,1,0
2026-05-31,19:38,15000,카드,제철 반상,1,0
2026-05-31,19:47,15000,간편결제,제철 반상,1,0
2026-05-31,20:05,6000,카드,계란말이 추가,1,0
2026-05-31,20:31,6000,현금,계란말이 추가,1,0
2026-05-31,20:40,17000,간편결제,소복 정식,1,0
2026-05-31,20:44,13000,간편결제,들기름 고등어 한상,1,0
2026-05-31,20:51,15000,카드,제철 반상,1,0
2026-06-01,11:02,13000,카드,들기름 고등어 한상,1,0
2026-06-01,11:18,9000,카드,동치미 국수,1,0
2026-06-01,11:32,12000,간편결제,계란말이 추가,2,0
2026-06-01,11:40,34000,카드,소복 정식,2,0
2026-06-01,11:43,9000,카드,동치미 국수,1,0
2026-06-01,11:44,52000,간편결제,보리굴비 정식,2,0
2026-06-01,11:46,6000,간편결제,계란말이 추가,1,0
2026-06-01,11:55,9000,카드,동치미 국수,1,0
2026-06-01,12:28,26000,현금,보리굴비 정식,1,0
2026-06-01,12:36,15000,카드,제철 반상,1,0
2026-06-01,12:53,9000,카드,동치미 국수,1,0
2026-06-01,13:23,34000,카드,소복 정식,2,0
2026-06-01,13:23,15000,간편결제,제철 반상,1,0
2026-06-01,13:29,15000,현금,제철 반상,1,0
2026-06-01,13:52,9000,카드,동치미 국수,1,0
2026-06-01,17:35,13000,카드,들기름 고등어 한상,1,0
2026-06-01,17:50,42000,현금,묵은지 김치찜,2,0
2026-06-01,18:52,6000,카드,계란말이 추가,1,0
2026-06-01,19:00,15000,카드,제철 반상,1,0
2026-06-01,19:21,17000,카드,소복 정식,1,0
2026-06-01,19:38,26000,카드,보리굴비 정식,1,0
2026-06-01,19:50,9000,카드,동치미 국수,1,0
2026-06-01,20:05,13000,간편결제,들기름 고등어 한상,1,0
2026-06-01,20:06,13000,카드,들기름 고등어 한상,1,0
2026-06-02,11:28,13000,카드,들기름 고등어 한상,1,0
2026-06-02,11:37,13000,카드,들기름 고등어 한상,1,0
2026-06-02,12:28,15000,카드,제철 반상,1,0
2026-06-02,12:50,13000,간편결제,들기름 고등어 한상,1,0
2026-06-02,13:01,26000,카드,보리굴비 정식,1,0
2026-06-02,13:07,17000,카드,소복 정식,1,0
2026-06-02,13:10,21000,카드,묵은지 김치찜,1,0
2026-06-02,13:12,17000,간편결제,소복 정식,1,0
2026-06-02,13:37,18000,간편결제,동치미 국수,2,0
2026-06-02,13:37,21000,카드,묵은지 김치찜,1,0
2026-06-02,13:42,21000,카드,묵은지 김치찜,1,0
2026-06-02,17:00,26000,카드,보리굴비 정식,1,0
2026-06-02,17:11,26000,간편결제,보리굴비 정식,1,0
2026-06-02,17:41,6000,카드,계란말이 추가,1,0
2026-06-02,18:04,17000,카드,소복 정식,1,0
2026-06-02,18:07,17000,카드,소복 정식,1,0
2026-06-02,18:21,17000,카드,소복 정식,1,0
2026-06-02,18:24,12000,카드,계란말이 추가,2,0
2026-06-02,18:40,9000,카드,동치미 국수,1,0
2026-06-02,18:44,21000,카드,묵은지 김치찜,1,0
2026-06-02,18:58,13000,카드,들기름 고등어 한상,1,0
2026-06-02,19:04,26000,카드,보리굴비 정식,1,0
2026-06-02,19:06,9000,카드,동치미 국수,1,0
2026-06-02,19:09,6000,카드,계란말이 추가,1,0
2026-06-02,19:10,12000,현금,계란말이 추가,2,0
2026-06-02,19:17,15000,카드,제철 반상,1,0
2026-06-02,19:38,6000,카드,계란말이 추가,1,0
2026-06-02,19:40,9000,카드,동치미 국수,1,0
2026-06-02,19:43,9000,카드,동치미 국수,1,0
2026-06-02,20:15,30000,간편결제,제철 반상,2,0
2026-06-02,20:20,21000,카드,묵은지 김치찜,1,0
2026-06-02,20:21,6000,현금,계란말이 추가,1,0
2026-06-02,20:28,13000,카드,들기름 고등어 한상,1,0
2026-06-02,20:47,17000,카드,소복 정식,1,0
2026-06-03,11:21,13000,간편결제,들기름 고등어 한상,1,0
2026-06-03,11:26,52000,현금,보리굴비 정식,2,0
2026-06-03,11:30,26000,카드,보리굴비 정식,1,0
2026-06-03,11:37,15000,카드,제철 반상,1,0
2026-06-03,12:00,13000,간편결제,들기름 고등어 한상,1,0
2026-06-03,12:08,52000,카드,보리굴비 정식,2,0
2026-06-03,12:12,26000,카드,보리굴비 정식,1,0
2026-06-03,12:29,9000,카드,동치미 국수,1,0
2026-06-03,12:30,6000,카드,계란말이 추가,1,0
2026-06-03,12:36,63000,카드,묵은지 김치찜,3,0
2026-06-03,12:38,15000,카드,제철 반상,1,0
2026-06-03,13:22,39000,간편결제,들기름 고등어 한상,3,0
2026-06-03,17:11,26000,카드,보리굴비 정식,1,0
2026-06-03,17:22,26000,카드,보리굴비 정식,1,0
2026-06-03,17:33,21000,카드,묵은지 김치찜,1,0
2026-06-03,17:41,6000,카드,계란말이 추가,1,0
2026-06-03,17:43,18000,카드,동치미 국수,2,0
2026-06-03,17:45,21000,카드,묵은지 김치찜,1,0
2026-06-03,18:05,9000,카드,동치미 국수,1,0
2026-06-03,18:54,17000,현금,소복 정식,1,0
2026-06-03,19:34,6000,카드,계란말이 추가,1,0
2026-06-03,19:36,17000,간편결제,소복 정식,1,0
2026-06-03,19:58,21000,카드,묵은지 김치찜,1,0
2026-06-03,20:22,18000,카드,동치미 국수,2,0
2026-06-03,20:29,18000,카드,계란말이 추가,3,0
2026-06-03,20:47,12000,카드,계란말이 추가,2,0
2026-06-03,20:48,52000,카드,보리굴비 정식,2,0
2026-06-04,11:12,9000,카드,동치미 국수,1,0
2026-06-04,11:24,42000,카드,묵은지 김치찜,2,0
2026-06-04,11:24,26000,간편결제,보리굴비 정식,1,0
2026-06-04,11:27,9000,카드,동치미 국수,1,0
2026-06-04,11:38,39000,간편결제,들기름 고등어 한상,3,0
2026-06-04,11:39,9000,카드,동치미 국수,1,0
2026-06-04,11:51,21000,카드,묵은지 김치찜,1,0
2026-06-04,11:57,15000,카드,제철 반상,1,0
2026-06-04,12:03,13000,간편결제,들기름 고등어 한상,1,0
2026-06-04,12:24,15000,카드,제철 반상,1,0
2026-06-04,12:35,17000,카드,소복 정식,1,0
2026-06-04,12:42,52000,카드,보리굴비 정식,2,0
2026-06-04,12:42,13000,현금,들기름 고등어 한상,1,0
2026-06-04,13:06,21000,간편결제,묵은지 김치찜,1,0
2026-06-04,13:08,21000,현금,묵은지 김치찜,1,21000
2026-06-04,13:55,17000,간편결제,소복 정식,1,0
2026-06-04,17:04,18000,카드,동치미 국수,2,0
2026-06-04,17:24,6000,간편결제,계란말이 추가,1,0
2026-06-04,17:27,15000,카드,제철 반상,1,0
2026-06-04,17:36,17000,카드,소복 정식,1,0
2026-06-04,18:10,6000,카드,계란말이 추가,1,0
2026-06-04,18:19,42000,카드,묵은지 김치찜,2,0
2026-06-04,18:33,12000,카드,계란말이 추가,2,0
2026-06-04,18:43,6000,카드,계란말이 추가,1,0
2026-06-04,18:55,13000,간편결제,들기름 고등어 한상,1,0
2026-06-04,19:16,9000,카드,동치미 국수,1,0
2026-06-04,19:30,9000,카드,동치미 국수,1,0
2026-06-04,19:32,26000,간편결제,보리굴비 정식,1,0
2026-06-04,20:06,15000,카드,제철 반상,1,0
2026-06-04,20:16,78000,카드,보리굴비 정식,3,0
2026-06-04,20:25,26000,카드,보리굴비 정식,1,0
2026-06-04,20:29,13000,카드,들기름 고등어 한상,1,0
2026-06-04,20:55,13000,간편결제,들기름 고등어 한상,1,0
2026-06-05,11:16,9000,카드,동치미 국수,1,0
2026-06-05,11:17,17000,카드,소복 정식,1,0
2026-06-05,11:19,9000,카드,동치미 국수,1,0
2026-06-05,11:23,30000,카드,제철 반상,2,0
2026-06-05,11:25,18000,카드,동치미 국수,2,0
2026-06-05,11:36,26000,카드,보리굴비 정식,1,0
2026-06-05,11:44,9000,카드,동치미 국수,1,0
2026-06-05,11:46,52000,현금,보리굴비 정식,2,0
2026-06-05,11:48,6000,간편결제,계란말이 추가,1,0
2026-06-05,11:52,26000,카드,보리굴비 정식,1,0
2026-06-05,11:58,13000,카드,들기름 고등어 한상,1,0
2026-06-05,12:08,9000,카드,동치미 국수,1,0
2026-06-05,12:14,17000,간편결제,소복 정식,1,0
2026-06-05,12:19,21000,카드,묵은지 김치찜,1,21000
2026-06-05,12:31,78000,카드,보리굴비 정식,3,0
2026-06-05,12:33,9000,카드,동치미 국수,1,0
2026-06-05,12:52,78000,카드,보리굴비 정식,3,0
2026-06-05,12:55,15000,카드,제철 반상,1,0
2026-06-05,13:05,12000,카드,계란말이 추가,2,0
2026-06-05,13:12,6000,현금,계란말이 추가,1,0
2026-06-05,13:36,21000,카드,묵은지 김치찜,1,0
2026-06-05,13:48,21000,카드,묵은지 김치찜,1,0
2026-06-05,17:06,26000,현금,보리굴비 정식,1,0
2026-06-05,17:17,21000,카드,묵은지 김치찜,1,0
2026-06-05,17:27,17000,카드,소복 정식,1,0
2026-06-05,17:28,30000,간편결제,제철 반상,2,0
2026-06-05,17:37,26000,카드,보리굴비 정식,1,0
2026-06-05,18:05,9000,카드,동치미 국수,1,0
2026-06-05,18:08,42000,카드,묵은지 김치찜,2,0
2026-06-05,18:19,6000,카드,계란말이 추가,1,0
2026-06-05,18:42,39000,카드,들기름 고등어 한상,3,0
2026-06-05,18:46,15000,카드,제철 반상,1,0
2026-06-05,18:59,17000,카드,소복 정식,1,0
2026-06-05,19:00,39000,카드,들기름 고등어 한상,3,0
2026-06-05,19:02,27000,카드,동치미 국수,3,0
2026-06-05,19:12,26000,카드,보리굴비 정식,1,0
2026-06-05,19:30,26000,카드,보리굴비 정식,1,0
2026-06-05,19:54,78000,간편결제,보리굴비 정식,3,0
2026-06-05,19:55,52000,카드,보리굴비 정식,2,0
2026-06-05,20:23,9000,카드,동치미 국수,1,0
2026-06-05,20:26,51000,현금,소복 정식,3,0
2026-06-05,20:40,17000,카드,소복 정식,1,0
2026-06-05,20:45,12000,카드,계란말이 추가,2,0
2026-06-05,20:51,6000,간편결제,계란말이 추가,1,0
2026-06-06,11:01,17000,카드,소복 정식,1,0
2026-06-06,11:11,18000,현금,계란말이 추가,3,0
2026-06-06,11:12,6000,현금,계란말이 추가,1,0
2026-06-06,11:19,15000,카드,제철 반상,1,0
2026-06-06,11:43,52000,카드,보리굴비 정식,2,0
2026-06-06,11:50,26000,카드,보리굴비 정식,1,0
2026-06-06,12:24,9000,카드,동치미 국수,1,0
2026-06-06,12:51,26000,카드,들기름 고등어 한상,2,0
2026-06-06,13:01,12000,간편결제,계란말이 추가,2,0
2026-06-06,13:07,26000,카드,들기름 고등어 한상,2,0
2026-06-06,13:37,6000,카드,계란말이 추가,1,0
2026-06-06,13:47,6000,카드,계란말이 추가,1,0
2026-06-06,13:47,21000,간편결제,묵은지 김치찜,1,0
2026-06-06,13:48,13000,간편결제,들기름 고등어 한상,1,0
2026-06-06,17:00,13000,카드,들기름 고등어 한상,1,0
2026-06-06,17:09,21000,카드,묵은지 김치찜,1,0
2026-06-06,17:33,6000,간편결제,계란말이 추가,1,0
2026-06-06,17:36,34000,카드,소복 정식,2,0
2026-06-06,17:55,39000,카드,들기름 고등어 한상,3,0
2026-06-06,18:17,30000,간편결제,제철 반상,2,0
2026-06-06,18:18,17000,카드,소복 정식,1,0
2026-06-06,18:20,12000,카드,계란말이 추가,2,0
2026-06-06,18:34,26000,카드,보리굴비 정식,1,0
2026-06-06,18:35,26000,카드,보리굴비 정식,1,0
2026-06-06,18:47,52000,현금,보리굴비 정식,2,0
2026-06-06,18:54,9000,카드,동치미 국수,1,0
2026-06-06,19:01,17000,카드,소복 정식,1,0
2026-06-06,19:09,9000,카드,동치미 국수,1,0
2026-06-06,19:11,30000,간편결제,제철 반상,2,0
2026-06-06,19:12,39000,간편결제,들기름 고등어 한상,3,0
2026-06-06,19:20,17000,카드,소복 정식,1,0
2026-06-06,19:26,26000,간편결제,보리굴비 정식,1,0
2026-06-06,19:43,17000,간편결제,소복 정식,1,0
2026-06-06,19:44,17000,카드,소복 정식,1,0
2026-06-06,20:30,26000,카드,들기름 고등어 한상,2,0
2026-06-06,20:30,17000,카드,소복 정식,1,0
2026-06-06,20:35,63000,카드,묵은지 김치찜,3,0
2026-06-06,20:39,17000,카드,소복 정식,1,0
2026-06-06,20:41,18000,카드,동치미 국수,2,0
2026-06-07,11:26,9000,간편결제,동치미 국수,1,0
2026-06-07,11:27,17000,간편결제,소복 정식,1,0
2026-06-07,11:48,6000,카드,계란말이 추가,1,0
2026-06-07,12:03,18000,카드,동치미 국수,2,0
2026-06-07,12:36,6000,카드,계란말이 추가,1,0
2026-06-07,12:39,18000,카드,동치미 국수,2,0
2026-06-07,13:23,30000,카드,제철 반상,2,0
2026-06-07,13:26,6000,카드,계란말이 추가,1,0
2026-06-07,13:39,17000,카드,소복 정식,1,17000
2026-06-07,13:42,42000,간편결제,묵은지 김치찜,2,0
2026-06-07,17:02,26000,카드,보리굴비 정식,1,0
2026-06-07,17:46,27000,현금,동치미 국수,3,0
2026-06-07,17:50,30000,간편결제,제철 반상,2,0
2026-06-07,18:21,52000,현금,보리굴비 정식,2,0
2026-06-07,18:26,26000,현금,보리굴비 정식,1,0
2026-06-07,18:43,13000,카드,들기름 고등어 한상,1,0
2026-06-07,18:50,6000,카드,계란말이 추가,1,0
2026-06-07,18:50,34000,간편결제,소복 정식,2,0
2026-06-07,18:50,17000,카드,소복 정식,1,0
2026-06-07,19:02,15000,카드,제철 반상,1,0
2026-06-07,19:07,26000,카드,보리굴비 정식,1,0
2026-06-07,19:20,45000,카드,제철 반상,3,0
2026-06-07,19:26,26000,카드,보리굴비 정식,1,0
2026-06-07,19:30,6000,간편결제,계란말이 추가,1,0
2026-06-07,19:35,21000,현금,묵은지 김치찜,1,0
2026-06-07,19:37,21000,카드,묵은지 김치찜,1,0
2026-06-07,20:10,12000,카드,계란말이 추가,2,0
2026-06-07,20:20,13000,간편결제,들기름 고등어 한상,1,0
2026-06-07,20:30,26000,카드,보리굴비 정식,1,26000
2026-06-07,20:59,18000,카드,계란말이 추가,3,0
2026-06-09,11:22,18000,간편결제,동치미 국수,2,0
2026-06-09,11:31,6000,카드,계란말이 추가,1,0
2026-06-09,11:34,52000,카드,보리굴비 정식,2,0
2026-06-09,11:35,9000,간편결제,동치미 국수,1,0
2026-06-09,11:51,13000,카드,들기름 고등어 한상,1,0
2026-06-09,12:00,26000,카드,보리굴비 정식,1,0
2026-06-09,12:01,21000,카드,묵은지 김치찜,1,0
2026-06-09,12:34,12000,현금,계란말이 추가,2,0
2026-06-09,12:46,6000,카드,계란말이 추가,1,0
2026-06-09,12:55,17000,카드,소복 정식,1,0
2026-06-09,13:27,26000,현금,보리굴비 정식,1,0
2026-06-09,13:41,52000,카드,보리굴비 정식,2,0
2026-06-09,13:49,21000,카드,묵은지 김치찜,1,0
2026-06-09,17:12,17000,카드,소복 정식,1,0
2026-06-09,17:32,30000,현금,제철 반상,2,0
2026-06-09,17:38,78000,간편결제,보리굴비 정식,3,0
2026-06-09,17:40,9000,카드,동치미 국수,1,0
2026-06-09,17:48,21000,카드,묵은지 김치찜,1,0
2026-06-09,17:57,6000,카드,계란말이 추가,1,0
2026-06-09,18:05,6000,카드,계란말이 추가,1,0
2026-06-09,18:06,6000,간편결제,계란말이 추가,1,0
2026-06-09,18:16,13000,간편결제,들기름 고등어 한상,1,0
2026-06-09,18:16,21000,카드,묵은지 김치찜,1,0
2026-06-09,18:20,52000,카드,보리굴비 정식,2,0
2026-06-09,18:21,18000,간편결제,동치미 국수,2,0
2026-06-09,18:32,6000,카드,계란말이 추가,1,0
2026-06-09,18:55,6000,간편결제,계란말이 추가,1,0
2026-06-09,18:57,15000,카드,제철 반상,1,0
2026-06-09,19:14,21000,카드,묵은지 김치찜,1,0
2026-06-09,19:23,6000,카드,계란말이 추가,1,0
2026-06-09,19:27,26000,카드,보리굴비 정식,1,0
2026-06-09,20:26,13000,카드,들기름 고등어 한상,1,0
2026-06-10,11:09,42000,간편결제,묵은지 김치찜,2,0
2026-06-10,11:32,30000,카드,제철 반상,2,0
2026-06-10,12:03,15000,카드,제철 반상,1,0
2026-06-10,12:05,15000,카드,제철 반상,1,0
2026-06-10,12:26,51000,카드,소복 정식,3,0
2026-06-10,12:36,51000,카드,소복 정식,3,0
2026-06-10,12:51,26000,카드,보리굴비 정식,1,0
2026-06-10,12:56,9000,카드,동치미 국수,1,0
2026-06-10,12:59,17000,카드,소복 정식,1,0
2026-06-10,13:29,26000,카드,들기름 고등어 한상,2,0
2026-06-10,13:43,51000,카드,소복 정식,3,0
2026-06-10,17:14,17000,카드,소복 정식,1,0
2026-06-10,17:22,26000,카드,보리굴비 정식,1,0
2026-06-10,17:25,13000,카드,들기름 고등어 한상,1,0
2026-06-10,17:28,17000,현금,소복 정식,1,0
2026-06-10,17:31,30000,카드,제철 반상,2,0
2026-06-10,18:51,6000,카드,계란말이 추가,1,0
2026-06-10,19:00,17000,카드,소복 정식,1,0
2026-06-10,19:01,12000,카드,계란말이 추가,2,0
2026-06-10,19:17,13000,현금,들기름 고등어 한상,1,0
2026-06-10,19:19,18000,현금,계란말이 추가,3,0
2026-06-10,19:22,78000,간편결제,보리굴비 정식,3,0
2026-06-10,19:28,9000,간편결제,동치미 국수,1,0
2026-06-10,19:37,13000,간편결제,들기름 고등어 한상,1,0
2026-06-10,19:48,26000,현금,보리굴비 정식,1,0
2026-06-10,19:49,9000,카드,동치미 국수,1,0
2026-06-10,20:07,15000,카드,제철 반상,1,0
2026-06-11,11:03,9000,카드,동치미 국수,1,0
2026-06-11,11:20,26000,카드,보리굴비 정식,1,0
2026-06-11,11:29,21000,간편결제,묵은지 김치찜,1,0
2026-06-11,11:35,15000,카드,제철 반상,1,0
2026-06-11,11:36,13000,카드,들기름 고등어 한상,1,0
2026-06-11,11:38,12000,현금,계란말이 추가,2,0
2026-06-11,11:46,21000,카드,묵은지 김치찜,1,0
2026-06-11,11:46,26000,간편결제,들기름 고등어 한상,2,0
2026-06-11,12:07,9000,카드,동치미 국수,1,0
2026-06-11,12:15,42000,간편결제,묵은지 김치찜,2,0
2026-06-11,12:15,6000,현금,계란말이 추가,1,0
2026-06-11,12:16,34000,카드,소복 정식,2,0
2026-06-11,12:41,12000,카드,계란말이 추가,2,0
2026-06-11,13:00,18000,간편결제,동치미 국수,2,0
2026-06-11,13:12,18000,카드,동치미 국수,2,0
2026-06-11,13:19,6000,카드,계란말이 추가,1,0
2026-06-11,13:24,18000,카드,동치미 국수,2,0
2026-06-11,13:24,15000,간편결제,제철 반상,1,0
2026-06-11,13:35,12000,카드,계란말이 추가,2,0
2026-06-11,13:39,13000,카드,들기름 고등어 한상,1,0
2026-06-11,13:39,21000,카드,묵은지 김치찜,1,0
2026-06-11,13:58,6000,카드,계란말이 추가,1,0
2026-06-11,17:04,21000,카드,묵은지 김치찜,1,0
2026-06-11,17:16,9000,간편결제,동치미 국수,1,0
2026-06-11,17:30,6000,카드,계란말이 추가,1,0
2026-06-11,17:37,6000,카드,계란말이 추가,1,0
2026-06-11,17:50,52000,카드,보리굴비 정식,2,0
2026-06-11,18:02,6000,카드,계란말이 추가,1,0
2026-06-11,18:13,26000,카드,보리굴비 정식,1,0
2026-06-11,18:40,34000,카드,소복 정식,2,0
2026-06-11,18:46,9000,카드,동치미 국수,1,0
2026-06-11,18:54,26000,카드,보리굴비 정식,1,0
2026-06-11,18:58,9000,간편결제,동치미 국수,1,0
2026-06-11,19:01,21000,카드,묵은지 김치찜,1,0
2026-06-11,19:15,26000,카드,보리굴비 정식,1,0
2026-06-11,19:16,26000,카드,보리굴비 정식,1,0
2026-06-11,19:21,9000,현금,동치미 국수,1,0
2026-06-11,20:01,6000,카드,계란말이 추가,1,0
2026-06-11,20:09,39000,카드,들기름 고등어 한상,3,0
2026-06-11,20:13,42000,카드,묵은지 김치찜,2,0
2026-06-11,20:42,9000,간편결제,동치미 국수,1,0
2026-06-11,20:58,30000,카드,제철 반상,2,0
2026-06-12,11:18,42000,현금,묵은지 김치찜,2,0
2026-06-12,12:00,6000,카드,계란말이 추가,1,0
2026-06-12,12:04,21000,카드,묵은지 김치찜,1,0
2026-06-12,12:05,17000,카드,소복 정식,1,0
2026-06-12,12:23,13000,카드,들기름 고등어 한상,1,0
2026-06-12,12:38,17000,카드,소복 정식,1,0
2026-06-12,12:51,13000,카드,들기름 고등어 한상,1,0
2026-06-12,12:51,42000,간편결제,묵은지 김치찜,2,0
2026-06-12,13:10,9000,카드,동치미 국수,1,0
2026-06-12,13:29,42000,현금,묵은지 김치찜,2,0
2026-06-12,13:30,30000,카드,제철 반상,2,0
2026-06-12,13:30,13000,카드,들기름 고등어 한상,1,0
2026-06-12,13:44,15000,카드,제철 반상,1,0
2026-06-12,13:47,52000,현금,보리굴비 정식,2,0
2026-06-12,13:50,42000,카드,묵은지 김치찜,2,0
2026-06-12,13:53,26000,카드,보리굴비 정식,1,0
2026-06-12,17:05,18000,간편결제,계란말이 추가,3,0
2026-06-12,17:07,13000,카드,들기름 고등어 한상,1,0
2026-06-12,17:07,6000,카드,계란말이 추가,1,0
2026-06-12,17:22,26000,카드,보리굴비 정식,1,0
2026-06-12,17:25,34000,카드,소복 정식,2,0
2026-06-12,17:30,15000,카드,제철 반상,1,0
2026-06-12,17:33,42000,현금,묵은지 김치찜,2,0
2026-06-12,17:36,9000,간편결제,동치미 국수,1,0
2026-06-12,17:42,26000,카드,보리굴비 정식,1,0
2026-06-12,17:50,9000,현금,동치미 국수,1,0
2026-06-12,17:57,6000,카드,계란말이 추가,1,0
2026-06-12,17:59,13000,카드,들기름 고등어 한상,1,0
2026-06-12,18:09,15000,카드,제철 반상,1,0
2026-06-12,18:13,9000,카드,동치미 국수,1,0
2026-06-12,18:16,17000,카드,소복 정식,1,0
2026-06-12,18:20,9000,카드,동치미 국수,1,0
2026-06-12,18:35,13000,카드,들기름 고등어 한상,1,0
2026-06-12,18:43,26000,카드,들기름 고등어 한상,2,0
2026-06-12,18:50,15000,카드,제철 반상,1,0
2026-06-12,18:51,18000,간편결제,동치미 국수,2,0
2026-06-12,18:53,15000,현금,제철 반상,1,15000
2026-06-12,18:56,15000,카드,제철 반상,1,0
2026-06-12,19:10,15000,카드,제철 반상,1,0
2026-06-12,19:30,17000,카드,소복 정식,1,0
2026-06-12,20:01,26000,간편결제,보리굴비 정식,1,0
2026-06-12,20:01,13000,카드,들기름 고등어 한상,1,0
2026-06-12,20:16,26000,간편결제,보리굴비 정식,1,0
2026-06-12,20:17,21000,카드,묵은지 김치찜,1,0
2026-06-12,20:19,18000,간편결제,동치미 국수,2,0
2026-06-12,20:23,26000,카드,보리굴비 정식,1,0
2026-06-12,20:35,17000,카드,소복 정식,1,0
2026-06-12,20:45,30000,간편결제,제철 반상,2,0
2026-06-12,20:48,9000,현금,동치미 국수,1,0
2026-06-12,20:48,15000,간편결제,제철 반상,1,0
2026-06-13,11:02,26000,카드,보리굴비 정식,1,0
2026-06-13,11:05,17000,카드,소복 정식,1,0
2026-06-13,11:12,15000,카드,제철 반상,1,0
2026-06-13,11:18,17000,카드,소복 정식,1,0
2026-06-13,11:31,26000,카드,보리굴비 정식,1,0
2026-06-13,11:33,15000,간편결제,제철 반상,1,0
2026-06-13,11:34,52000,카드,보리굴비 정식,2,0
2026-06-13,11:43,13000,현금,들기름 고등어 한상,1,0
2026-06-13,11:46,13000,카드,들기름 고등어 한상,1,0
2026-06-13,11:57,17000,간편결제,소복 정식,1,0
2026-06-13,11:57,15000,현금,제철 반상,1,0
2026-06-13,12:02,17000,간편결제,소복 정식,1,0
2026-06-13,12:05,17000,카드,소복 정식,1,0
2026-06-13,12:24,13000,카드,들기름 고등어 한상,1,0
2026-06-13,12:37,12000,카드,계란말이 추가,2,0
2026-06-13,12:41,26000,카드,들기름 고등어 한상,2,0
2026-06-13,12:49,26000,카드,들기름 고등어 한상,2,0
2026-06-13,12:56,42000,카드,묵은지 김치찜,2,0
2026-06-13,13:33,12000,간편결제,계란말이 추가,2,0
2026-06-13,13:39,15000,카드,제철 반상,1,0
2026-06-13,13:52,17000,카드,소복 정식,1,0
2026-06-13,13:53,42000,카드,묵은지 김치찜,2,0
2026-06-13,17:04,18000,간편결제,동치미 국수,2,0
2026-06-13,17:18,21000,카드,묵은지 김치찜,1,0
2026-06-13,17:25,26000,카드,보리굴비 정식,1,0
2026-06-13,17:28,17000,카드,소복 정식,1,0
2026-06-13,17:32,12000,카드,계란말이 추가,2,0
2026-06-13,17:39,34000,카드,소복 정식,2,0
2026-06-13,18:02,12000,카드,계란말이 추가,2,0
2026-06-13,18:03,9000,카드,동치미 국수,1,0
2026-06-13,19:47,34000,카드,소복 정식,2,0
2026-06-13,19:56,13000,카드,들기름 고등어 한상,1,0
2026-06-13,19:59,15000,카드,제철 반상,1,0
2026-06-13,20:09,6000,카드,계란말이 추가,1,0
2026-06-13,20:14,6000,간편결제,계란말이 추가,1,0
2026-06-13,20:48,18000,카드,동치미 국수,2,0
2026-06-14,11:05,17000,간편결제,소복 정식,1,0
2026-06-14,11:37,9000,카드,동치미 국수,1,0
2026-06-14,12:28,17000,카드,소복 정식,1,0
2026-06-14,12:47,26000,카드,보리굴비 정식,1,0
2026-06-14,12:54,21000,카드,묵은지 김치찜,1,0
2026-06-14,13:20,34000,카드,소복 정식,2,0
2026-06-14,13:26,6000,카드,계란말이 추가,1,0
2026-06-14,13:32,12000,카드,계란말이 추가,2,0
2026-06-14,13:37,21000,카드,묵은지 김치찜,1,0
2026-06-14,13:49,30000,간편결제,제철 반상,2,0
2026-06-14,13:55,42000,카드,묵은지 김치찜,2,0
2026-06-14,17:27,21000,현금,묵은지 김치찜,1,0
2026-06-14,17:57,6000,카드,계란말이 추가,1,0
2026-06-14,18:03,26000,카드,보리굴비 정식,1,0
2026-06-14,18:17,12000,카드,계란말이 추가,2,0
2026-06-14,18:37,9000,카드,동치미 국수,1,0
2026-06-14,18:57,21000,카드,묵은지 김치찜,1,0
2026-06-14,19:08,17000,카드,소복 정식,1,0
2026-06-14,19:13,21000,카드,묵은지 김치찜,1,0
2026-06-14,19:27,12000,카드,계란말이 추가,2,0
2026-06-14,19:39,26000,카드,보리굴비 정식,1,0
2026-06-14,19:56,17000,카드,소복 정식,1,0
2026-06-14,20:18,30000,카드,제철 반상,2,0
2026-06-14,20:35,6000,카드,계란말이 추가,1,0
2026-06-14,20:42,15000,카드,제철 반상,1,0
2026-06-15,11:07,21000,카드,묵은지 김치찜,1,0
2026-06-15,11:29,26000,카드,들기름 고등어 한상,2,0
2026-06-15,11:36,26000,간편결제,보리굴비 정식,1,0
2026-06-15,11:54,9000,카드,동치미 국수,1,0
2026-06-15,12:22,26000,카드,보리굴비 정식,1,0
2026-06-15,12:43,27000,카드,동치미 국수,3,0
2026-06-15,13:02,12000,카드,계란말이 추가,2,0
2026-06-15,13:11,9000,카드,동치미 국수,1,0
2026-06-15,13:12,13000,카드,들기름 고등어 한상,1,0
2026-06-15,13:14,15000,카드,제철 반상,1,0
2026-06-15,17:03,13000,카드,들기름 고등어 한상,1,0
2026-06-15,17:24,6000,카드,계란말이 추가,1,0
2026-06-15,17:31,15000,카드,제철 반상,1,0
2026-06-15,17:34,42000,카드,묵은지 김치찜,2,0
2026-06-15,18:12,6000,카드,계란말이 추가,1,0
2026-06-15,18:20,18000,카드,동치미 국수,2,0
2026-06-15,18:25,21000,카드,묵은지 김치찜,1,0
2026-06-15,18:34,17000,간편결제,소복 정식,1,0
2026-06-15,18:39,26000,카드,보리굴비 정식,1,0
2026-06-15,18:57,26000,카드,들기름 고등어 한상,2,0
2026-06-15,19:09,26000,카드,들기름 고등어 한상,2,0
2026-06-15,19:10,26000,카드,들기름 고등어 한상,2,0
2026-06-15,19:19,30000,카드,제철 반상,2,0
2026-06-15,19:37,21000,간편결제,묵은지 김치찜,1,0
2026-06-15,19:45,21000,카드,묵은지 김치찜,1,0
2026-06-15,19:49,15000,간편결제,제철 반상,1,0
2026-06-15,20:20,52000,간편결제,보리굴비 정식,2,0
2026-06-15,20:40,18000,카드,동치미 국수,2,0
2026-06-16,11:06,6000,카드,계란말이 추가,1,0
2026-06-16,11:11,13000,간편결제,들기름 고등어 한상,1,0
2026-06-16,11:24,17000,카드,소복 정식,1,0
2026-06-16,12:04,12000,카드,계란말이 추가,2,0
2026-06-16,12:10,34000,카드,소복 정식,2,0
2026-06-16,12:17,26000,카드,보리굴비 정식,1,0
2026-06-16,12:32,26000,카드,보리굴비 정식,1,0
2026-06-16,12:52,15000,간편결제,제철 반상,1,0
2026-06-16,13:07,26000,카드,들기름 고등어 한상,2,0
2026-06-16,13:14,15000,카드,제철 반상,1,0
2026-06-16,13:43,17000,현금,소복 정식,1,0
2026-06-16,13:52,13000,카드,들기름 고등어 한상,1,0
2026-06-16,17:11,13000,카드,들기름 고등어 한상,1,0
2026-06-16,17:21,13000,카드,들기름 고등어 한상,1,0
2026-06-16,18:13,12000,카드,계란말이 추가,2,0
2026-06-16,18:23,17000,간편결제,소복 정식,1,0
2026-06-16,18:26,9000,카드,동치미 국수,1,0
2026-06-16,18:49,21000,간편결제,묵은지 김치찜,1,0
2026-06-16,18:57,9000,카드,동치미 국수,1,0
2026-06-16,18:59,17000,카드,소복 정식,1,0
2026-06-16,19:14,9000,카드,동치미 국수,1,0
2026-06-16,19:29,15000,카드,제철 반상,1,0
2026-06-16,19:42,30000,카드,제철 반상,2,0
2026-06-16,19:44,17000,간편결제,소복 정식,1,0
2026-06-16,20:04,21000,카드,묵은지 김치찜,1,0
2026-06-16,20:12,13000,카드,들기름 고등어 한상,1,0
2026-06-16,20:17,13000,카드,들기름 고등어 한상,1,0
2026-06-16,20:20,17000,카드,소복 정식,1,0
2026-06-16,20:37,13000,현금,들기름 고등어 한상,1,13000
2026-06-16,20:40,42000,카드,묵은지 김치찜,2,0
2026-06-16,20:59,45000,간편결제,제철 반상,3,0
2026-06-17,11:01,17000,간편결제,소복 정식,1,0
2026-06-17,11:24,9000,현금,동치미 국수,1,0
2026-06-17,11:28,15000,카드,제철 반상,1,0
2026-06-17,11:31,9000,카드,동치미 국수,1,0
2026-06-17,11:41,6000,간편결제,계란말이 추가,1,0
2026-06-17,12:08,17000,카드,소복 정식,1,0
2026-06-17,12:14,6000,간편결제,계란말이 추가,1,0
2026-06-17,12:21,45000,카드,제철 반상,3,0
2026-06-17,12:22,6000,카드,계란말이 추가,1,0
2026-06-17,12:22,13000,카드,들기름 고등어 한상,1,0
2026-06-17,12:45,17000,현금,소복 정식,1,0
2026-06-17,13:00,12000,간편결제,계란말이 추가,2,0
2026-06-17,13:22,21000,간편결제,묵은지 김치찜,1,0
2026-06-17,13:32,17000,간편결제,소복 정식,1,0
2026-06-17,13:48,13000,카드,들기름 고등어 한상,1,0
2026-06-17,17:02,21000,카드,묵은지 김치찜,1,0
2026-06-17,17:07,26000,카드,보리굴비 정식,1,0
2026-06-17,17:11,30000,카드,제철 반상,2,0
2026-06-17,17:20,17000,카드,소복 정식,1,0
2026-06-17,17:31,26000,간편결제,보리굴비 정식,1,0
2026-06-17,17:56,26000,카드,보리굴비 정식,1,0
2026-06-17,18:09,13000,카드,들기름 고등어 한상,1,0
2026-06-17,18:16,17000,간편결제,소복 정식,1,0
2026-06-17,18:26,26000,현금,보리굴비 정식,1,0
2026-06-17,18:30,17000,카드,소복 정식,1,0
2026-06-17,18:36,26000,현금,들기름 고등어 한상,2,0
2026-06-17,18:36,6000,간편결제,계란말이 추가,1,0
2026-06-17,18:51,17000,카드,소복 정식,1,0
2026-06-17,19:02,30000,간편결제,제철 반상,2,0
2026-06-17,19:08,26000,카드,보리굴비 정식,1,0
2026-06-17,19:11,26000,카드,보리굴비 정식,1,0
2026-06-17,19:26,26000,카드,보리굴비 정식,1,0
2026-06-17,19:36,6000,현금,계란말이 추가,1,0
2026-06-17,19:44,6000,현금,계란말이 추가,1,0
2026-06-17,20:20,15000,카드,제철 반상,1,0
2026-06-17,20:31,12000,간편결제,계란말이 추가,2,0
2026-06-17,20:32,34000,카드,소복 정식,2,0
2026-06-18,11:02,9000,카드,동치미 국수,1,0
2026-06-18,11:09,17000,카드,소복 정식,1,0
2026-06-18,11:16,9000,카드,동치미 국수,1,0
2026-06-18,11:19,51000,카드,소복 정식,3,0
2026-06-18,11:27,12000,간편결제,계란말이 추가,2,0
2026-06-18,11:28,27000,카드,동치미 국수,3,0
2026-06-18,11:49,26000,카드,보리굴비 정식,1,0
2026-06-18,12:31,21000,간편결제,묵은지 김치찜,1,0
2026-06-18,12:46,15000,카드,제철 반상,1,0
2026-06-18,13:35,13000,카드,들기름 고등어 한상,1,0
2026-06-18,13:41,6000,카드,계란말이 추가,1,0
2026-06-18,13:43,26000,현금,보리굴비 정식,1,0
2026-06-18,17:00,52000,카드,보리굴비 정식,2,0
2026-06-18,17:07,17000,카드,소복 정식,1,0
2026-06-18,17:11,15000,간편결제,제철 반상,1,0
2026-06-18,17:21,21000,카드,묵은지 김치찜,1,0
2026-06-18,17:50,42000,현금,묵은지 김치찜,2,0
2026-06-18,17:51,6000,카드,계란말이 추가,1,0
2026-06-18,17:52,9000,카드,동치미 국수,1,9000
2026-06-18,18:00,13000,카드,들기름 고등어 한상,1,0
2026-06-18,18:09,30000,카드,제철 반상,2,0
2026-06-18,18:15,18000,현금,동치미 국수,2,0
2026-06-18,18:29,21000,카드,묵은지 김치찜,1,0
2026-06-18,18:31,26000,카드,들기름 고등어 한상,2,0
2026-06-18,18:34,9000,카드,동치미 국수,1,0
2026-06-18,18:57,26000,카드,보리굴비 정식,1,0
2026-06-18,18:57,13000,간편결제,들기름 고등어 한상,1,0
2026-06-18,19:13,18000,카드,동치미 국수,2,0
2026-06-18,19:17,52000,간편결제,보리굴비 정식,2,0
2026-06-18,19:24,6000,간편결제,계란말이 추가,1,0
2026-06-18,19:30,42000,카드,묵은지 김치찜,2,0
2026-06-18,19:38,18000,현금,동치미 국수,2,0
2026-06-18,19:39,15000,카드,제철 반상,1,0
2026-06-18,19:42,17000,카드,소복 정식,1,0
2026-06-18,20:03,17000,카드,소복 정식,1,0
2026-06-18,20:14,13000,카드,들기름 고등어 한상,1,0
2026-06-18,20:16,18000,카드,동치미 국수,2,0
2026-06-18,20:18,21000,카드,묵은지 김치찜,1,0
2026-06-18,20:18,12000,카드,계란말이 추가,2,0
2026-06-18,20:24,13000,현금,들기름 고등어 한상,1,0
2026-06-18,20:53,6000,카드,계란말이 추가,1,0
2026-06-19,11:14,12000,카드,계란말이 추가,2,0
2026-06-19,11:17,13000,카드,들기름 고등어 한상,1,0
2026-06-19,11:17,34000,간편결제,소복 정식,2,0
2026-06-19,11:34,18000,카드,동치미 국수,2,0
2026-06-19,11:39,52000,카드,보리굴비 정식,2,0
2026-06-19,11:46,21000,카드,묵은지 김치찜,1,0
2026-06-19,11:49,18000,카드,동치미 국수,2,0
2026-06-19,11:55,17000,간편결제,소복 정식,1,0
2026-06-19,11:57,30000,카드,제철 반상,2,0
2026-06-19,12:02,12000,간편결제,계란말이 추가,2,0
2026-06-19,12:03,13000,간편결제,들기름 고등어 한상,1,0
2026-06-19,12:06,9000,간편결제,동치미 국수,1,0
2026-06-19,12:17,30000,간편결제,제철 반상,2,0
2026-06-19,12:25,9000,카드,동치미 국수,1,0
2026-06-19,12:26,13000,현금,들기름 고등어 한상,1,0
2026-06-19,12:27,9000,카드,동치미 국수,1,0
2026-06-19,12:29,15000,간편결제,제철 반상,1,0
2026-06-19,12:30,21000,카드,묵은지 김치찜,1,0
2026-06-19,12:39,13000,카드,들기름 고등어 한상,1,0
2026-06-19,13:02,26000,카드,보리굴비 정식,1,0
2026-06-19,13:03,13000,카드,들기름 고등어 한상,1,0
2026-06-19,13:03,51000,카드,소복 정식,3,0
2026-06-19,13:06,21000,카드,묵은지 김치찜,1,0
2026-06-19,13:24,13000,카드,들기름 고등어 한상,1,0
2026-06-19,13:35,6000,카드,계란말이 추가,1,0
2026-06-19,13:46,9000,카드,동치미 국수,1,0
2026-06-19,13:47,26000,현금,보리굴비 정식,1,0
2026-06-19,17:11,17000,카드,소복 정식,1,0
2026-06-19,17:15,15000,카드,제철 반상,1,0
2026-06-19,17:18,78000,카드,보리굴비 정식,3,0
2026-06-19,17:32,18000,카드,계란말이 추가,3,0
2026-06-19,17:36,26000,카드,보리굴비 정식,1,0
2026-06-19,17:49,52000,카드,보리굴비 정식,2,0
2026-06-19,17:51,9000,카드,동치미 국수,1,0
2026-06-19,17:57,13000,카드,들기름 고등어 한상,1,0
2026-06-19,17:59,26000,카드,보리굴비 정식,1,0
2026-06-19,18:05,21000,카드,묵은지 김치찜,1,0
2026-06-19,18:08,6000,카드,계란말이 추가,1,0
2026-06-19,18:16,17000,카드,소복 정식,1,0
2026-06-19,19:27,39000,카드,들기름 고등어 한상,3,0
2026-06-19,19:33,18000,카드,동치미 국수,2,0
2026-06-19,19:53,13000,카드,들기름 고등어 한상,1,0
2026-06-19,20:02,51000,카드,소복 정식,3,0
2026-06-19,20:09,26000,카드,보리굴비 정식,1,0
2026-06-19,20:14,15000,간편결제,제철 반상,1,0
2026-06-19,20:28,15000,간편결제,제철 반상,1,0
2026-06-19,20:43,15000,간편결제,제철 반상,1,0
2026-06-19,20:47,21000,카드,묵은지 김치찜,1,0
2026-06-19,20:49,15000,카드,제철 반상,1,0
2026-06-20,11:17,13000,카드,들기름 고등어 한상,1,0
2026-06-20,11:18,26000,카드,보리굴비 정식,1,0
2026-06-20,11:28,9000,카드,동치미 국수,1,0
2026-06-20,11:28,18000,현금,동치미 국수,2,0
2026-06-20,11:33,17000,카드,소복 정식,1,0
2026-06-20,11:41,9000,간편결제,동치미 국수,1,0
2026-06-20,11:47,26000,카드,들기름 고등어 한상,2,0
2026-06-20,11:49,26000,카드,보리굴비 정식,1,0
2026-06-20,11:58,6000,카드,계란말이 추가,1,0
2026-06-20,12:00,13000,카드,들기름 고등어 한상,1,0
2026-06-20,12:39,13000,현금,들기름 고등어 한상,1,0
2026-06-20,12:41,26000,카드,보리굴비 정식,1,0
2026-06-20,12:47,26000,카드,보리굴비 정식,1,0
2026-06-20,12:55,6000,카드,계란말이 추가,1,0
2026-06-20,12:57,17000,간편결제,소복 정식,1,0
2026-06-20,13:04,26000,현금,보리굴비 정식,1,0
2026-06-20,13:10,26000,카드,보리굴비 정식,1,0
2026-06-20,13:12,15000,카드,제철 반상,1,0
2026-06-20,13:12,15000,카드,제철 반상,1,0
2026-06-20,13:26,15000,현금,제철 반상,1,0
2026-06-20,13:27,51000,카드,소복 정식,3,0
2026-06-20,13:28,52000,카드,보리굴비 정식,2,0
2026-06-20,13:39,9000,카드,동치미 국수,1,0
2026-06-20,13:42,15000,현금,제철 반상,1,0
2026-06-20,13:44,12000,카드,계란말이 추가,2,0
2026-06-20,13:51,9000,간편결제,동치미 국수,1,0
2026-06-20,13:54,17000,카드,소복 정식,1,0
2026-06-20,17:02,51000,카드,소복 정식,3,0
2026-06-20,17:19,13000,카드,들기름 고등어 한상,1,0
2026-06-20,17:19,9000,카드,동치미 국수,1,0
2026-06-20,17:51,26000,카드,보리굴비 정식,1,0
2026-06-20,17:53,13000,간편결제,들기름 고등어 한상,1,0
2026-06-20,18:13,9000,간편결제,동치미 국수,1,0
2026-06-20,18:19,6000,카드,계란말이 추가,1,0
2026-06-20,18:20,15000,카드,제철 반상,1,0
2026-06-20,18:42,21000,카드,묵은지 김치찜,1,0
2026-06-20,18:54,26000,카드,들기름 고등어 한상,2,0
2026-06-20,19:10,21000,카드,묵은지 김치찜,1,0
2026-06-20,19:14,17000,현금,소복 정식,1,0
2026-06-20,19:16,21000,간편결제,묵은지 김치찜,1,0
2026-06-20,19:28,15000,간편결제,제철 반상,1,0
2026-06-20,19:36,13000,간편결제,들기름 고등어 한상,1,0
2026-06-20,19:43,34000,현금,소복 정식,2,0
2026-06-20,20:22,12000,카드,계란말이 추가,2,0
2026-06-20,20:26,21000,카드,묵은지 김치찜,1,0
2026-06-20,20:53,21000,카드,묵은지 김치찜,1,0
2026-06-21,11:14,13000,현금,들기름 고등어 한상,1,0
2026-06-21,11:16,18000,카드,동치미 국수,2,0
2026-06-21,12:00,9000,간편결제,동치미 국수,1,0
2026-06-21,12:10,9000,카드,동치미 국수,1,0
2026-06-21,12:35,13000,카드,들기름 고등어 한상,1,0
2026-06-21,12:41,17000,현금,소복 정식,1,0
2026-06-21,12:42,17000,카드,소복 정식,1,0
2026-06-21,12:46,6000,카드,계란말이 추가,1,0
2026-06-21,13:15,17000,카드,소복 정식,1,0
2026-06-21,13:16,26000,간편결제,들기름 고등어 한상,2,26000
2026-06-21,13:22,26000,카드,보리굴비 정식,1,0
2026-06-21,13:31,9000,카드,동치미 국수,1,0
2026-06-21,17:30,6000,카드,계란말이 추가,1,0
2026-06-21,17:43,18000,간편결제,동치미 국수,2,0
2026-06-21,17:44,63000,카드,묵은지 김치찜,3,0
2026-06-21,17:47,15000,카드,제철 반상,1,0
2026-06-21,17:54,21000,간편결제,묵은지 김치찜,1,21000
2026-06-21,18:01,15000,간편결제,제철 반상,1,0
2026-06-21,18:38,6000,카드,계란말이 추가,1,0
2026-06-21,19:07,15000,현금,제철 반상,1,0
2026-06-21,19:20,6000,카드,계란말이 추가,1,0
2026-06-21,19:31,26000,카드,들기름 고등어 한상,2,0
2026-06-21,20:04,9000,카드,동치미 국수,1,0
2026-06-21,20:14,13000,카드,들기름 고등어 한상,1,0
2026-06-21,20:58,26000,카드,보리굴비 정식,1,0
2026-06-23,11:07,17000,카드,소복 정식,1,0
2026-06-23,11:15,6000,카드,계란말이 추가,1,0
2026-06-23,11:42,9000,카드,동치미 국수,1,0
2026-06-23,11:46,26000,간편결제,보리굴비 정식,1,0
2026-06-23,12:14,9000,카드,동치미 국수,1,0
2026-06-23,12:47,13000,카드,들기름 고등어 한상,1,0
2026-06-23,12:56,30000,카드,제철 반상,2,0
2026-06-23,13:09,9000,카드,동치미 국수,1,9000
2026-06-23,13:18,15000,간편결제,제철 반상,1,0
2026-06-23,13:21,6000,간편결제,계란말이 추가,1,0
2026-06-23,13:22,26000,카드,보리굴비 정식,1,0
2026-06-23,13:28,26000,간편결제,보리굴비 정식,1,0
2026-06-23,13:31,17000,카드,소복 정식,1,0
2026-06-23,13:38,21000,간편결제,묵은지 김치찜,1,0
2026-06-23,13:41,17000,간편결제,소복 정식,1,0
2026-06-23,13:49,13000,카드,들기름 고등어 한상,1,0
2026-06-23,13:49,13000,카드,들기름 고등어 한상,1,0
2026-06-23,13:50,52000,카드,보리굴비 정식,2,0
2026-06-23,17:27,21000,카드,묵은지 김치찜,1,0
2026-06-23,17:38,18000,카드,동치미 국수,2,0
2026-06-23,17:51,13000,카드,들기름 고등어 한상,1,0
2026-06-23,17:58,18000,카드,계란말이 추가,3,0
2026-06-23,18:08,42000,카드,묵은지 김치찜,2,0
2026-06-23,18:13,9000,카드,동치미 국수,1,0
2026-06-23,18:24,78000,간편결제,보리굴비 정식,3,0
2026-06-23,18:38,21000,카드,묵은지 김치찜,1,0
2026-06-23,18:50,6000,간편결제,계란말이 추가,1,0
2026-06-23,19:10,17000,카드,소복 정식,1,0
2026-06-23,19:15,6000,간편결제,계란말이 추가,1,0
2026-06-23,20:08,13000,카드,들기름 고등어 한상,1,0
2026-06-23,20:23,21000,카드,묵은지 김치찜,1,0
2026-06-23,20:23,9000,간편결제,동치미 국수,1,0
2026-06-23,20:40,6000,간편결제,계란말이 추가,1,0
2026-06-23,20:41,17000,카드,소복 정식,1,0
2026-06-24,11:05,15000,카드,제철 반상,1,0
2026-06-24,11:08,21000,카드,묵은지 김치찜,1,0
2026-06-24,11:09,26000,카드,보리굴비 정식,1,0
2026-06-24,11:24,13000,카드,들기름 고등어 한상,1,0
2026-06-24,11:33,6000,카드,계란말이 추가,1,0
2026-06-24,11:44,26000,카드,들기름 고등어 한상,2,0
2026-06-24,11:48,63000,카드,묵은지 김치찜,3,0
2026-06-24,12:23,13000,카드,들기름 고등어 한상,1,0
2026-06-24,12:59,9000,카드,동치미 국수,1,0
2026-06-24,13:26,15000,카드,제철 반상,1,0
2026-06-24,13:43,13000,카드,들기름 고등어 한상,1,0
2026-06-24,13:52,15000,카드,제철 반상,1,0
2026-06-24,17:03,26000,간편결제,들기름 고등어 한상,2,0
2026-06-24,17:50,26000,카드,보리굴비 정식,1,0
2026-06-24,18:27,9000,간편결제,동치미 국수,1,0
2026-06-24,18:28,42000,카드,묵은지 김치찜,2,0
2026-06-24,19:03,42000,현금,묵은지 김치찜,2,0
2026-06-24,19:04,9000,카드,동치미 국수,1,0
2026-06-24,19:22,6000,간편결제,계란말이 추가,1,0
2026-06-24,19:33,42000,카드,묵은지 김치찜,2,0
2026-06-24,19:34,34000,카드,소복 정식,2,0
2026-06-24,19:41,13000,카드,들기름 고등어 한상,1,0
2026-06-24,19:54,9000,간편결제,동치미 국수,1,0
2026-06-24,20:12,15000,카드,제철 반상,1,0
2026-06-24,20:18,26000,현금,보리굴비 정식,1,0
2026-06-24,20:21,30000,카드,제철 반상,2,0
2026-06-24,20:24,15000,카드,제철 반상,1,0
2026-06-24,20:46,13000,간편결제,들기름 고등어 한상,1,0
2026-06-25,11:12,17000,카드,소복 정식,1,0
2026-06-25,11:26,15000,카드,제철 반상,1,0
2026-06-25,11:29,6000,카드,계란말이 추가,1,0
2026-06-25,11:54,63000,카드,묵은지 김치찜,3,0
2026-06-25,11:55,52000,카드,보리굴비 정식,2,0
2026-06-25,12:09,6000,현금,계란말이 추가,1,0
2026-06-25,12:10,15000,카드,제철 반상,1,0
2026-06-25,12:12,21000,카드,묵은지 김치찜,1,0
2026-06-25,12:17,26000,카드,보리굴비 정식,1,0
2026-06-25,12:20,17000,카드,소복 정식,1,0
2026-06-25,12:37,15000,카드,제철 반상,1,0
2026-06-25,12:38,26000,카드,보리굴비 정식,1,0
2026-06-25,12:55,17000,카드,소복 정식,1,0
2026-06-25,13:04,6000,카드,계란말이 추가,1,0
2026-06-25,13:04,26000,카드,보리굴비 정식,1,0
2026-06-25,13:21,15000,현금,제철 반상,1,0
2026-06-25,13:22,15000,카드,제철 반상,1,0
2026-06-25,13:29,15000,카드,제철 반상,1,0
2026-06-25,13:43,15000,카드,제철 반상,1,0
2026-06-25,17:14,34000,카드,소복 정식,2,0
2026-06-25,17:37,6000,간편결제,계란말이 추가,1,0
2026-06-25,17:53,17000,카드,소복 정식,1,0
2026-06-25,18:34,9000,간편결제,동치미 국수,1,0
2026-06-25,18:47,6000,카드,계란말이 추가,1,0
2026-06-25,18:50,13000,간편결제,들기름 고등어 한상,1,0
2026-06-25,18:55,9000,카드,동치미 국수,1,0
2026-06-25,19:33,26000,카드,보리굴비 정식,1,0
2026-06-25,20:09,18000,카드,동치미 국수,2,0
2026-06-25,20:20,17000,카드,소복 정식,1,0
2026-06-25,20:28,6000,카드,계란말이 추가,1,0
2026-06-25,20:51,6000,카드,계란말이 추가,1,0
2026-06-25,20:58,6000,간편결제,계란말이 추가,1,0
2026-06-26,11:07,52000,간편결제,보리굴비 정식,2,0
2026-06-26,11:21,15000,카드,제철 반상,1,0
2026-06-26,11:26,15000,카드,제철 반상,1,0
2026-06-26,11:30,6000,간편결제,계란말이 추가,1,0
2026-06-26,11:32,34000,카드,소복 정식,2,0
2026-06-26,11:59,21000,카드,묵은지 김치찜,1,0
2026-06-26,12:00,13000,카드,들기름 고등어 한상,1,0
2026-06-26,12:42,9000,카드,동치미 국수,1,0
2026-06-26,12:50,15000,카드,제철 반상,1,0
2026-06-26,12:51,26000,현금,보리굴비 정식,1,0
2026-06-26,13:15,26000,카드,들기름 고등어 한상,2,0
2026-06-26,13:16,26000,현금,보리굴비 정식,1,0
2026-06-26,17:01,6000,현금,계란말이 추가,1,0
2026-06-26,17:02,15000,간편결제,제철 반상,1,0
2026-06-26,17:06,15000,카드,제철 반상,1,0
2026-06-26,17:15,6000,카드,계란말이 추가,1,0
2026-06-26,17:18,6000,현금,계란말이 추가,1,0
2026-06-26,17:18,17000,카드,소복 정식,1,0
2026-06-26,17:25,39000,카드,들기름 고등어 한상,3,0
2026-06-26,17:27,42000,카드,묵은지 김치찜,2,0
2026-06-26,17:27,21000,현금,묵은지 김치찜,1,0
2026-06-26,17:41,13000,카드,들기름 고등어 한상,1,0
2026-06-26,17:57,9000,현금,동치미 국수,1,0
2026-06-26,18:03,42000,카드,묵은지 김치찜,2,0
2026-06-26,18:03,26000,카드,보리굴비 정식,1,0
2026-06-26,18:07,21000,현금,묵은지 김치찜,1,0
2026-06-26,18:08,21000,카드,묵은지 김치찜,1,0
2026-06-26,18:19,26000,카드,보리굴비 정식,1,0
2026-06-26,18:43,18000,카드,동치미 국수,2,0
2026-06-26,18:46,39000,간편결제,들기름 고등어 한상,3,0
2026-06-26,18:51,42000,간편결제,묵은지 김치찜,2,0
2026-06-26,19:07,17000,카드,소복 정식,1,0
2026-06-26,19:16,39000,간편결제,들기름 고등어 한상,3,0
2026-06-26,19:24,21000,카드,묵은지 김치찜,1,0
2026-06-26,19:46,6000,카드,계란말이 추가,1,0
2026-06-26,20:01,9000,카드,동치미 국수,1,0
2026-06-26,20:06,18000,카드,동치미 국수,2,0
2026-06-26,20:12,9000,카드,동치미 국수,1,0
2026-06-26,20:21,13000,카드,들기름 고등어 한상,1,0
2026-06-26,20:36,6000,간편결제,계란말이 추가,1,0
2026-06-26,20:44,21000,카드,묵은지 김치찜,1,0
2026-06-26,20:50,9000,카드,동치미 국수,1,0
2026-06-27,11:14,13000,카드,들기름 고등어 한상,1,0
2026-06-27,11:19,21000,카드,묵은지 김치찜,1,0
2026-06-27,11:34,15000,현금,제철 반상,1,0
2026-06-27,11:49,9000,간편결제,동치미 국수,1,0
2026-06-27,11:57,26000,간편결제,보리굴비 정식,1,0
2026-06-27,12:10,6000,간편결제,계란말이 추가,1,0
2026-06-27,12:15,6000,카드,계란말이 추가,1,0
2026-06-27,12:19,45000,카드,제철 반상,3,0
2026-06-27,12:21,13000,카드,들기름 고등어 한상,1,0
2026-06-27,12:25,26000,간편결제,보리굴비 정식,1,0
2026-06-27,12:29,26000,카드,보리굴비 정식,1,0
2026-06-27,12:33,17000,카드,소복 정식,1,0
2026-06-27,12:38,6000,카드,계란말이 추가,1,0
2026-06-27,12:45,9000,카드,동치미 국수,1,0
2026-06-27,12:45,15000,현금,제철 반상,1,0
2026-06-27,12:59,17000,카드,소복 정식,1,0
2026-06-27,13:03,17000,간편결제,소복 정식,1,0
2026-06-27,13:22,13000,카드,들기름 고등어 한상,1,0
2026-06-27,13:26,21000,카드,묵은지 김치찜,1,0
2026-06-27,13:38,42000,카드,묵은지 김치찜,2,0
2026-06-27,13:39,6000,카드,계란말이 추가,1,0
2026-06-27,13:42,21000,카드,묵은지 김치찜,1,0
2026-06-27,13:53,6000,카드,계란말이 추가,1,0
2026-06-27,17:19,15000,카드,제철 반상,1,0
2026-06-27,17:25,9000,카드,동치미 국수,1,0
2026-06-27,17:45,26000,카드,보리굴비 정식,1,0
2026-06-27,17:51,42000,카드,묵은지 김치찜,2,0
2026-06-27,18:09,17000,카드,소복 정식,1,0
2026-06-27,18:21,6000,카드,계란말이 추가,1,0
2026-06-27,18:37,42000,카드,묵은지 김치찜,2,0
2026-06-27,18:43,18000,카드,동치미 국수,2,0
2026-06-27,18:48,21000,간편결제,묵은지 김치찜,1,0
2026-06-27,19:04,6000,카드,계란말이 추가,1,0
2026-06-27,19:32,6000,카드,계란말이 추가,1,0
2026-06-27,19:33,26000,간편결제,보리굴비 정식,1,0
2026-06-27,19:34,26000,카드,보리굴비 정식,1,0
2026-06-27,19:53,12000,카드,계란말이 추가,2,0
2026-06-27,20:05,9000,카드,동치미 국수,1,0
2026-06-27,20:34,15000,카드,제철 반상,1,0
2026-06-27,20:41,6000,카드,계란말이 추가,1,6000
2026-06-27,20:48,17000,카드,소복 정식,1,0
2026-06-28,11:53,12000,카드,계란말이 추가,2,0
2026-06-28,12:03,13000,카드,들기름 고등어 한상,1,0
2026-06-28,12:27,17000,카드,소복 정식,1,0
2026-06-28,12:34,30000,카드,제철 반상,2,0
2026-06-28,13:12,42000,카드,묵은지 김치찜,2,0
2026-06-28,13:16,6000,현금,계란말이 추가,1,0
2026-06-28,13:26,15000,카드,제철 반상,1,0
2026-06-28,13:29,6000,카드,계란말이 추가,1,0
2026-06-28,13:44,21000,카드,묵은지 김치찜,1,0
2026-06-28,13:50,9000,카드,동치미 국수,1,0
2026-06-28,17:34,63000,카드,묵은지 김치찜,3,0
2026-06-28,17:44,26000,카드,들기름 고등어 한상,2,0
2026-06-28,17:45,26000,카드,들기름 고등어 한상,2,0
2026-06-28,18:26,17000,간편결제,소복 정식,1,0
2026-06-28,18:46,26000,카드,보리굴비 정식,1,0
2026-06-28,19:03,9000,카드,동치미 국수,1,0
2026-06-28,19:14,15000,카드,제철 반상,1,0
2026-06-28,19:24,12000,현금,계란말이 추가,2,0
2026-06-28,19:35,17000,간편결제,소복 정식,1,0
2026-06-28,19:42,17000,간편결제,소복 정식,1,0
2026-06-28,19:47,42000,카드,묵은지 김치찜,2,0
2026-06-28,19:59,15000,카드,제철 반상,1,0
2026-06-28,20:19,26000,카드,들기름 고등어 한상,2,0
2026-06-28,20:19,9000,카드,동치미 국수,1,0
2026-06-28,20:39,17000,카드,소복 정식,1,0
2026-06-28,20:43,17000,카드,소복 정식,1,0
2026-06-28,20:46,30000,카드,제철 반상,2,0
2026-06-28,20:59,9000,카드,동치미 국수,1,0
2026-06-29,11:04,13000,카드,들기름 고등어 한상,1,0
2026-06-29,11:11,18000,카드,계란말이 추가,3,0
2026-06-29,11:13,17000,간편결제,소복 정식,1,0
2026-06-29,11:13,42000,카드,묵은지 김치찜,2,0
2026-06-29,11:19,9000,카드,동치미 국수,1,9000
2026-06-29,11:45,13000,카드,들기름 고등어 한상,1,0
2026-06-29,11:45,13000,간편결제,들기름 고등어 한상,1,0
2026-06-29,12:17,6000,간편결제,계란말이 추가,1,0
2026-06-29,12:18,21000,카드,묵은지 김치찜,1,0
2026-06-29,12:40,6000,카드,계란말이 추가,1,0
2026-06-29,12:45,6000,카드,계란말이 추가,1,0
2026-06-29,12:52,6000,현금,계란말이 추가,1,0
2026-06-29,12:54,42000,현금,묵은지 김치찜,2,0
2026-06-29,12:58,78000,카드,보리굴비 정식,3,0
2026-06-29,13:00,17000,간편결제,소복 정식,1,0
2026-06-29,13:46,9000,카드,동치미 국수,1,0
2026-06-29,13:55,52000,카드,보리굴비 정식,2,0
2026-06-29,17:05,15000,카드,제철 반상,1,0
2026-06-29,17:28,15000,간편결제,제철 반상,1,0
2026-06-29,17:53,17000,카드,소복 정식,1,0
2026-06-29,18:00,26000,간편결제,보리굴비 정식,1,0
2026-06-29,18:02,18000,간편결제,동치미 국수,2,0
2026-06-29,18:02,17000,카드,소복 정식,1,0
2026-06-29,18:36,6000,간편결제,계란말이 추가,1,0
2026-06-29,18:47,26000,카드,보리굴비 정식,1,0
2026-06-29,19:28,13000,간편결제,들기름 고등어 한상,1,0
2026-06-29,19:34,9000,간편결제,동치미 국수,1,0
2026-06-29,19:35,17000,카드,소복 정식,1,0
2026-06-29,20:19,17000,카드,소복 정식,1,0
2026-06-29,20:54,6000,카드,계란말이 추가,1,0
2026-06-29,20:55,17000,카드,소복 정식,1,0
2026-06-30,11:17,30000,간편결제,제철 반상,2,0
2026-06-30,11:28,34000,카드,소복 정식,2,0
2026-06-30,11:50,21000,카드,묵은지 김치찜,1,0
2026-06-30,12:38,13000,현금,들기름 고등어 한상,1,0
2026-06-30,13:02,17000,카드,소복 정식,1,0
2026-06-30,13:03,13000,카드,들기름 고등어 한상,1,0
2026-06-30,13:29,18000,카드,동치미 국수,2,0
2026-06-30,13:38,21000,카드,묵은지 김치찜,1,0
2026-06-30,13:41,21000,카드,묵은지 김치찜,1,0
2026-06-30,13:52,6000,간편결제,계란말이 추가,1,0
2026-06-30,17:16,6000,카드,계란말이 추가,1,0
2026-06-30,17:18,6000,카드,계란말이 추가,1,0
2026-06-30,17:19,18000,카드,동치미 국수,2,0
2026-06-30,17:22,9000,카드,동치미 국수,1,0
2026-06-30,17:52,9000,카드,동치미 국수,1,0
2026-06-30,17:53,21000,간편결제,묵은지 김치찜,1,0
2026-06-30,17:56,12000,카드,계란말이 추가,2,0
2026-06-30,18:19,6000,카드,계란말이 추가,1,0
2026-06-30,18:20,15000,카드,제철 반상,1,0
2026-06-30,18:22,6000,현금,계란말이 추가,1,0
2026-06-30,18:29,17000,현금,소복 정식,1,0
2026-06-30,18:53,17000,카드,소복 정식,1,0
2026-06-30,19:00,21000,카드,묵은지 김치찜,1,0
2026-06-30,19:11,21000,카드,묵은지 김치찜,1,0
2026-06-30,19:56,34000,카드,소복 정식,2,0
2026-06-30,20:11,52000,카드,보리굴비 정식,2,0
2026-06-30,20:14,9000,간편결제,동치미 국수,1,0
2026-06-30,20:30,9000,카드,동치미 국수,1,0
2026-06-30,20:34,6000,카드,계란말이 추가,1,0
2026-06-30,20:53,9000,카드,동치미 국수,1,0
2026-07-01,11:07,13000,카드,들기름 고등어 한상,1,0
2026-07-01,11:24,9000,카드,동치미 국수,1,0
2026-07-01,11:26,9000,카드,동치미 국수,1,0
2026-07-01,11:28,21000,현금,묵은지 김치찜,1,0
2026-07-01,11:35,26000,카드,보리굴비 정식,1,0
2026-07-01,11:41,27000,간편결제,동치미 국수,3,0
2026-07-01,11:42,12000,카드,계란말이 추가,2,0
2026-07-01,12:01,13000,카드,들기름 고등어 한상,1,0
2026-07-01,12:32,9000,카드,동치미 국수,1,0
2026-07-01,12:40,6000,카드,계란말이 추가,1,0
2026-07-01,12:58,15000,카드,제철 반상,1,0
2026-07-01,13:00,13000,간편결제,들기름 고등어 한상,1,0
2026-07-01,13:09,6000,카드,계란말이 추가,1,0
2026-07-01,13:50,9000,카드,동치미 국수,1,0
2026-07-01,13:51,52000,카드,보리굴비 정식,2,0
2026-07-01,17:14,6000,카드,계란말이 추가,1,0
2026-07-01,17:39,9000,카드,동치미 국수,1,0
2026-07-01,17:41,26000,카드,보리굴비 정식,1,0
2026-07-01,17:49,45000,카드,제철 반상,3,0
2026-07-01,18:23,12000,카드,계란말이 추가,2,0
2026-07-01,18:30,6000,카드,계란말이 추가,1,0
2026-07-01,18:44,21000,카드,묵은지 김치찜,1,0
2026-07-01,19:38,34000,카드,소복 정식,2,0
2026-07-01,20:01,21000,간편결제,묵은지 김치찜,1,0
2026-07-01,20:03,18000,카드,동치미 국수,2,0
2026-07-01,20:10,13000,카드,들기름 고등어 한상,1,0
2026-07-01,20:40,26000,카드,보리굴비 정식,1,0
2026-07-01,20:43,26000,카드,들기름 고등어 한상,2,0
2026-07-01,20:50,21000,카드,묵은지 김치찜,1,0
2026-07-02,11:01,21000,간편결제,묵은지 김치찜,1,0
2026-07-02,11:09,9000,카드,동치미 국수,1,0
2026-07-02,11:14,6000,카드,계란말이 추가,1,0
2026-07-02,11:27,13000,카드,들기름 고등어 한상,1,0
2026-07-02,11:35,26000,카드,들기름 고등어 한상,2,0
2026-07-02,11:44,6000,카드,계란말이 추가,1,0
2026-07-02,11:51,17000,카드,소복 정식,1,0
2026-07-02,11:55,9000,카드,동치미 국수,1,0
2026-07-02,12:00,17000,카드,소복 정식,1,0
2026-07-02,12:01,21000,카드,묵은지 김치찜,1,0
2026-07-02,12:06,15000,간편결제,제철 반상,1,0
2026-07-02,12:07,6000,카드,계란말이 추가,1,0
2026-07-02,12:13,12000,카드,계란말이 추가,2,0
2026-07-02,12:16,9000,카드,동치미 국수,1,0
2026-07-02,12:23,21000,현금,묵은지 김치찜,1,0
2026-07-02,12:55,30000,카드,제철 반상,2,0
2026-07-02,13:01,42000,간편결제,묵은지 김치찜,2,0
2026-07-02,13:20,17000,카드,소복 정식,1,0
2026-07-02,13:31,26000,카드,보리굴비 정식,1,0
2026-07-02,13:43,34000,현금,소복 정식,2,0
2026-07-02,13:46,15000,간편결제,제철 반상,1,0
2026-07-02,17:06,21000,현금,묵은지 김치찜,1,0
2026-07-02,17:08,18000,카드,동치미 국수,2,0
2026-07-02,17:15,21000,카드,묵은지 김치찜,1,0
2026-07-02,17:43,17000,카드,소복 정식,1,0
2026-07-02,18:02,13000,카드,들기름 고등어 한상,1,0
2026-07-02,18:18,34000,카드,소복 정식,2,0
2026-07-02,18:19,17000,카드,소복 정식,1,0
2026-07-02,18:23,15000,카드,제철 반상,1,0
2026-07-02,18:24,17000,카드,소복 정식,1,0
2026-07-02,18:49,51000,카드,소복 정식,3,0
2026-07-02,19:12,15000,카드,제철 반상,1,0
2026-07-02,19:30,21000,현금,묵은지 김치찜,1,0
2026-07-02,19:42,15000,카드,제철 반상,1,0
2026-07-02,19:54,26000,카드,보리굴비 정식,1,0
2026-07-02,19:56,12000,카드,계란말이 추가,2,0
2026-07-02,19:58,12000,카드,계란말이 추가,2,0
2026-07-02,20:40,21000,카드,묵은지 김치찜,1,0
2026-07-02,20:46,30000,간편결제,제철 반상,2,0
2026-07-03,11:00,9000,카드,동치미 국수,1,0
2026-07-03,11:26,9000,카드,동치미 국수,1,0
2026-07-03,11:26,17000,카드,소복 정식,1,0
2026-07-03,11:33,9000,카드,동치미 국수,1,0
2026-07-03,11:45,12000,카드,계란말이 추가,2,0
2026-07-03,12:00,26000,카드,보리굴비 정식,1,0
2026-07-03,12:01,12000,카드,계란말이 추가,2,0
2026-07-03,12:10,17000,카드,소복 정식,1,0
2026-07-03,12:30,12000,카드,계란말이 추가,2,0
2026-07-03,12:36,9000,간편결제,동치미 국수,1,0
2026-07-03,12:47,13000,카드,들기름 고등어 한상,1,0
2026-07-03,12:59,15000,카드,제철 반상,1,0
2026-07-03,13:08,9000,간편결제,동치미 국수,1,0
2026-07-03,13:15,12000,카드,계란말이 추가,2,0
2026-07-03,13:30,39000,카드,들기름 고등어 한상,3,0
2026-07-03,13:31,17000,카드,소복 정식,1,0
2026-07-03,13:46,13000,카드,들기름 고등어 한상,1,0
2026-07-03,13:56,13000,간편결제,들기름 고등어 한상,1,0
2026-07-03,17:17,51000,간편결제,소복 정식,3,0
2026-07-03,17:21,26000,카드,보리굴비 정식,1,0
2026-07-03,17:52,26000,카드,보리굴비 정식,1,0
2026-07-03,17:54,15000,카드,제철 반상,1,0
2026-07-03,18:04,26000,간편결제,보리굴비 정식,1,0
2026-07-03,18:07,13000,카드,들기름 고등어 한상,1,0
2026-07-03,18:10,21000,간편결제,묵은지 김치찜,1,0
2026-07-03,18:22,15000,카드,제철 반상,1,0
2026-07-03,18:32,12000,간편결제,계란말이 추가,2,0
2026-07-03,18:39,21000,카드,묵은지 김치찜,1,0
2026-07-03,18:39,15000,간편결제,제철 반상,1,0
2026-07-03,18:50,13000,카드,들기름 고등어 한상,1,0
2026-07-03,19:10,30000,카드,제철 반상,2,0
2026-07-03,19:12,9000,카드,동치미 국수,1,0
2026-07-03,19:15,52000,카드,보리굴비 정식,2,0
2026-07-03,19:18,27000,카드,동치미 국수,3,0
2026-07-03,19:53,9000,카드,동치미 국수,1,0
2026-07-03,19:54,63000,카드,묵은지 김치찜,3,0
2026-07-03,20:09,34000,카드,소복 정식,2,0
2026-07-03,20:18,34000,간편결제,소복 정식,2,0
2026-07-03,20:22,15000,카드,제철 반상,1,0
2026-07-03,20:23,6000,카드,계란말이 추가,1,0
2026-07-03,20:25,9000,카드,동치미 국수,1,0
2026-07-03,20:46,9000,카드,동치미 국수,1,0
2026-07-03,20:47,26000,간편결제,들기름 고등어 한상,2,0
2026-07-03,20:48,42000,카드,묵은지 김치찜,2,0
2026-07-04,11:24,15000,카드,제철 반상,1,0
2026-07-04,11:28,26000,카드,보리굴비 정식,1,0
2026-07-04,12:12,9000,카드,동치미 국수,1,0
2026-07-04,12:22,17000,현금,소복 정식,1,0
2026-07-04,12:32,13000,현금,들기름 고등어 한상,1,0
2026-07-04,12:52,13000,카드,들기름 고등어 한상,1,13000
2026-07-04,12:58,52000,카드,보리굴비 정식,2,0
2026-07-04,13:01,15000,현금,제철 반상,1,0
2026-07-04,13:11,17000,카드,소복 정식,1,0
2026-07-04,13:23,26000,카드,들기름 고등어 한상,2,0
2026-07-04,13:27,13000,카드,들기름 고등어 한상,1,0
2026-07-04,13:36,21000,현금,묵은지 김치찜,1,0
2026-07-04,13:46,12000,현금,계란말이 추가,2,0
2026-07-04,13:54,21000,카드,묵은지 김치찜,1,0
2026-07-04,13:57,13000,카드,들기름 고등어 한상,1,0
2026-07-04,13:58,26000,카드,보리굴비 정식,1,0
2026-07-04,17:04,13000,카드,들기름 고등어 한상,1,0
2026-07-04,17:11,13000,카드,들기름 고등어 한상,1,0
2026-07-04,17:12,9000,현금,동치미 국수,1,0
2026-07-04,17:13,15000,카드,제철 반상,1,0
2026-07-04,17:17,18000,카드,동치미 국수,2,0
2026-07-04,17:19,13000,현금,들기름 고등어 한상,1,0
2026-07-04,17:23,9000,카드,동치미 국수,1,0
2026-07-04,17:26,15000,카드,제철 반상,1,0
2026-07-04,17:28,21000,카드,묵은지 김치찜,1,21000
2026-07-04,17:41,6000,카드,계란말이 추가,1,0
2026-07-04,17:43,6000,카드,계란말이 추가,1,0
2026-07-04,17:52,21000,카드,묵은지 김치찜,1,0
2026-07-04,17:52,9000,카드,동치미 국수,1,0
2026-07-04,17:53,26000,카드,보리굴비 정식,1,0
2026-07-04,18:03,17000,현금,소복 정식,1,0
2026-07-04,18:08,52000,카드,보리굴비 정식,2,0
2026-07-04,18:09,21000,카드,묵은지 김치찜,1,0
2026-07-04,18:51,13000,카드,들기름 고등어 한상,1,0
2026-07-04,19:09,18000,현금,동치미 국수,2,0
2026-07-04,19:26,6000,카드,계란말이 추가,1,0
2026-07-04,19:40,21000,카드,묵은지 김치찜,1,0
2026-07-04,19:50,17000,카드,소복 정식,1,0
2026-07-04,19:51,13000,카드,들기름 고등어 한상,1,0
2026-07-04,20:02,30000,카드,제철 반상,2,0
2026-07-04,20:11,6000,카드,계란말이 추가,1,0
2026-07-04,20:25,21000,카드,묵은지 김치찜,1,0
2026-07-04,20:45,42000,간편결제,묵은지 김치찜,2,0
2026-07-04,20:53,17000,간편결제,소복 정식,1,0
2026-07-05,11:01,17000,카드,소복 정식,1,0
2026-07-05,12:03,9000,카드,동치미 국수,1,0
2026-07-05,12:12,42000,카드,묵은지 김치찜,2,0
2026-07-05,12:15,34000,현금,소복 정식,2,0
2026-07-05,12:23,15000,간편결제,제철 반상,1,0
2026-07-05,12:36,17000,간편결제,소복 정식,1,0
2026-07-05,12:51,6000,카드,계란말이 추가,1,0
2026-07-05,12:57,39000,카드,들기름 고등어 한상,3,0
2026-07-05,12:58,52000,카드,보리굴비 정식,2,0
2026-07-05,13:22,13000,간편결제,들기름 고등어 한상,1,0
2026-07-05,13:39,26000,카드,보리굴비 정식,1,0
2026-07-05,13:54,26000,카드,보리굴비 정식,1,0
2026-07-05,17:25,12000,간편결제,계란말이 추가,2,0
2026-07-05,18:00,17000,카드,소복 정식,1,0
2026-07-05,18:11,15000,카드,제철 반상,1,0
2026-07-05,18:35,6000,카드,계란말이 추가,1,0
2026-07-05,18:35,6000,카드,계란말이 추가,1,0
2026-07-05,18:39,21000,카드,묵은지 김치찜,1,0
2026-07-05,18:55,17000,간편결제,소복 정식,1,0
2026-07-05,19:01,9000,카드,동치미 국수,1,0
2026-07-05,19:05,21000,카드,묵은지 김치찜,1,0
2026-07-05,19:29,18000,카드,동치미 국수,2,0
2026-07-05,20:06,39000,카드,들기름 고등어 한상,3,0
2026-07-05,20:08,21000,카드,묵은지 김치찜,1,0
2026-07-05,20:46,26000,카드,보리굴비 정식,1,0
2026-07-05,20:52,21000,카드,묵은지 김치찜,1,0
2026-07-05,20:58,52000,카드,보리굴비 정식,2,0
2026-07-06,11:08,26000,카드,보리굴비 정식,1,0
2026-07-06,11:11,30000,간편결제,제철 반상,2,0
2026-07-06,11:50,26000,간편결제,들기름 고등어 한상,2,0
2026-07-06,12:47,13000,현금,들기름 고등어 한상,1,0
2026-07-06,12:55,15000,카드,제철 반상,1,0
2026-07-06,13:13,21000,카드,묵은지 김치찜,1,0
2026-07-06,13:25,15000,간편결제,제철 반상,1,0
2026-07-06,13:35,17000,카드,소복 정식,1,0
2026-07-06,13:46,15000,간편결제,제철 반상,1,0
2026-07-06,13:51,6000,카드,계란말이 추가,1,0
2026-07-06,17:16,17000,간편결제,소복 정식,1,0
2026-07-06,17:37,13000,카드,들기름 고등어 한상,1,0
2026-07-06,17:39,26000,카드,보리굴비 정식,1,0
2026-07-06,18:29,9000,현금,동치미 국수,1,0
2026-07-06,18:55,21000,카드,묵은지 김치찜,1,0
2026-07-06,18:57,17000,카드,소복 정식,1,0
2026-07-06,19:17,6000,간편결제,계란말이 추가,1,0
2026-07-06,19:18,13000,카드,들기름 고등어 한상,1,0
2026-07-06,19:41,17000,간편결제,소복 정식,1,0
2026-07-06,20:06,13000,간편결제,들기름 고등어 한상,1,0
2026-07-06,20:13,17000,카드,소복 정식,1,0
2026-07-06,20:17,15000,카드,제철 반상,1,0
2026-07-06,20:27,17000,카드,소복 정식,1,0
2026-07-06,20:27,12000,카드,계란말이 추가,2,0
2026-07-06,20:28,42000,카드,묵은지 김치찜,2,0
2026-07-06,20:36,9000,카드,동치미 국수,1,0
2026-07-07,11:00,26000,현금,보리굴비 정식,1,0
2026-07-07,11:18,17000,간편결제,소복 정식,1,0
2026-07-07,11:50,9000,카드,동치미 국수,1,0
2026-07-07,11:57,6000,카드,계란말이 추가,1,0
2026-07-07,12:12,21000,카드,묵은지 김치찜,1,0
2026-07-07,12:13,15000,현금,제철 반상,1,0
2026-07-07,12:28,6000,카드,계란말이 추가,1,0
2026-07-07,13:09,15000,카드,제철 반상,1,0
2026-07-07,13:13,26000,카드,보리굴비 정식,1,0
2026-07-07,13:43,15000,카드,제철 반상,1,0
2026-07-07,13:43,21000,간편결제,묵은지 김치찜,1,0
2026-07-07,13:44,78000,카드,보리굴비 정식,3,0
2026-07-07,13:48,17000,카드,소복 정식,1,0
2026-07-07,17:16,17000,간편결제,소복 정식,1,0
2026-07-07,17:23,15000,간편결제,제철 반상,1,0
2026-07-07,17:36,42000,카드,묵은지 김치찜,2,0
2026-07-07,17:50,30000,간편결제,제철 반상,2,0
2026-07-07,18:14,9000,카드,동치미 국수,1,0
2026-07-07,18:17,42000,카드,묵은지 김치찜,2,0
2026-07-07,18:27,30000,간편결제,제철 반상,2,0
2026-07-07,18:31,13000,간편결제,들기름 고등어 한상,1,0
2026-07-07,18:31,15000,카드,제철 반상,1,0
2026-07-07,18:33,26000,간편결제,들기름 고등어 한상,2,0
2026-07-07,18:40,15000,카드,제철 반상,1,0
2026-07-07,18:47,15000,현금,제철 반상,1,0
2026-07-07,18:51,21000,간편결제,묵은지 김치찜,1,0
2026-07-07,18:55,13000,간편결제,들기름 고등어 한상,1,0
2026-07-07,18:55,13000,카드,들기름 고등어 한상,1,0
2026-07-07,18:59,17000,카드,소복 정식,1,0
2026-07-07,19:08,9000,카드,동치미 국수,1,0
2026-07-07,19:29,13000,간편결제,들기름 고등어 한상,1,0
2026-07-07,19:49,6000,간편결제,계란말이 추가,1,0
2026-07-07,19:53,26000,카드,보리굴비 정식,1,0
2026-07-07,20:13,26000,카드,보리굴비 정식,1,0
2026-07-07,20:28,12000,카드,계란말이 추가,2,0
2026-07-08,11:12,13000,간편결제,들기름 고등어 한상,1,0
2026-07-08,11:20,15000,카드,제철 반상,1,0
2026-07-08,11:23,17000,카드,소복 정식,1,0
2026-07-08,11:34,63000,카드,묵은지 김치찜,3,0
2026-07-08,11:47,17000,간편결제,소복 정식,1,0
2026-07-08,11:48,26000,간편결제,보리굴비 정식,1,0
2026-07-08,11:59,26000,카드,보리굴비 정식,1,0
2026-07-08,12:08,26000,카드,보리굴비 정식,1,0
2026-07-08,12:13,9000,카드,동치미 국수,1,0
2026-07-08,12:14,17000,카드,소복 정식,1,0
2026-07-08,12:27,9000,카드,동치미 국수,1,0
2026-07-08,12:44,12000,카드,계란말이 추가,2,0
2026-07-08,12:57,13000,현금,들기름 고등어 한상,1,0
2026-07-08,13:02,21000,간편결제,묵은지 김치찜,1,0
2026-07-08,13:14,15000,카드,제철 반상,1,0
2026-07-08,13:17,26000,카드,보리굴비 정식,1,0
2026-07-08,13:24,26000,카드,보리굴비 정식,1,0
2026-07-08,13:40,9000,카드,동치미 국수,1,0
2026-07-08,13:44,9000,카드,동치미 국수,1,0
2026-07-08,17:08,34000,카드,소복 정식,2,0
2026-07-08,17:24,21000,현금,묵은지 김치찜,1,0
2026-07-08,17:53,15000,카드,제철 반상,1,0
2026-07-08,17:53,6000,현금,계란말이 추가,1,0
2026-07-08,18:05,15000,카드,제철 반상,1,0
2026-07-08,18:13,52000,카드,보리굴비 정식,2,0
2026-07-08,18:19,6000,카드,계란말이 추가,1,0
2026-07-08,18:19,13000,카드,들기름 고등어 한상,1,0
2026-07-08,18:40,13000,카드,들기름 고등어 한상,1,0
2026-07-08,18:53,26000,현금,보리굴비 정식,1,0
2026-07-08,19:53,21000,카드,묵은지 김치찜,1,0
2026-07-08,20:39,6000,카드,계란말이 추가,1,0
2026-07-08,20:45,9000,카드,동치미 국수,1,0
2026-07-09,11:02,17000,카드,소복 정식,1,0
2026-07-09,11:03,9000,카드,동치미 국수,1,0
2026-07-09,11:28,21000,카드,묵은지 김치찜,1,0
2026-07-09,12:00,6000,간편결제,계란말이 추가,1,0
2026-07-09,12:00,6000,현금,계란말이 추가,1,0
2026-07-09,12:06,6000,현금,계란말이 추가,1,0
2026-07-09,12:11,13000,카드,들기름 고등어 한상,1,0
2026-07-09,12:58,15000,카드,제철 반상,1,0
2026-07-09,13:17,26000,간편결제,보리굴비 정식,1,0
2026-07-09,13:17,6000,카드,계란말이 추가,1,0
2026-07-09,13:19,13000,카드,들기름 고등어 한상,1,0
2026-07-09,13:49,34000,카드,소복 정식,2,0
2026-07-09,13:52,9000,카드,동치미 국수,1,0
2026-07-09,13:54,26000,간편결제,들기름 고등어 한상,2,0
2026-07-09,13:55,17000,카드,소복 정식,1,0
2026-07-09,13:59,21000,카드,묵은지 김치찜,1,0
2026-07-09,17:17,9000,카드,동치미 국수,1,0
2026-07-09,17:20,9000,카드,동치미 국수,1,0
2026-07-09,17:47,6000,카드,계란말이 추가,1,6000
2026-07-09,17:59,26000,카드,들기름 고등어 한상,2,0
2026-07-09,18:02,13000,카드,들기름 고등어 한상,1,0
2026-07-09,18:04,21000,카드,묵은지 김치찜,1,0
2026-07-09,18:12,78000,카드,보리굴비 정식,3,0
2026-07-09,18:21,27000,카드,동치미 국수,3,0
2026-07-09,18:24,21000,카드,묵은지 김치찜,1,0
2026-07-09,18:50,12000,카드,계란말이 추가,2,0
2026-07-09,19:07,63000,간편결제,묵은지 김치찜,3,0
2026-07-09,19:08,17000,카드,소복 정식,1,0
2026-07-09,19:20,30000,카드,제철 반상,2,0
2026-07-09,19:33,26000,카드,보리굴비 정식,1,0
2026-07-09,20:18,18000,카드,동치미 국수,2,0
2026-07-09,20:26,17000,카드,소복 정식,1,0
2026-07-09,20:35,9000,카드,동치미 국수,1,0
2026-07-09,20:46,18000,카드,동치미 국수,2,0
2026-07-09,20:56,17000,카드,소복 정식,1,0
2026-07-10,11:17,15000,카드,제철 반상,1,0
2026-07-10,11:17,30000,간편결제,제철 반상,2,0
2026-07-10,11:22,52000,간편결제,보리굴비 정식,2,0
2026-07-10,11:38,17000,카드,소복 정식,1,0
2026-07-10,11:54,6000,카드,계란말이 추가,1,6000
2026-07-10,12:03,63000,현금,묵은지 김치찜,3,0
2026-07-10,12:04,6000,카드,계란말이 추가,1,0
2026-07-10,12:05,15000,카드,제철 반상,1,0
2026-07-10,12:05,9000,현금,동치미 국수,1,0
2026-07-10,12:08,42000,카드,묵은지 김치찜,2,0
2026-07-10,12:11,26000,카드,들기름 고등어 한상,2,0
2026-07-10,12:39,6000,카드,계란말이 추가,1,0
2026-07-10,12:43,13000,카드,들기름 고등어 한상,1,0
2026-07-10,13:00,78000,카드,보리굴비 정식,3,0
2026-07-10,13:01,18000,카드,동치미 국수,2,0
2026-07-10,13:03,21000,카드,묵은지 김치찜,1,0
2026-07-10,13:11,9000,간편결제,동치미 국수,1,0
2026-07-10,13:14,21000,카드,묵은지 김치찜,1,0
2026-07-10,13:17,9000,카드,동치미 국수,1,0
2026-07-10,13:18,6000,간편결제,계란말이 추가,1,0
2026-07-10,13:26,52000,간편결제,보리굴비 정식,2,0
2026-07-10,13:29,15000,카드,제철 반상,1,0
2026-07-10,13:33,42000,카드,묵은지 김치찜,2,0
2026-07-10,13:46,30000,카드,제철 반상,2,0
2026-07-10,13:53,6000,카드,계란말이 추가,1,0
2026-07-10,13:59,18000,카드,동치미 국수,2,0
2026-07-10,17:21,52000,카드,보리굴비 정식,2,0
2026-07-10,17:27,17000,간편결제,소복 정식,1,0
2026-07-10,17:34,34000,현금,소복 정식,2,0
2026-07-10,17:44,13000,카드,들기름 고등어 한상,1,0
2026-07-10,17:47,30000,현금,제철 반상,2,0
2026-07-10,17:48,45000,현금,제철 반상,3,0
2026-07-10,18:06,17000,카드,소복 정식,1,0
2026-07-10,18:10,15000,카드,제철 반상,1,0
2026-07-10,18:12,21000,카드,묵은지 김치찜,1,0
2026-07-10,18:34,6000,카드,계란말이 추가,1,0
2026-07-10,18:34,21000,카드,묵은지 김치찜,1,0
2026-07-10,18:40,15000,카드,제철 반상,1,0
2026-07-10,18:43,27000,간편결제,동치미 국수,3,0
2026-07-10,18:49,12000,카드,계란말이 추가,2,0
2026-07-10,18:57,13000,카드,들기름 고등어 한상,1,0
2026-07-10,19:10,17000,카드,소복 정식,1,0
2026-07-10,19:12,21000,현금,묵은지 김치찜,1,0
2026-07-10,19:24,26000,카드,보리굴비 정식,1,0
2026-07-10,19:27,17000,카드,소복 정식,1,0
2026-07-10,19:32,13000,카드,들기름 고등어 한상,1,0
2026-07-10,19:39,26000,카드,보리굴비 정식,1,0
2026-07-10,19:48,6000,카드,계란말이 추가,1,0
2026-07-10,20:14,6000,카드,계란말이 추가,1,0
2026-07-10,20:39,34000,카드,소복 정식,2,0
2026-07-11,11:08,17000,카드,소복 정식,1,0
2026-07-11,11:21,15000,간편결제,제철 반상,1,0
2026-07-11,11:28,6000,카드,계란말이 추가,1,0
2026-07-11,11:31,17000,간편결제,소복 정식,1,0
2026-07-11,11:33,42000,카드,묵은지 김치찜,2,0
2026-07-11,11:33,30000,카드,제철 반상,2,0
2026-07-11,12:04,26000,간편결제,보리굴비 정식,1,0
2026-07-11,12:06,9000,카드,동치미 국수,1,0
2026-07-11,12:10,6000,카드,계란말이 추가,1,0
2026-07-11,12:23,34000,카드,소복 정식,2,0
2026-07-11,12:23,34000,카드,소복 정식,2,0
2026-07-11,12:56,13000,카드,들기름 고등어 한상,1,0
2026-07-11,13:23,26000,카드,보리굴비 정식,1,0
2026-07-11,13:51,78000,카드,보리굴비 정식,3,0
2026-07-11,17:16,26000,카드,보리굴비 정식,1,0
2026-07-11,17:29,26000,카드,들기름 고등어 한상,2,0
2026-07-11,17:29,21000,카드,묵은지 김치찜,1,0
2026-07-11,17:39,26000,간편결제,보리굴비 정식,1,0
2026-07-11,17:39,15000,카드,제철 반상,1,0
2026-07-11,17:50,34000,현금,소복 정식,2,34000
2026-07-11,18:07,9000,카드,동치미 국수,1,0
2026-07-11,18:28,51000,카드,소복 정식,3,0
2026-07-11,18:28,9000,카드,동치미 국수,1,0
2026-07-11,18:31,6000,카드,계란말이 추가,1,0
2026-07-11,18:31,21000,카드,묵은지 김치찜,1,0
2026-07-11,18:32,15000,카드,제철 반상,1,0
2026-07-11,18:36,13000,현금,들기름 고등어 한상,1,0
2026-07-11,18:41,15000,카드,제철 반상,1,0
2026-07-11,19:06,26000,카드,보리굴비 정식,1,0
2026-07-11,19:13,42000,카드,묵은지 김치찜,2,0
2026-07-11,19:13,27000,카드,동치미 국수,3,0
2026-07-11,19:25,26000,카드,들기름 고등어 한상,2,0
2026-07-11,19:53,45000,카드,제철 반상,3,45000
2026-07-11,20:00,6000,카드,계란말이 추가,1,0
2026-07-11,20:05,30000,카드,제철 반상,2,0
2026-07-11,20:05,6000,카드,계란말이 추가,1,0
2026-07-11,20:14,17000,현금,소복 정식,1,0
2026-07-11,20:32,6000,카드,계란말이 추가,1,0
2026-07-11,20:38,30000,카드,제철 반상,2,0
2026-07-11,20:40,6000,카드,계란말이 추가,1,0
2026-07-11,20:52,12000,카드,계란말이 추가,2,0
2026-07-12,11:18,9000,카드,동치미 국수,1,0
2026-07-12,11:25,21000,카드,묵은지 김치찜,1,21000
2026-07-12,11:32,12000,간편결제,계란말이 추가,2,0
2026-07-12,11:40,34000,카드,소복 정식,2,0
2026-07-12,11:46,6000,간편결제,계란말이 추가,1,0
2026-07-12,11:51,26000,카드,보리굴비 정식,1,0
2026-07-12,11:55,9000,카드,동치미 국수,1,0
2026-07-12,12:28,26000,현금,보리굴비 정식,1,0
2026-07-12,12:33,18000,카드,동치미 국수,2,0
2026-07-12,12:36,15000,카드,제철 반상,1,0
2026-07-12,12:43,26000,카드,보리굴비 정식,1,0
2026-07-12,13:07,9000,카드,동치미 국수,1,0
2026-07-12,13:23,34000,카드,소복 정식,2,0
2026-07-12,13:23,15000,간편결제,제철 반상,1,0
2026-07-12,13:24,26000,카드,보리굴비 정식,1,0
2026-07-12,13:29,15000,현금,제철 반상,1,0
2026-07-12,13:35,12000,카드,계란말이 추가,2,0
2026-07-12,13:52,9000,카드,동치미 국수,1,0
2026-07-12,17:35,13000,카드,들기름 고등어 한상,1,0
2026-07-12,17:37,15000,카드,제철 반상,1,0
2026-07-12,18:52,6000,카드,계란말이 추가,1,0
2026-07-12,19:00,15000,카드,제철 반상,1,0
2026-07-12,19:01,21000,카드,묵은지 김치찜,1,0
2026-07-12,19:18,17000,간편결제,소복 정식,1,0
2026-07-12,19:20,34000,카드,소복 정식,2,0
2026-07-12,19:21,17000,카드,소복 정식,1,0
2026-07-12,19:30,42000,카드,묵은지 김치찜,2,0
2026-07-12,19:38,15000,카드,제철 반상,1,0
2026-07-12,20:05,13000,간편결제,들기름 고등어 한상,1,0
2026-07-12,20:06,13000,카드,들기름 고등어 한상,1,0
2026-07-12,20:13,26000,카드,들기름 고등어 한상,2,0
2026-07-12,20:31,6000,현금,계란말이 추가,1,0
2026-07-12,20:44,13000,간편결제,들기름 고등어 한상,1,0
2026-07-12,20:51,15000,카드,제철 반상,1,0
2026-07-14,11:07,26000,카드,보리굴비 정식,1,0
2026-07-14,11:15,26000,카드,보리굴비 정식,1,0
2026-07-14,11:19,26000,카드,보리굴비 정식,1,0
2026-07-14,11:43,9000,카드,동치미 국수,1,0
2026-07-14,11:50,26000,카드,보리굴비 정식,1,0
2026-07-14,12:16,26000,카드,보리굴비 정식,1,0
2026-07-14,12:40,13000,간편결제,들기름 고등어 한상,1,0
2026-07-14,12:43,17000,현금,소복 정식,1,0
2026-07-14,13:09,26000,카드,보리굴비 정식,1,0
2026-07-14,13:36,45000,카드,제철 반상,3,0
2026-07-14,13:40,9000,간편결제,동치미 국수,1,0
2026-07-14,13:53,34000,현금,소복 정식,2,0
2026-07-14,17:50,42000,현금,묵은지 김치찜,2,0
2026-07-14,17:50,21000,간편결제,묵은지 김치찜,1,0
2026-07-14,17:52,12000,카드,계란말이 추가,2,0
2026-07-14,17:58,13000,카드,들기름 고등어 한상,1,0
2026-07-14,17:58,34000,카드,소복 정식,2,0
2026-07-14,18:00,13000,카드,들기름 고등어 한상,1,0
2026-07-14,18:15,6000,카드,계란말이 추가,1,0
2026-07-14,18:40,15000,카드,제철 반상,1,0
2026-07-14,18:40,9000,카드,동치미 국수,1,0
2026-07-14,18:51,78000,카드,보리굴비 정식,3,0
2026-07-14,18:58,13000,카드,들기름 고등어 한상,1,0
2026-07-14,19:15,13000,카드,들기름 고등어 한상,1,0
2026-07-14,19:38,26000,카드,보리굴비 정식,1,0
2026-07-14,19:43,9000,카드,동치미 국수,1,0
2026-07-14,19:50,15000,간편결제,제철 반상,1,0
2026-07-14,20:38,15000,카드,제철 반상,1,0
2026-07-14,20:52,13000,카드,들기름 고등어 한상,1,0
2026-07-15,11:07,9000,카드,동치미 국수,1,0
2026-07-15,11:30,26000,카드,보리굴비 정식,1,0
2026-07-15,11:36,6000,카드,계란말이 추가,1,0
2026-07-15,11:38,52000,카드,보리굴비 정식,2,0
2026-07-15,11:59,34000,카드,소복 정식,2,0
2026-07-15,12:02,26000,카드,보리굴비 정식,1,0
2026-07-15,12:08,52000,카드,보리굴비 정식,2,0
2026-07-15,12:25,63000,카드,묵은지 김치찜,3,0
2026-07-15,12:47,9000,현금,동치미 국수,1,0
2026-07-15,12:57,17000,간편결제,소복 정식,1,0
2026-07-15,13:38,17000,카드,소복 정식,1,0
2026-07-15,13:48,42000,카드,묵은지 김치찜,2,0
2026-07-15,17:01,15000,카드,제철 반상,1,0
2026-07-15,17:23,13000,간편결제,들기름 고등어 한상,1,0
2026-07-15,17:42,6000,카드,계란말이 추가,1,0
2026-07-15,17:44,26000,카드,보리굴비 정식,1,0
2026-07-15,17:47,12000,카드,계란말이 추가,2,0
2026-07-15,17:53,26000,카드,보리굴비 정식,1,0
2026-07-15,18:03,13000,카드,들기름 고등어 한상,1,0
2026-07-15,18:05,9000,카드,동치미 국수,1,0
2026-07-15,18:06,30000,간편결제,제철 반상,2,0
2026-07-15,18:12,26000,카드,보리굴비 정식,1,0
2026-07-15,18:18,6000,간편결제,계란말이 추가,1,0
2026-07-15,18:29,6000,카드,계란말이 추가,1,0
2026-07-15,18:37,15000,카드,제철 반상,1,0
2026-07-15,19:00,13000,카드,들기름 고등어 한상,1,0
2026-07-15,19:11,15000,카드,제철 반상,1,0
2026-07-15,19:21,52000,카드,보리굴비 정식,2,0
2026-07-15,19:21,21000,카드,묵은지 김치찜,1,0
2026-07-15,19:32,18000,카드,동치미 국수,2,0
2026-07-15,19:34,6000,카드,계란말이 추가,1,0
2026-07-15,19:58,21000,카드,묵은지 김치찜,1,0
2026-07-15,20:18,15000,간편결제,제철 반상,1,0
2026-07-15,20:19,15000,카드,제철 반상,1,0
2026-07-15,20:30,18000,카드,동치미 국수,2,0
2026-07-15,20:50,6000,카드,계란말이 추가,1,0
2026-07-15,20:56,13000,간편결제,들기름 고등어 한상,1,0
2026-07-16,11:12,9000,카드,동치미 국수,1,0
2026-07-16,11:24,42000,카드,묵은지 김치찜,2,0
2026-07-16,11:24,26000,간편결제,보리굴비 정식,1,0
2026-07-16,11:27,9000,카드,동치미 국수,1,0
2026-07-16,11:38,39000,간편결제,들기름 고등어 한상,3,0
2026-07-16,11:39,9000,카드,동치미 국수,1,0
2026-07-16,11:51,21000,카드,묵은지 김치찜,1,0
2026-07-16,11:57,15000,카드,제철 반상,1,0
2026-07-16,12:03,13000,간편결제,들기름 고등어 한상,1,0
2026-07-16,12:13,26000,카드,보리굴비 정식,1,0
2026-07-16,12:24,15000,카드,제철 반상,1,0
2026-07-16,12:35,17000,카드,소복 정식,1,0
2026-07-16,12:42,52000,카드,보리굴비 정식,2,0
2026-07-16,12:42,13000,현금,들기름 고등어 한상,1,0
2026-07-16,13:06,21000,간편결제,묵은지 김치찜,1,0
2026-07-16,13:08,21000,현금,묵은지 김치찜,1,21000
2026-07-16,13:55,17000,간편결제,소복 정식,1,0
2026-07-16,17:04,18000,카드,동치미 국수,2,0
2026-07-16,17:24,6000,간편결제,계란말이 추가,1,0
2026-07-16,17:27,15000,카드,제철 반상,1,0
2026-07-16,17:36,17000,카드,소복 정식,1,0
2026-07-16,18:10,6000,카드,계란말이 추가,1,0
2026-07-16,18:19,42000,카드,묵은지 김치찜,2,0
2026-07-16,18:33,12000,카드,계란말이 추가,2,0
2026-07-16,18:43,6000,카드,계란말이 추가,1,0
2026-07-16,18:55,13000,간편결제,들기름 고등어 한상,1,0
2026-07-16,19:16,9000,카드,동치미 국수,1,0
2026-07-16,19:30,9000,카드,동치미 국수,1,0
2026-07-16,19:32,26000,간편결제,보리굴비 정식,1,0
2026-07-16,20:06,15000,카드,제철 반상,1,0
2026-07-16,20:16,78000,카드,보리굴비 정식,3,0
2026-07-16,20:25,26000,카드,보리굴비 정식,1,0
2026-07-16,20:29,13000,카드,들기름 고등어 한상,1,0
2026-07-16,20:55,13000,간편결제,들기름 고등어 한상,1,0
2026-07-17,11:16,9000,카드,동치미 국수,1,0
2026-07-17,11:17,17000,카드,소복 정식,1,0
2026-07-17,11:19,9000,카드,동치미 국수,1,0
2026-07-17,11:23,30000,카드,제철 반상,2,0
2026-07-17,11:25,18000,카드,동치미 국수,2,0
2026-07-17,11:36,26000,카드,보리굴비 정식,1,0
2026-07-17,11:44,9000,카드,동치미 국수,1,0
2026-07-17,11:46,52000,현금,보리굴비 정식,2,0
2026-07-17,11:48,6000,간편결제,계란말이 추가,1,0
2026-07-17,11:52,26000,카드,보리굴비 정식,1,0
2026-07-17,11:58,13000,카드,들기름 고등어 한상,1,0
2026-07-17,12:08,9000,카드,동치미 국수,1,0
2026-07-17,12:14,17000,간편결제,소복 정식,1,0
2026-07-17,12:19,21000,카드,묵은지 김치찜,1,21000
2026-07-17,12:31,78000,카드,보리굴비 정식,3,0
2026-07-17,12:33,9000,카드,동치미 국수,1,0
2026-07-17,12:52,78000,카드,보리굴비 정식,3,0
2026-07-17,12:55,15000,카드,제철 반상,1,0
2026-07-17,13:05,12000,카드,계란말이 추가,2,0
2026-07-17,13:12,6000,현금,계란말이 추가,1,0
2026-07-17,13:36,21000,카드,묵은지 김치찜,1,0
2026-07-17,13:48,21000,카드,묵은지 김치찜,1,0
2026-07-17,13:49,26000,카드,보리굴비 정식,1,0
2026-07-17,17:06,26000,현금,보리굴비 정식,1,0
2026-07-17,17:17,21000,카드,묵은지 김치찜,1,0
2026-07-17,17:27,17000,카드,소복 정식,1,0
2026-07-17,17:28,30000,간편결제,제철 반상,2,0
2026-07-17,17:37,26000,카드,보리굴비 정식,1,0
2026-07-17,18:05,9000,카드,동치미 국수,1,0
2026-07-17,18:08,42000,카드,묵은지 김치찜,2,0
2026-07-17,18:19,6000,카드,계란말이 추가,1,0
2026-07-17,18:42,39000,카드,들기름 고등어 한상,3,0
2026-07-17,18:46,15000,카드,제철 반상,1,0
2026-07-17,18:59,17000,카드,소복 정식,1,0
2026-07-17,19:00,39000,카드,들기름 고등어 한상,3,0
2026-07-17,19:02,27000,카드,동치미 국수,3,0
2026-07-17,19:12,26000,카드,보리굴비 정식,1,0
2026-07-17,19:30,26000,카드,보리굴비 정식,1,0
2026-07-17,19:54,78000,간편결제,보리굴비 정식,3,0
2026-07-17,19:55,52000,카드,보리굴비 정식,2,0
2026-07-17,20:23,9000,카드,동치미 국수,1,0
2026-07-17,20:26,51000,현금,소복 정식,3,0
2026-07-17,20:40,17000,카드,소복 정식,1,0
2026-07-17,20:45,12000,카드,계란말이 추가,2,0
2026-07-17,20:51,6000,간편결제,계란말이 추가,1,0
2026-07-18,11:01,17000,카드,소복 정식,1,0
2026-07-18,11:11,18000,현금,계란말이 추가,3,0
2026-07-18,11:12,6000,현금,계란말이 추가,1,0
2026-07-18,11:19,15000,카드,제철 반상,1,0
2026-07-18,11:43,52000,카드,보리굴비 정식,2,0
2026-07-18,11:50,26000,카드,보리굴비 정식,1,0
2026-07-18,12:24,9000,카드,동치미 국수,1,0
2026-07-18,12:51,26000,카드,들기름 고등어 한상,2,0
2026-07-18,13:01,12000,간편결제,계란말이 추가,2,0
2026-07-18,13:07,26000,카드,들기름 고등어 한상,2,0
2026-07-18,13:37,6000,카드,계란말이 추가,1,0
2026-07-18,13:47,6000,카드,계란말이 추가,1,0
2026-07-18,13:47,21000,간편결제,묵은지 김치찜,1,0
2026-07-18,13:48,13000,간편결제,들기름 고등어 한상,1,0
2026-07-18,17:00,13000,카드,들기름 고등어 한상,1,0
2026-07-18,17:09,21000,카드,묵은지 김치찜,1,0
2026-07-18,17:33,6000,간편결제,계란말이 추가,1,0
2026-07-18,17:36,34000,카드,소복 정식,2,0
2026-07-18,17:51,17000,간편결제,소복 정식,1,0
2026-07-18,17:55,39000,카드,들기름 고등어 한상,3,0
2026-07-18,18:17,30000,간편결제,제철 반상,2,0
2026-07-18,18:18,17000,카드,소복 정식,1,0
2026-07-18,18:20,12000,카드,계란말이 추가,2,0
2026-07-18,18:31,26000,카드,보리굴비 정식,1,0
2026-07-18,18:34,26000,카드,보리굴비 정식,1,0
2026-07-18,18:35,26000,카드,보리굴비 정식,1,0
2026-07-18,18:47,52000,현금,보리굴비 정식,2,0
2026-07-18,18:54,9000,카드,동치미 국수,1,0
2026-07-18,19:01,17000,카드,소복 정식,1,0
2026-07-18,19:09,9000,카드,동치미 국수,1,0
2026-07-18,19:11,30000,간편결제,제철 반상,2,0
2026-07-18,19:12,39000,간편결제,들기름 고등어 한상,3,0
2026-07-18,19:20,17000,카드,소복 정식,1,0
2026-07-18,19:26,26000,간편결제,보리굴비 정식,1,0
2026-07-18,19:43,17000,간편결제,소복 정식,1,0
2026-07-18,19:44,17000,카드,소복 정식,1,0
2026-07-18,20:30,26000,카드,들기름 고등어 한상,2,0
2026-07-18,20:30,17000,카드,소복 정식,1,0
2026-07-18,20:33,26000,카드,보리굴비 정식,1,0
2026-07-18,20:35,63000,카드,묵은지 김치찜,3,0
2026-07-18,20:41,18000,카드,동치미 국수,2,0
2026-07-19,11:26,9000,간편결제,동치미 국수,1,0
2026-07-19,11:27,78000,카드,보리굴비 정식,3,0
2026-07-19,11:27,17000,간편결제,소복 정식,1,0
2026-07-19,11:48,6000,카드,계란말이 추가,1,0
2026-07-19,12:20,13000,카드,들기름 고등어 한상,1,0
2026-07-19,12:36,6000,카드,계란말이 추가,1,0
2026-07-19,12:42,13000,카드,들기름 고등어 한상,1,0
2026-07-19,13:01,21000,간편결제,묵은지 김치찜,1,0
2026-07-19,13:11,6000,카드,계란말이 추가,1,0
2026-07-19,13:17,12000,카드,계란말이 추가,2,0
2026-07-19,13:26,6000,카드,계란말이 추가,1,0
2026-07-19,13:29,17000,간편결제,소복 정식,1,0
2026-07-19,13:39,17000,카드,소복 정식,1,17000
2026-07-19,13:42,42000,간편결제,묵은지 김치찜,2,0
2026-07-19,13:53,21000,카드,묵은지 김치찜,1,0
2026-07-19,17:02,26000,카드,보리굴비 정식,1,0
2026-07-19,17:29,39000,카드,들기름 고등어 한상,3,0
2026-07-19,17:46,27000,현금,동치미 국수,3,0
2026-07-19,17:50,30000,간편결제,제철 반상,2,0
2026-07-19,18:01,34000,카드,소복 정식,2,0
2026-07-19,18:21,52000,현금,보리굴비 정식,2,0
2026-07-19,18:26,26000,현금,보리굴비 정식,1,0
2026-07-19,18:43,13000,카드,들기름 고등어 한상,1,0
2026-07-19,18:50,34000,간편결제,소복 정식,2,0
2026-07-19,18:50,17000,카드,소복 정식,1,0
2026-07-19,19:07,26000,카드,보리굴비 정식,1,0
2026-07-19,19:20,45000,카드,제철 반상,3,0
2026-07-19,19:26,26000,카드,보리굴비 정식,1,0
2026-07-19,19:30,6000,간편결제,계란말이 추가,1,0
2026-07-19,20:10,12000,카드,계란말이 추가,2,0
2026-07-19,20:20,13000,간편결제,들기름 고등어 한상,1,0
2026-07-19,20:27,9000,카드,동치미 국수,1,0
2026-07-19,20:59,18000,카드,계란말이 추가,3,0
2026-07-20,11:22,18000,간편결제,동치미 국수,2,0
2026-07-20,11:31,6000,카드,계란말이 추가,1,0
2026-07-20,11:34,52000,카드,보리굴비 정식,2,0
2026-07-20,11:35,9000,간편결제,동치미 국수,1,0
2026-07-20,11:35,13000,카드,들기름 고등어 한상,1,0
2026-07-20,11:42,26000,현금,보리굴비 정식,1,0
2026-07-20,12:01,21000,카드,묵은지 김치찜,1,0
2026-07-20,12:31,34000,카드,소복 정식,2,0
2026-07-20,12:34,12000,현금,계란말이 추가,2,0
2026-07-20,12:46,6000,카드,계란말이 추가,1,0
2026-07-20,13:14,17000,카드,소복 정식,1,0
2026-07-20,13:27,26000,현금,보리굴비 정식,1,0
2026-07-20,13:49,21000,카드,묵은지 김치찜,1,0
2026-07-20,17:12,17000,카드,소복 정식,1,0
2026-07-20,17:14,9000,카드,동치미 국수,1,0
2026-07-20,17:23,9000,카드,동치미 국수,1,0
2026-07-20,17:38,78000,간편결제,보리굴비 정식,3,0
2026-07-20,17:55,6000,카드,계란말이 추가,1,0
2026-07-20,17:57,6000,카드,계란말이 추가,1,0
2026-07-20,18:05,6000,카드,계란말이 추가,1,0
2026-07-20,18:06,6000,간편결제,계란말이 추가,1,0
2026-07-20,18:16,13000,간편결제,들기름 고등어 한상,1,0
2026-07-20,18:16,21000,카드,묵은지 김치찜,1,0
2026-07-20,18:19,26000,카드,보리굴비 정식,1,0
2026-07-20,18:21,18000,간편결제,동치미 국수,2,0
2026-07-20,18:32,6000,카드,계란말이 추가,1,0
2026-07-20,18:34,17000,카드,소복 정식,1,0
2026-07-20,18:57,15000,카드,제철 반상,1,0
2026-07-20,19:12,52000,카드,보리굴비 정식,2,0
2026-07-20,19:14,21000,카드,묵은지 김치찜,1,0
2026-07-20,19:23,6000,카드,계란말이 추가,1,0
2026-07-20,19:27,26000,카드,보리굴비 정식,1,0
2026-07-20,20:26,13000,카드,들기름 고등어 한상,1,0
2026-07-21,11:03,9000,카드,동치미 국수,1,0
2026-07-21,11:09,42000,간편결제,묵은지 김치찜,2,0
2026-07-21,11:38,15000,간편결제,제철 반상,1,0
2026-07-21,11:46,26000,간편결제,들기름 고등어 한상,2,0
2026-07-21,11:56,78000,현금,보리굴비 정식,3,0
2026-07-21,12:01,15000,카드,제철 반상,1,0
2026-07-21,12:03,15000,카드,제철 반상,1,0
2026-07-21,12:07,9000,카드,동치미 국수,1,0
2026-07-21,12:15,42000,간편결제,묵은지 김치찜,2,0
2026-07-21,12:21,51000,카드,소복 정식,3,0
2026-07-21,12:45,18000,카드,동치미 국수,2,0
2026-07-21,12:51,26000,카드,보리굴비 정식,1,0
2026-07-21,12:56,9000,카드,동치미 국수,1,0
2026-07-21,13:00,18000,간편결제,동치미 국수,2,0
2026-07-21,13:19,6000,카드,계란말이 추가,1,0
2026-07-21,13:24,18000,카드,동치미 국수,2,0
2026-07-21,13:26,13000,카드,들기름 고등어 한상,1,0
2026-07-21,13:43,15000,카드,제철 반상,1,0
2026-07-21,13:43,51000,카드,소복 정식,3,0
2026-07-21,17:14,17000,카드,소복 정식,1,0
2026-07-21,18:04,6000,카드,계란말이 추가,1,0
2026-07-21,18:15,6000,카드,계란말이 추가,1,0
2026-07-21,18:40,13000,카드,들기름 고등어 한상,1,0
2026-07-21,18:51,18000,간편결제,계란말이 추가,3,0
2026-07-21,18:51,6000,카드,계란말이 추가,1,0
2026-07-21,19:00,17000,카드,소복 정식,1,0
2026-07-21,19:01,21000,카드,묵은지 김치찜,1,0
2026-07-21,19:37,13000,간편결제,들기름 고등어 한상,1,0
2026-07-21,19:48,26000,현금,보리굴비 정식,1,0
2026-07-21,20:07,18000,카드,동치미 국수,2,0
2026-07-21,20:07,15000,카드,제철 반상,1,0
2026-07-21,20:13,42000,카드,묵은지 김치찜,2,0
2026-07-21,20:19,13000,카드,들기름 고등어 한상,1,0
2026-07-21,20:42,9000,간편결제,동치미 국수,1,0
2026-07-22,11:04,15000,카드,제철 반상,1,0
2026-07-22,11:25,13000,카드,들기름 고등어 한상,1,0
2026-07-22,11:33,26000,간편결제,들기름 고등어 한상,2,0
2026-07-22,11:47,51000,카드,소복 정식,3,0
2026-07-22,12:06,26000,카드,보리굴비 정식,1,0
2026-07-22,12:29,15000,카드,제철 반상,1,0
2026-07-22,12:38,21000,현금,묵은지 김치찜,1,0
2026-07-22,13:03,13000,카드,들기름 고등어 한상,1,0
2026-07-22,13:07,18000,간편결제,동치미 국수,2,0
2026-07-22,13:27,13000,간편결제,들기름 고등어 한상,1,0
2026-07-22,13:35,21000,카드,묵은지 김치찜,1,0
2026-07-22,13:41,15000,카드,제철 반상,1,0
2026-07-22,13:47,17000,카드,소복 정식,1,0
2026-07-22,17:35,17000,현금,소복 정식,1,0
2026-07-22,17:39,13000,간편결제,들기름 고등어 한상,1,0
2026-07-22,17:58,21000,카드,묵은지 김치찜,1,0
2026-07-22,18:12,30000,간편결제,제철 반상,2,0
2026-07-22,18:35,26000,카드,보리굴비 정식,1,0
2026-07-22,18:39,9000,카드,동치미 국수,1,0
2026-07-22,18:40,15000,간편결제,제철 반상,1,0
2026-07-22,19:00,45000,카드,제철 반상,3,0
2026-07-22,19:04,15000,현금,제철 반상,1,0
2026-07-22,19:19,6000,현금,계란말이 추가,1,0
2026-07-22,19:45,21000,카드,묵은지 김치찜,1,21000
2026-07-22,20:06,17000,카드,소복 정식,1,0
2026-07-22,20:07,30000,간편결제,제철 반상,2,0
2026-07-22,20:32,21000,카드,묵은지 김치찜,1,0
2026-07-22,20:43,17000,간편결제,소복 정식,1,0
2026-07-22,20:53,45000,카드,제철 반상,3,0
2026-07-22,20:58,30000,카드,제철 반상,2,0
2026-07-23,11:18,42000,현금,묵은지 김치찜,2,0
2026-07-23,12:04,21000,카드,묵은지 김치찜,1,0
2026-07-23,12:05,17000,카드,소복 정식,1,0
2026-07-23,12:23,13000,카드,들기름 고등어 한상,1,0
2026-07-23,13:29,42000,현금,묵은지 김치찜,2,0
2026-07-23,13:30,30000,카드,제철 반상,2,0
2026-07-23,13:44,15000,카드,제철 반상,1,0
2026-07-23,13:47,52000,현금,보리굴비 정식,2,0
2026-07-23,13:50,42000,카드,묵은지 김치찜,2,0
2026-07-23,13:53,26000,카드,보리굴비 정식,1,0
2026-07-23,17:05,18000,간편결제,계란말이 추가,3,0
2026-07-23,17:07,6000,카드,계란말이 추가,1,0
2026-07-23,17:22,26000,카드,보리굴비 정식,1,0
2026-07-23,17:25,34000,카드,소복 정식,2,0
2026-07-23,17:42,26000,카드,보리굴비 정식,1,0
2026-07-23,17:59,13000,카드,들기름 고등어 한상,1,0
2026-07-23,18:09,15000,카드,제철 반상,1,0
2026-07-23,18:13,9000,카드,동치미 국수,1,0
2026-07-23,18:16,17000,카드,소복 정식,1,0
2026-07-23,18:20,9000,카드,동치미 국수,1,0
2026-07-23,18:50,15000,카드,제철 반상,1,0
2026-07-23,18:51,18000,간편결제,동치미 국수,2,0
2026-07-23,18:53,15000,현금,제철 반상,1,15000
2026-07-23,18:56,15000,카드,제철 반상,1,0
2026-07-23,19:10,15000,카드,제철 반상,1,0
2026-07-23,20:16,26000,간편결제,보리굴비 정식,1,0
2026-07-23,20:17,21000,카드,묵은지 김치찜,1,0
2026-07-23,20:19,18000,간편결제,동치미 국수,2,0
2026-07-23,20:23,26000,카드,보리굴비 정식,1,0
2026-07-23,20:45,30000,간편결제,제철 반상,2,0
2026-07-23,20:48,9000,현금,동치미 국수,1,0
2026-07-24,11:01,26000,간편결제,보리굴비 정식,1,0
2026-07-24,11:02,26000,카드,보리굴비 정식,1,0
2026-07-24,11:05,17000,카드,소복 정식,1,0
2026-07-24,11:07,17000,간편결제,소복 정식,1,0
2026-07-24,11:08,26000,카드,보리굴비 정식,1,0
2026-07-24,11:12,52000,카드,보리굴비 정식,2,0
2026-07-24,11:12,15000,카드,제철 반상,1,0
2026-07-24,11:31,26000,카드,보리굴비 정식,1,0
2026-07-24,11:33,15000,간편결제,제철 반상,1,0
2026-07-24,11:37,15000,카드,제철 반상,1,0
2026-07-24,11:45,13000,간편결제,들기름 고등어 한상,1,0
2026-07-24,11:57,17000,간편결제,소복 정식,1,0
2026-07-24,12:02,17000,간편결제,소복 정식,1,0
2026-07-24,12:06,26000,간편결제,보리굴비 정식,1,0
2026-07-24,12:13,17000,카드,소복 정식,1,0
2026-07-24,12:24,13000,카드,들기름 고등어 한상,1,0
2026-07-24,12:51,17000,간편결제,소복 정식,1,0
2026-07-24,13:12,26000,카드,보리굴비 정식,1,0
2026-07-24,13:16,6000,간편결제,계란말이 추가,1,0
2026-07-24,13:33,12000,간편결제,계란말이 추가,2,0
2026-07-24,13:43,21000,현금,묵은지 김치찜,1,0
2026-07-24,13:50,15000,카드,제철 반상,1,15000
2026-07-24,13:50,9000,카드,동치미 국수,1,9000
2026-07-24,13:53,42000,카드,묵은지 김치찜,2,0
2026-07-24,13:58,30000,간편결제,제철 반상,2,0
2026-07-24,17:01,12000,카드,계란말이 추가,2,0
2026-07-24,17:02,15000,간편결제,제철 반상,1,0
2026-07-24,17:04,18000,간편결제,동치미 국수,2,0
2026-07-24,17:25,26000,카드,보리굴비 정식,1,0
2026-07-24,17:28,17000,카드,소복 정식,1,0
2026-07-24,17:32,12000,카드,계란말이 추가,2,0
2026-07-24,17:41,26000,현금,보리굴비 정식,1,0
2026-07-24,18:03,9000,카드,동치미 국수,1,0
2026-07-24,18:09,30000,간편결제,제철 반상,2,0
2026-07-24,18:20,26000,간편결제,보리굴비 정식,1,0
2026-07-24,18:24,9000,현금,동치미 국수,1,0
2026-07-24,18:26,9000,간편결제,동치미 국수,1,0
2026-07-24,18:28,13000,카드,들기름 고등어 한상,1,0
2026-07-24,18:38,52000,카드,보리굴비 정식,2,0
2026-07-24,19:47,34000,카드,소복 정식,2,0
2026-07-24,19:56,13000,카드,들기름 고등어 한상,1,0
2026-07-24,19:59,15000,카드,제철 반상,1,0
2026-07-24,20:01,30000,현금,제철 반상,2,0
2026-07-24,20:06,17000,카드,소복 정식,1,0
2026-07-24,20:09,6000,카드,계란말이 추가,1,0
2026-07-24,20:28,39000,카드,들기름 고등어 한상,3,0
2026-07-24,20:48,18000,카드,동치미 국수,2,0
2026-07-24,20:50,15000,현금,제철 반상,1,0
2026-07-24,20:53,13000,카드,들기름 고등어 한상,1,0
2026-07-25,11:05,17000,간편결제,소복 정식,1,0
2026-07-25,11:37,9000,카드,동치미 국수,1,0
2026-07-25,12:02,17000,카드,소복 정식,1,0
2026-07-25,12:28,17000,카드,소복 정식,1,0
2026-07-25,12:46,6000,카드,계란말이 추가,1,0
2026-07-25,12:47,26000,카드,보리굴비 정식,1,0
2026-07-25,12:54,21000,카드,묵은지 김치찜,1,0
2026-07-25,13:04,63000,카드,묵은지 김치찜,3,0
2026-07-25,13:15,51000,카드,소복 정식,3,0
2026-07-25,13:20,34000,카드,소복 정식,2,0
2026-07-25,13:26,6000,카드,계란말이 추가,1,0
2026-07-25,13:27,15000,카드,제철 반상,1,0
2026-07-25,13:32,12000,카드,계란말이 추가,2,0
2026-07-25,13:37,21000,카드,묵은지 김치찜,1,0
2026-07-25,13:49,30000,간편결제,제철 반상,2,0
2026-07-25,13:55,42000,카드,묵은지 김치찜,2,0
2026-07-25,17:27,21000,현금,묵은지 김치찜,1,0
2026-07-25,17:57,6000,카드,계란말이 추가,1,0
2026-07-25,18:03,26000,카드,보리굴비 정식,1,0
2026-07-25,18:13,26000,카드,보리굴비 정식,1,0
2026-07-25,18:17,12000,카드,계란말이 추가,2,0
2026-07-25,18:37,9000,카드,동치미 국수,1,0
2026-07-25,18:39,13000,카드,들기름 고등어 한상,1,0
2026-07-25,18:41,6000,카드,계란말이 추가,1,0
2026-07-25,18:57,21000,카드,묵은지 김치찜,1,0
2026-07-25,19:08,17000,카드,소복 정식,1,0
2026-07-25,19:13,21000,카드,묵은지 김치찜,1,0
2026-07-25,19:27,12000,카드,계란말이 추가,2,0
2026-07-25,19:32,26000,카드,보리굴비 정식,1,0
2026-07-25,19:39,26000,카드,보리굴비 정식,1,0
2026-07-25,19:56,17000,카드,소복 정식,1,0
2026-07-25,20:05,18000,카드,동치미 국수,2,0
2026-07-25,20:18,30000,카드,제철 반상,2,0
2026-07-25,20:35,6000,카드,계란말이 추가,1,0
2026-07-25,20:42,15000,카드,제철 반상,1,0
2026-07-26,11:24,21000,간편결제,묵은지 김치찜,1,0
2026-07-26,11:29,26000,카드,보리굴비 정식,1,0
2026-07-26,11:38,15000,간편결제,제철 반상,1,0
2026-07-26,11:54,9000,카드,동치미 국수,1,0
2026-07-26,12:01,12000,카드,계란말이 추가,2,0
2026-07-26,12:05,34000,카드,소복 정식,2,0
2026-07-26,12:32,17000,카드,소복 정식,1,0
2026-07-26,12:46,21000,간편결제,묵은지 김치찜,1,0
2026-07-26,13:11,9000,카드,동치미 국수,1,0
2026-07-26,13:12,13000,카드,들기름 고등어 한상,1,0
2026-07-26,13:22,17000,현금,소복 정식,1,0
2026-07-26,13:56,6000,카드,계란말이 추가,1,0
2026-07-26,17:13,21000,카드,묵은지 김치찜,1,0
2026-07-26,17:26,15000,카드,제철 반상,1,0
2026-07-26,17:30,26000,카드,보리굴비 정식,1,0
2026-07-26,17:34,42000,카드,묵은지 김치찜,2,0
2026-07-26,18:03,6000,간편결제,계란말이 추가,1,0
2026-07-26,18:20,18000,카드,동치미 국수,2,0
2026-07-26,18:39,26000,카드,보리굴비 정식,1,0
2026-07-26,19:09,17000,간편결제,소복 정식,1,0
2026-07-26,19:19,30000,카드,제철 반상,2,0
2026-07-26,19:54,9000,카드,동치미 국수,1,0
2026-07-26,19:58,21000,카드,묵은지 김치찜,1,0
2026-07-26,20:16,26000,카드,들기름 고등어 한상,2,0
2026-07-26,20:55,9000,카드,동치미 국수,1,0
2026-07-26,20:55,9000,현금,동치미 국수,1,0
2026-07-28,11:11,13000,간편결제,들기름 고등어 한상,1,0
2026-07-28,11:24,17000,카드,소복 정식,1,0
2026-07-28,12:00,26000,현금,보리굴비 정식,1,0
2026-07-28,12:04,12000,카드,계란말이 추가,2,0
2026-07-28,12:17,26000,카드,보리굴비 정식,1,0
2026-07-28,12:32,26000,카드,보리굴비 정식,1,0
2026-07-28,13:07,26000,카드,들기름 고등어 한상,2,0
2026-07-28,13:14,15000,카드,제철 반상,1,0
2026-07-28,13:37,13000,간편결제,들기름 고등어 한상,1,0
2026-07-28,13:43,17000,현금,소복 정식,1,0
2026-07-28,13:52,13000,카드,들기름 고등어 한상,1,0
2026-07-28,17:11,13000,카드,들기름 고등어 한상,1,0
2026-07-28,17:21,13000,카드,들기름 고등어 한상,1,0
2026-07-28,18:13,12000,카드,계란말이 추가,2,0
2026-07-28,18:23,17000,간편결제,소복 정식,1,0
2026-07-28,18:26,9000,카드,동치미 국수,1,0
2026-07-28,18:49,21000,간편결제,묵은지 김치찜,1,0
2026-07-28,18:57,9000,카드,동치미 국수,1,0
2026-07-28,18:59,17000,카드,소복 정식,1,0
2026-07-28,19:02,9000,카드,동치미 국수,1,0
2026-07-28,19:14,9000,카드,동치미 국수,1,0
2026-07-28,19:29,15000,카드,제철 반상,1,0
2026-07-28,19:42,30000,카드,제철 반상,2,0
2026-07-28,19:44,17000,간편결제,소복 정식,1,0
2026-07-28,19:46,30000,카드,제철 반상,2,0
2026-07-28,20:04,21000,카드,묵은지 김치찜,1,0
2026-07-28,20:12,13000,카드,들기름 고등어 한상,1,0
2026-07-28,20:17,13000,카드,들기름 고등어 한상,1,0
2026-07-28,20:20,17000,카드,소복 정식,1,0
2026-07-28,20:37,13000,현금,들기름 고등어 한상,1,13000
2026-07-28,20:40,42000,카드,묵은지 김치찜,2,0
2026-07-29,11:01,17000,간편결제,소복 정식,1,0
2026-07-29,11:22,9000,카드,동치미 국수,1,0
2026-07-29,11:28,15000,카드,제철 반상,1,0
2026-07-29,11:31,9000,카드,동치미 국수,1,0
2026-07-29,12:00,6000,카드,계란말이 추가,1,0
2026-07-29,12:12,6000,카드,계란말이 추가,1,0
2026-07-29,12:14,6000,간편결제,계란말이 추가,1,0
2026-07-29,12:17,6000,카드,계란말이 추가,1,0
2026-07-29,12:21,21000,카드,묵은지 김치찜,1,0
2026-07-29,12:21,45000,카드,제철 반상,3,0
2026-07-29,12:22,6000,카드,계란말이 추가,1,0
2026-07-29,12:22,13000,카드,들기름 고등어 한상,1,0
2026-07-29,12:30,15000,카드,제철 반상,1,0
2026-07-29,12:38,15000,카드,제철 반상,1,0
2026-07-29,12:45,17000,현금,소복 정식,1,0
2026-07-29,13:00,13000,카드,들기름 고등어 한상,1,0
2026-07-29,13:26,21000,카드,묵은지 김치찜,1,0
2026-07-29,13:32,17000,간편결제,소복 정식,1,0
2026-07-29,13:48,13000,카드,들기름 고등어 한상,1,0
2026-07-29,17:20,17000,카드,소복 정식,1,0
2026-07-29,17:47,45000,간편결제,제철 반상,3,0
2026-07-29,18:17,13000,카드,들기름 고등어 한상,1,0
2026-07-29,18:17,15000,카드,제철 반상,1,0
2026-07-29,18:26,26000,현금,보리굴비 정식,1,0
2026-07-29,18:32,6000,카드,계란말이 추가,1,0
2026-07-29,18:36,6000,간편결제,계란말이 추가,1,0
2026-07-29,18:40,17000,현금,소복 정식,1,0
2026-07-29,18:42,13000,카드,들기름 고등어 한상,1,0
2026-07-29,19:08,26000,카드,보리굴비 정식,1,0
2026-07-29,19:11,26000,카드,보리굴비 정식,1,0
2026-07-29,19:36,6000,현금,계란말이 추가,1,0
2026-07-29,19:44,6000,현금,계란말이 추가,1,0
2026-07-29,19:48,6000,간편결제,계란말이 추가,1,0
2026-07-29,19:56,9000,카드,동치미 국수,1,0
2026-07-29,20:32,34000,카드,소복 정식,2,0
2026-07-30,11:02,9000,카드,동치미 국수,1,0
2026-07-30,11:19,51000,카드,소복 정식,3,0
2026-07-30,11:27,12000,간편결제,계란말이 추가,2,0
2026-07-30,11:28,27000,카드,동치미 국수,3,0
2026-07-30,11:49,26000,카드,보리굴비 정식,1,0
2026-07-30,12:31,21000,간편결제,묵은지 김치찜,1,0
2026-07-30,12:46,15000,카드,제철 반상,1,0
2026-07-30,13:35,13000,카드,들기름 고등어 한상,1,0
2026-07-30,13:41,6000,카드,계란말이 추가,1,0
2026-07-30,13:43,26000,현금,보리굴비 정식,1,0
2026-07-30,17:00,52000,카드,보리굴비 정식,2,0
2026-07-30,17:07,17000,카드,소복 정식,1,0
2026-07-30,17:11,15000,간편결제,제철 반상,1,0
2026-07-30,17:21,21000,카드,묵은지 김치찜,1,0
2026-07-30,17:50,42000,현금,묵은지 김치찜,2,0
2026-07-30,17:51,6000,카드,계란말이 추가,1,0
2026-07-30,17:52,9000,카드,동치미 국수,1,9000
2026-07-30,18:00,13000,카드,들기름 고등어 한상,1,0
2026-07-30,18:31,26000,카드,들기름 고등어 한상,2,0
2026-07-30,18:57,26000,카드,보리굴비 정식,1,0
2026-07-30,19:13,18000,카드,동치미 국수,2,0
2026-07-30,19:17,52000,간편결제,보리굴비 정식,2,0
2026-07-30,19:24,6000,간편결제,계란말이 추가,1,0
2026-07-30,19:30,42000,카드,묵은지 김치찜,2,0
2026-07-30,19:38,18000,현금,동치미 국수,2,0
2026-07-30,19:39,15000,카드,제철 반상,1,0
2026-07-30,19:42,17000,카드,소복 정식,1,0
2026-07-30,20:03,17000,카드,소복 정식,1,0
2026-07-30,20:14,13000,카드,들기름 고등어 한상,1,0
2026-07-30,20:18,21000,카드,묵은지 김치찜,1,0
2026-07-30,20:18,12000,카드,계란말이 추가,2,0
2026-07-30,20:24,13000,현금,들기름 고등어 한상,1,0
2026-07-31,11:07,17000,카드,소복 정식,1,0
2026-07-31,11:12,9000,카드,동치미 국수,1,0
2026-07-31,11:14,12000,카드,계란말이 추가,2,0
2026-07-31,11:16,9000,카드,동치미 국수,1,0
2026-07-31,11:23,21000,카드,묵은지 김치찜,1,0
2026-07-31,11:32,17000,카드,소복 정식,1,0
2026-07-31,11:39,52000,카드,보리굴비 정식,2,0
2026-07-31,11:46,21000,카드,묵은지 김치찜,1,0
2026-07-31,11:49,18000,카드,동치미 국수,2,0
2026-07-31,11:57,30000,카드,제철 반상,2,0
2026-07-31,12:03,13000,간편결제,들기름 고등어 한상,1,0
2026-07-31,12:06,9000,간편결제,동치미 국수,1,0
2026-07-31,12:17,30000,간편결제,제철 반상,2,0
2026-07-31,12:18,21000,카드,묵은지 김치찜,1,0
2026-07-31,12:39,13000,카드,들기름 고등어 한상,1,0
2026-07-31,13:02,26000,카드,보리굴비 정식,1,0
2026-07-31,13:03,13000,카드,들기름 고등어 한상,1,0
2026-07-31,13:03,51000,카드,소복 정식,3,0
2026-07-31,13:13,17000,카드,소복 정식,1,0
2026-07-31,13:35,6000,카드,계란말이 추가,1,0
2026-07-31,13:36,9000,카드,동치미 국수,1,0
2026-07-31,13:46,9000,카드,동치미 국수,1,0
2026-07-31,13:47,26000,현금,보리굴비 정식,1,0
2026-07-31,17:36,26000,카드,보리굴비 정식,1,0
2026-07-31,17:49,52000,카드,보리굴비 정식,2,0
2026-07-31,17:50,6000,간편결제,계란말이 추가,1,0
2026-07-31,18:08,6000,카드,계란말이 추가,1,0
2026-07-31,18:09,30000,카드,제철 반상,2,0
2026-07-31,18:16,17000,카드,소복 정식,1,0
2026-07-31,18:29,21000,카드,묵은지 김치찜,1,0
2026-07-31,18:34,9000,카드,동치미 국수,1,0
2026-07-31,18:57,9000,현금,동치미 국수,1,0
2026-07-31,18:57,13000,간편결제,들기름 고등어 한상,1,0
2026-07-31,19:02,15000,카드,제철 반상,1,0
2026-07-31,19:33,18000,카드,동치미 국수,2,0
2026-07-31,19:55,21000,카드,묵은지 김치찜,1,0
2026-07-31,19:59,6000,카드,계란말이 추가,1,0
2026-07-31,20:14,15000,간편결제,제철 반상,1,0
2026-07-31,20:16,18000,카드,동치미 국수,2,0
2026-07-31,20:28,15000,간편결제,제철 반상,1,0
2026-07-31,20:34,15000,카드,제철 반상,1,0
2026-07-31,20:48,6000,간편결제,계란말이 추가,1,0
2026-07-31,20:49,9000,카드,동치미 국수,1,0
2026-07-31,20:49,15000,카드,제철 반상,1,0
2026-07-31,20:53,6000,카드,계란말이 추가,1,0
2026-08-01,11:05,13000,간편결제,들기름 고등어 한상,1,0
2026-08-01,11:18,26000,카드,보리굴비 정식,1,0
2026-08-01,11:23,21000,간편결제,묵은지 김치찜,1,0
2026-08-01,11:30,30000,간편결제,제철 반상,2,0
2026-08-01,11:33,17000,카드,소복 정식,1,0
2026-08-01,11:40,12000,카드,계란말이 추가,2,0
2026-08-01,11:47,26000,카드,들기름 고등어 한상,2,0
2026-08-01,12:01,15000,현금,제철 반상,1,0
2026-08-01,12:10,21000,카드,묵은지 김치찜,1,0
2026-08-01,12:24,21000,카드,묵은지 김치찜,1,0
2026-08-01,12:32,6000,간편결제,계란말이 추가,1,0
2026-08-01,13:05,13000,간편결제,들기름 고등어 한상,1,0
2026-08-01,13:10,26000,카드,보리굴비 정식,1,0
2026-08-01,13:12,15000,카드,제철 반상,1,0
2026-08-01,13:23,26000,카드,들기름 고등어 한상,2,0
2026-08-01,13:26,15000,현금,제철 반상,1,0
2026-08-01,13:27,51000,카드,소복 정식,3,0
2026-08-01,13:28,52000,카드,보리굴비 정식,2,0
2026-08-01,13:41,26000,카드,보리굴비 정식,1,0
2026-08-01,13:42,15000,현금,제철 반상,1,0
2026-08-01,13:54,17000,카드,소복 정식,1,0
2026-08-01,17:06,9000,간편결제,동치미 국수,1,0
2026-08-01,17:19,13000,카드,들기름 고등어 한상,1,0
2026-08-01,17:22,18000,간편결제,동치미 국수,2,0
2026-08-01,17:22,9000,카드,동치미 국수,1,0
2026-08-01,17:27,9000,카드,동치미 국수,1,0
2026-08-01,17:27,18000,카드,동치미 국수,2,0
2026-08-01,17:30,26000,카드,보리굴비 정식,1,0
2026-08-01,17:41,6000,카드,계란말이 추가,1,6000
2026-08-01,18:06,18000,카드,동치미 국수,2,0
2026-08-01,18:07,9000,카드,동치미 국수,1,0
2026-08-01,18:08,17000,현금,소복 정식,1,0
2026-08-01,18:13,9000,간편결제,동치미 국수,1,0
2026-08-01,18:28,6000,카드,계란말이 추가,1,0
2026-08-01,18:42,21000,카드,묵은지 김치찜,1,0
2026-08-01,18:53,13000,카드,들기름 고등어 한상,1,0
2026-08-01,18:54,17000,카드,소복 정식,1,0
2026-08-01,19:11,13000,현금,들기름 고등어 한상,1,0
2026-08-01,19:14,17000,현금,소복 정식,1,0
2026-08-01,19:36,13000,간편결제,들기름 고등어 한상,1,0
2026-08-01,20:07,13000,간편결제,들기름 고등어 한상,1,0
2026-08-01,20:26,42000,카드,묵은지 김치찜,2,0
2026-08-01,20:53,21000,카드,묵은지 김치찜,1,0
2026-08-02,11:14,13000,현금,들기름 고등어 한상,1,0
2026-08-02,11:17,18000,카드,동치미 국수,2,0
2026-08-02,11:23,26000,카드,보리굴비 정식,1,0
2026-08-02,11:41,15000,카드,제철 반상,1,0
2026-08-02,12:16,13000,간편결제,들기름 고등어 한상,1,0
2026-08-02,12:32,34000,카드,소복 정식,2,0
2026-08-02,12:41,17000,현금,소복 정식,1,0
2026-08-02,13:01,26000,카드,보리굴비 정식,1,26000
2026-08-02,13:04,26000,현금,보리굴비 정식,1,0
2026-08-02,13:08,42000,카드,묵은지 김치찜,2,0
2026-08-02,13:16,26000,간편결제,들기름 고등어 한상,2,26000
2026-08-02,13:22,26000,카드,보리굴비 정식,1,0
2026-08-02,13:37,13000,카드,들기름 고등어 한상,1,0
2026-08-02,13:44,12000,카드,계란말이 추가,2,0
2026-08-02,17:30,6000,카드,계란말이 추가,1,0
2026-08-02,17:33,26000,카드,보리굴비 정식,1,0
2026-08-02,17:44,63000,카드,묵은지 김치찜,3,0
2026-08-02,18:26,42000,카드,묵은지 김치찜,2,0
2026-08-02,18:38,6000,카드,계란말이 추가,1,0
2026-08-02,18:50,6000,카드,계란말이 추가,1,0
2026-08-02,19:07,34000,카드,소복 정식,2,0
2026-08-02,19:39,13000,카드,들기름 고등어 한상,1,0
2026-08-02,20:04,9000,카드,동치미 국수,1,0
2026-08-02,20:14,13000,카드,들기름 고등어 한상,1,0
2026-08-02,20:51,26000,카드,들기름 고등어 한상,2,0
2026-08-02,20:55,30000,카드,제철 반상,2,0
2026-08-02,20:58,26000,카드,보리굴비 정식,1,0
2026-08-03,11:46,26000,간편결제,보리굴비 정식,1,0
2026-08-03,11:56,30000,간편결제,제철 반상,2,0
2026-08-03,12:10,9000,카드,동치미 국수,1,0
2026-08-03,12:42,17000,카드,소복 정식,1,0
2026-08-03,12:46,6000,카드,계란말이 추가,1,0
2026-08-03,13:15,17000,카드,소복 정식,1,0
2026-08-03,13:18,15000,간편결제,제철 반상,1,0
2026-08-03,13:21,6000,간편결제,계란말이 추가,1,0
2026-08-03,13:22,26000,카드,보리굴비 정식,1,0
2026-08-03,13:28,26000,간편결제,보리굴비 정식,1,0
2026-08-03,13:31,17000,카드,소복 정식,1,0
2026-08-03,13:38,21000,간편결제,묵은지 김치찜,1,0
2026-08-03,13:49,13000,카드,들기름 고등어 한상,1,0
2026-08-03,13:50,52000,카드,보리굴비 정식,2,0
2026-08-03,13:57,21000,카드,묵은지 김치찜,1,0
2026-08-03,17:12,30000,카드,제철 반상,2,0
2026-08-03,17:27,21000,카드,묵은지 김치찜,1,0
2026-08-03,17:36,15000,카드,제철 반상,1,0
2026-08-03,17:51,13000,카드,들기름 고등어 한상,1,0
2026-08-03,17:54,21000,간편결제,묵은지 김치찜,1,21000
2026-08-03,17:58,18000,카드,계란말이 추가,3,0
2026-08-03,18:08,42000,카드,묵은지 김치찜,2,0
2026-08-03,19:04,6000,카드,계란말이 추가,1,0
2026-08-03,19:07,15000,현금,제철 반상,1,0
2026-08-03,19:10,17000,카드,소복 정식,1,0
2026-08-03,20:08,13000,카드,들기름 고등어 한상,1,0
2026-08-03,20:14,17000,카드,소복 정식,1,0
2026-08-03,20:23,21000,카드,묵은지 김치찜,1,0
2026-08-03,20:26,30000,카드,제철 반상,2,0
2026-08-03,20:40,6000,간편결제,계란말이 추가,1,0
2026-08-03,20:41,17000,카드,소복 정식,1,0
2026-08-03,20:57,12000,간편결제,계란말이 추가,2,0
2026-08-04,11:07,17000,카드,소복 정식,1,0
2026-08-04,11:09,26000,카드,보리굴비 정식,1,0
2026-08-04,11:15,6000,카드,계란말이 추가,1,0
2026-08-04,11:20,30000,현금,제철 반상,2,0
2026-08-04,11:42,9000,카드,동치미 국수,1,0
2026-08-04,12:14,9000,카드,동치미 국수,1,0
2026-08-04,12:21,21000,간편결제,묵은지 김치찜,1,0
2026-08-04,12:47,13000,카드,들기름 고등어 한상,1,0
2026-08-04,12:52,6000,카드,계란말이 추가,1,0
2026-08-04,12:56,30000,카드,제철 반상,2,0
2026-08-04,12:57,9000,카드,동치미 국수,1,0
2026-08-04,13:09,9000,카드,동치미 국수,1,9000
2026-08-04,13:41,17000,간편결제,소복 정식,1,0
2026-08-04,13:43,13000,카드,들기름 고등어 한상,1,0
2026-08-04,13:45,17000,카드,소복 정식,1,0
2026-08-04,13:49,13000,카드,들기름 고등어 한상,1,0
2026-08-04,18:15,18000,카드,동치미 국수,2,0
2026-08-04,18:24,78000,간편결제,보리굴비 정식,3,0
2026-08-04,18:27,9000,간편결제,동치미 국수,1,0
2026-08-04,18:38,21000,카드,묵은지 김치찜,1,0
2026-08-04,18:50,6000,간편결제,계란말이 추가,1,0
2026-08-04,19:03,42000,현금,묵은지 김치찜,2,0
2026-08-04,19:15,6000,간편결제,계란말이 추가,1,0
2026-08-04,19:22,17000,간편결제,소복 정식,1,0
2026-08-04,19:33,42000,카드,묵은지 김치찜,2,0
2026-08-04,19:39,26000,간편결제,보리굴비 정식,1,0
2026-08-04,20:11,13000,간편결제,들기름 고등어 한상,1,0
2026-08-04,20:23,9000,간편결제,동치미 국수,1,0
2026-08-04,20:41,78000,카드,보리굴비 정식,3,0
2026-08-04,20:44,34000,간편결제,소복 정식,2,0
2026-08-04,20:52,17000,카드,소복 정식,1,0
2026-08-05,11:05,15000,카드,제철 반상,1,0
2026-08-05,11:08,21000,카드,묵은지 김치찜,1,0
2026-08-05,11:24,13000,카드,들기름 고등어 한상,1,0
2026-08-05,11:26,15000,카드,제철 반상,1,0
2026-08-05,11:37,26000,카드,보리굴비 정식,1,0
2026-08-05,11:54,63000,카드,묵은지 김치찜,3,0
2026-08-05,11:55,52000,카드,보리굴비 정식,2,0
2026-08-05,12:09,6000,현금,계란말이 추가,1,0
2026-08-05,12:10,15000,카드,제철 반상,1,0
2026-08-05,12:17,26000,카드,보리굴비 정식,1,0
2026-08-05,12:20,17000,카드,소복 정식,1,0
2026-08-05,12:23,13000,카드,들기름 고등어 한상,1,0
2026-08-05,12:38,26000,카드,보리굴비 정식,1,0
2026-08-05,12:54,17000,카드,소복 정식,1,0
2026-08-05,13:04,6000,카드,계란말이 추가,1,0
2026-08-05,13:05,6000,카드,계란말이 추가,1,0
2026-08-05,13:14,52000,간편결제,보리굴비 정식,2,0
2026-08-05,13:26,15000,카드,제철 반상,1,0
2026-08-05,13:59,26000,카드,보리굴비 정식,1,0
2026-08-05,17:14,34000,카드,소복 정식,2,0
2026-08-05,17:50,26000,카드,보리굴비 정식,1,0
2026-08-05,17:53,17000,카드,소복 정식,1,0
2026-08-05,18:50,13000,간편결제,들기름 고등어 한상,1,0
2026-08-05,19:04,9000,카드,동치미 국수,1,0
2026-08-05,19:33,26000,카드,보리굴비 정식,1,0
2026-08-05,19:41,13000,카드,들기름 고등어 한상,1,0
2026-08-05,20:09,18000,카드,동치미 국수,2,0
2026-08-05,20:12,15000,카드,제철 반상,1,0
2026-08-05,20:21,30000,카드,제철 반상,2,0
2026-08-05,20:28,6000,카드,계란말이 추가,1,0
2026-08-05,20:51,6000,카드,계란말이 추가,1,0
2026-08-05,20:58,6000,간편결제,계란말이 추가,1,0
2026-08-06,11:37,17000,카드,소복 정식,1,0
2026-08-06,11:42,15000,현금,제철 반상,1,0
2026-08-06,11:42,34000,카드,소복 정식,2,0
2026-08-06,11:47,78000,카드,보리굴비 정식,3,0
2026-08-06,12:14,42000,카드,묵은지 김치찜,2,0
2026-08-06,12:14,21000,카드,묵은지 김치찜,1,0
2026-08-06,12:15,15000,카드,제철 반상,1,0
2026-08-06,12:17,26000,카드,보리굴비 정식,1,0
2026-08-06,12:28,15000,카드,제철 반상,1,0
2026-08-06,12:38,9000,간편결제,동치미 국수,1,0
2026-08-06,13:29,15000,카드,제철 반상,1,0
2026-08-06,13:33,17000,카드,소복 정식,1,0
2026-08-06,13:34,6000,현금,계란말이 추가,1,0
2026-08-06,13:52,26000,카드,보리굴비 정식,1,0
2026-08-06,13:54,13000,카드,들기름 고등어 한상,1,13000
2026-08-06,13:57,17000,간편결제,소복 정식,1,0
2026-08-06,17:04,17000,카드,소복 정식,1,0
2026-08-06,17:12,26000,현금,보리굴비 정식,1,0
2026-08-06,17:16,21000,카드,묵은지 김치찜,1,0
2026-08-06,17:40,26000,카드,보리굴비 정식,1,0
2026-08-06,17:58,26000,간편결제,들기름 고등어 한상,2,0
2026-08-06,18:13,42000,현금,묵은지 김치찜,2,0
2026-08-06,18:25,63000,카드,묵은지 김치찜,3,0
2026-08-06,18:45,17000,카드,소복 정식,1,0
2026-08-06,18:47,13000,카드,들기름 고등어 한상,1,0
2026-08-06,19:08,15000,카드,제철 반상,1,0
2026-08-06,19:14,17000,카드,소복 정식,1,0
2026-08-06,20:04,15000,카드,제철 반상,1,0
2026-08-06,20:09,52000,카드,보리굴비 정식,2,0
2026-08-06,20:37,51000,카드,소복 정식,3,0
2026-08-06,20:43,15000,카드,제철 반상,1,0
2026-08-07,11:07,52000,간편결제,보리굴비 정식,2,0
2026-08-07,11:28,9000,카드,동치미 국수,1,0
2026-08-07,11:29,6000,현금,계란말이 추가,1,0
2026-08-07,11:33,6000,카드,계란말이 추가,1,0
2026-08-07,11:45,9000,카드,동치미 국수,1,0
2026-08-07,12:10,15000,카드,제철 반상,1,0
2026-08-07,12:15,6000,카드,계란말이 추가,1,0
2026-08-07,12:21,13000,카드,들기름 고등어 한상,1,0
2026-08-07,12:25,15000,카드,제철 반상,1,0
2026-08-07,12:29,26000,카드,보리굴비 정식,1,0
2026-08-07,12:45,9000,카드,동치미 국수,1,0
2026-08-07,13:03,17000,간편결제,소복 정식,1,0
2026-08-07,13:32,45000,카드,제철 반상,3,0
2026-08-07,13:50,15000,카드,제철 반상,1,0
2026-08-07,13:53,6000,카드,계란말이 추가,1,0
2026-08-07,17:06,15000,카드,제철 반상,1,0
2026-08-07,17:25,39000,카드,들기름 고등어 한상,3,0
2026-08-07,17:25,9000,카드,동치미 국수,1,0
2026-08-07,17:33,21000,간편결제,묵은지 김치찜,1,0
2026-08-07,17:39,17000,카드,소복 정식,1,0
2026-08-07,17:45,26000,카드,보리굴비 정식,1,0
2026-08-07,17:51,42000,카드,묵은지 김치찜,2,0
2026-08-07,17:57,26000,카드,보리굴비 정식,1,0
2026-08-07,17:58,21000,카드,묵은지 김치찜,1,0
2026-08-07,18:05,12000,카드,계란말이 추가,2,0
2026-08-07,18:07,15000,카드,제철 반상,1,0
2026-08-07,18:09,17000,카드,소복 정식,1,0
2026-08-07,18:17,18000,카드,동치미 국수,2,0
2026-08-07,18:22,30000,간편결제,제철 반상,2,0
2026-08-07,18:30,21000,카드,묵은지 김치찜,1,0
2026-08-07,18:43,18000,카드,동치미 국수,2,0
2026-08-07,18:51,42000,간편결제,묵은지 김치찜,2,0
2026-08-07,19:04,6000,카드,계란말이 추가,1,0
2026-08-07,19:10,17000,카드,소복 정식,1,0
2026-08-07,19:29,13000,카드,들기름 고등어 한상,1,0
2026-08-07,19:32,6000,카드,계란말이 추가,1,0
2026-08-07,19:53,12000,카드,계란말이 추가,2,0
2026-08-07,19:54,26000,카드,보리굴비 정식,1,0
2026-08-07,20:05,9000,카드,동치미 국수,1,0
2026-08-07,20:12,9000,카드,동치미 국수,1,0
2026-08-07,20:34,15000,카드,제철 반상,1,0
2026-08-07,20:41,6000,카드,계란말이 추가,1,6000
2026-08-07,20:43,26000,카드,보리굴비 정식,1,0
2026-08-07,20:48,17000,카드,소복 정식,1,0
2026-08-07,20:50,9000,카드,동치미 국수,1,0
2026-08-08,11:35,26000,카드,들기름 고등어 한상,2,0
2026-08-08,11:54,9000,간편결제,동치미 국수,1,0
2026-08-08,12:12,52000,카드,보리굴비 정식,2,0
2026-08-08,12:26,6000,카드,계란말이 추가,1,0
2026-08-08,12:27,17000,카드,소복 정식,1,0
2026-08-08,12:34,30000,카드,제철 반상,2,0
2026-08-08,12:47,17000,카드,소복 정식,1,0
2026-08-08,13:12,42000,카드,묵은지 김치찜,2,0
2026-08-08,13:26,15000,카드,제철 반상,1,0
2026-08-08,13:27,30000,현금,제철 반상,2,0
2026-08-08,13:29,6000,카드,계란말이 추가,1,0
2026-08-08,13:44,21000,카드,묵은지 김치찜,1,0
2026-08-08,13:50,9000,카드,동치미 국수,1,0
2026-08-08,13:58,30000,간편결제,제철 반상,2,0
2026-08-08,17:34,63000,카드,묵은지 김치찜,3,0
2026-08-08,17:44,26000,카드,들기름 고등어 한상,2,0
2026-08-08,18:27,21000,카드,묵은지 김치찜,1,0
2026-08-08,18:46,26000,카드,보리굴비 정식,1,0
2026-08-08,18:47,26000,카드,보리굴비 정식,1,0
2026-08-08,19:03,9000,카드,동치미 국수,1,0
2026-08-08,19:14,9000,카드,동치미 국수,1,9000
2026-08-08,19:14,15000,카드,제철 반상,1,0
2026-08-08,19:30,6000,간편결제,계란말이 추가,1,0
2026-08-08,19:30,21000,카드,묵은지 김치찜,1,0
2026-08-08,19:35,17000,간편결제,소복 정식,1,0
2026-08-08,19:38,15000,카드,제철 반상,1,0
2026-08-08,19:39,9000,카드,동치미 국수,1,0
2026-08-08,19:42,17000,간편결제,소복 정식,1,0
2026-08-08,19:43,17000,간편결제,소복 정식,1,0
2026-08-08,19:47,13000,현금,들기름 고등어 한상,1,0
2026-08-08,19:47,42000,카드,묵은지 김치찜,2,0
2026-08-08,19:59,15000,카드,제철 반상,1,0
2026-08-08,20:12,30000,카드,제철 반상,2,0
2026-08-08,20:19,26000,카드,들기름 고등어 한상,2,0
2026-08-08,20:19,9000,카드,동치미 국수,1,0
2026-08-08,20:25,21000,카드,묵은지 김치찜,1,0
2026-08-08,20:39,17000,카드,소복 정식,1,0
2026-08-08,20:43,17000,카드,소복 정식,1,0
2026-08-08,20:46,30000,카드,제철 반상,2,0
2026-08-08,20:49,13000,카드,들기름 고등어 한상,1,0
2026-08-08,20:59,9000,카드,동치미 국수,1,0
2026-08-09,11:04,13000,카드,들기름 고등어 한상,1,0
2026-08-09,11:11,18000,카드,계란말이 추가,3,0
2026-08-09,11:13,17000,간편결제,소복 정식,1,0
2026-08-09,11:13,42000,카드,묵은지 김치찜,2,0
2026-08-09,11:19,9000,카드,동치미 국수,1,9000
2026-08-09,11:53,12000,카드,계란말이 추가,2,0
2026-08-09,12:03,13000,카드,들기름 고등어 한상,1,0
2026-08-09,12:17,6000,간편결제,계란말이 추가,1,0
2026-08-09,12:18,52000,간편결제,보리굴비 정식,2,0
2026-08-09,12:18,21000,카드,묵은지 김치찜,1,0
2026-08-09,12:45,6000,카드,계란말이 추가,1,0
2026-08-09,12:54,42000,현금,묵은지 김치찜,2,0
2026-08-09,12:58,78000,카드,보리굴비 정식,3,0
2026-08-09,13:16,6000,현금,계란말이 추가,1,0
2026-08-09,13:51,9000,카드,동치미 국수,1,0
2026-08-09,13:55,52000,카드,보리굴비 정식,2,0
2026-08-09,17:05,15000,카드,제철 반상,1,0
2026-08-09,17:28,15000,간편결제,제철 반상,1,0
2026-08-09,17:45,26000,카드,들기름 고등어 한상,2,0
2026-08-09,17:53,17000,카드,소복 정식,1,0
2026-08-09,18:02,18000,간편결제,동치미 국수,2,0
2026-08-09,18:02,17000,카드,소복 정식,1,0
2026-08-09,18:26,17000,간편결제,소복 정식,1,0
2026-08-09,18:47,26000,카드,보리굴비 정식,1,0
2026-08-09,18:49,9000,현금,동치미 국수,1,0
2026-08-09,18:57,13000,카드,들기름 고등어 한상,1,0
2026-08-09,19:28,13000,간편결제,들기름 고등어 한상,1,0
2026-08-09,19:35,17000,카드,소복 정식,1,0
2026-08-09,20:04,51000,카드,소복 정식,3,0
2026-08-09,20:19,17000,카드,소복 정식,1,0
2026-08-09,20:20,21000,간편결제,묵은지 김치찜,1,0
2026-08-09,20:54,6000,카드,계란말이 추가,1,0
2026-08-11,11:17,30000,간편결제,제철 반상,2,0
2026-08-11,11:28,34000,카드,소복 정식,2,0
2026-08-11,11:36,30000,카드,제철 반상,2,0
2026-08-11,11:50,21000,카드,묵은지 김치찜,1,0
2026-08-11,12:38,13000,현금,들기름 고등어 한상,1,0
2026-08-11,13:00,30000,카드,제철 반상,2,0
2026-08-11,13:02,26000,카드,보리굴비 정식,1,0
2026-08-11,13:02,17000,카드,소복 정식,1,0
2026-08-11,13:29,18000,카드,동치미 국수,2,0
2026-08-11,13:38,21000,카드,묵은지 김치찜,1,0
2026-08-11,13:41,21000,카드,묵은지 김치찜,1,0
2026-08-11,17:16,6000,카드,계란말이 추가,1,0
2026-08-11,17:19,18000,카드,동치미 국수,2,0
2026-08-11,17:22,9000,카드,동치미 국수,1,0
2026-08-11,17:52,9000,카드,동치미 국수,1,0
2026-08-11,17:53,21000,간편결제,묵은지 김치찜,1,0
2026-08-11,17:56,12000,카드,계란말이 추가,2,0
2026-08-11,18:19,6000,카드,계란말이 추가,1,0
2026-08-11,18:20,15000,카드,제철 반상,1,0
2026-08-11,18:22,6000,현금,계란말이 추가,1,0
2026-08-11,18:53,17000,카드,소복 정식,1,0
2026-08-11,19:00,21000,카드,묵은지 김치찜,1,0
2026-08-11,19:11,21000,카드,묵은지 김치찜,1,0
2026-08-11,19:52,42000,카드,묵은지 김치찜,2,0
2026-08-11,19:56,34000,카드,소복 정식,2,0
2026-08-11,20:11,52000,카드,보리굴비 정식,2,0
2026-08-11,20:30,9000,카드,동치미 국수,1,0
2026-08-11,20:34,6000,카드,계란말이 추가,1,0
2026-08-11,20:53,9000,카드,동치미 국수,1,0
2026-08-11,20:57,15000,카드,제철 반상,1,0
2026-08-12,11:07,13000,카드,들기름 고등어 한상,1,0
2026-08-12,11:24,9000,카드,동치미 국수,1,0
2026-08-12,11:26,9000,카드,동치미 국수,1,0
2026-08-12,11:28,21000,현금,묵은지 김치찜,1,0
2026-08-12,11:35,26000,카드,보리굴비 정식,1,0
2026-08-12,11:41,27000,간편결제,동치미 국수,3,0
2026-08-12,11:42,12000,카드,계란말이 추가,2,0
2026-08-12,12:01,13000,카드,들기름 고등어 한상,1,0
2026-08-12,12:24,42000,카드,묵은지 김치찜,2,0
2026-08-12,12:32,9000,카드,동치미 국수,1,0
2026-08-12,12:40,6000,카드,계란말이 추가,1,0
2026-08-12,12:58,15000,카드,제철 반상,1,0
2026-08-12,13:00,13000,간편결제,들기름 고등어 한상,1,0
2026-08-12,13:28,6000,카드,계란말이 추가,1,0
2026-08-12,13:31,17000,카드,소복 정식,1,0
2026-08-12,13:50,9000,카드,동치미 국수,1,0
2026-08-12,13:51,52000,카드,보리굴비 정식,2,0
2026-08-12,17:07,21000,카드,묵은지 김치찜,1,0
2026-08-12,17:14,6000,카드,계란말이 추가,1,0
2026-08-12,17:39,9000,카드,동치미 국수,1,0
2026-08-12,17:41,26000,카드,보리굴비 정식,1,0
2026-08-12,17:49,45000,카드,제철 반상,3,0
2026-08-12,18:23,12000,카드,계란말이 추가,2,0
2026-08-12,18:30,6000,카드,계란말이 추가,1,0
2026-08-12,18:44,21000,카드,묵은지 김치찜,1,0
2026-08-12,19:38,34000,카드,소복 정식,2,0
2026-08-12,20:01,21000,간편결제,묵은지 김치찜,1,0
2026-08-12,20:03,18000,카드,동치미 국수,2,0
2026-08-12,20:10,13000,카드,들기름 고등어 한상,1,0
2026-08-12,20:40,26000,카드,보리굴비 정식,1,0
2026-08-12,20:43,26000,카드,들기름 고등어 한상,2,0
2026-08-12,20:50,30000,간편결제,제철 반상,2,0
2026-08-12,20:50,21000,카드,묵은지 김치찜,1,0
2026-08-13,11:01,21000,간편결제,묵은지 김치찜,1,0
2026-08-13,11:09,9000,카드,동치미 국수,1,0
2026-08-13,11:14,6000,카드,계란말이 추가,1,0
2026-08-13,11:35,26000,카드,들기름 고등어 한상,2,0
2026-08-13,11:44,6000,카드,계란말이 추가,1,0
2026-08-13,11:51,17000,카드,소복 정식,1,0
2026-08-13,11:55,9000,카드,동치미 국수,1,0
2026-08-13,12:00,17000,카드,소복 정식,1,0
2026-08-13,12:01,21000,카드,묵은지 김치찜,1,0
2026-08-13,12:06,15000,간편결제,제철 반상,1,0
2026-08-13,12:07,6000,카드,계란말이 추가,1,0
2026-08-13,12:13,12000,카드,계란말이 추가,2,0
2026-08-13,12:16,9000,카드,동치미 국수,1,0
2026-08-13,12:55,30000,카드,제철 반상,2,0
2026-08-13,13:01,42000,간편결제,묵은지 김치찜,2,0
2026-08-13,13:20,17000,카드,소복 정식,1,0
2026-08-13,13:31,26000,카드,보리굴비 정식,1,0
2026-08-13,13:43,34000,현금,소복 정식,2,0
2026-08-13,13:46,15000,간편결제,제철 반상,1,0
2026-08-13,17:15,21000,카드,묵은지 김치찜,1,0
2026-08-13,17:43,17000,카드,소복 정식,1,0
2026-08-13,17:49,21000,카드,묵은지 김치찜,1,0
2026-08-13,18:02,13000,카드,들기름 고등어 한상,1,0
2026-08-13,18:18,34000,카드,소복 정식,2,0
2026-08-13,18:19,17000,카드,소복 정식,1,0
2026-08-13,18:23,15000,카드,제철 반상,1,0
2026-08-13,18:24,17000,카드,소복 정식,1,0
2026-08-13,18:49,51000,카드,소복 정식,3,0
2026-08-13,19:12,15000,카드,제철 반상,1,0
2026-08-13,19:30,21000,현금,묵은지 김치찜,1,0
2026-08-13,19:56,12000,카드,계란말이 추가,2,0
2026-08-13,20:40,21000,카드,묵은지 김치찜,1,0
2026-08-13,20:46,30000,간편결제,제철 반상,2,0
2026-08-14,11:00,9000,카드,동치미 국수,1,0
2026-08-14,11:10,42000,카드,묵은지 김치찜,2,0
2026-08-14,11:26,15000,간편결제,제철 반상,1,0
2026-08-14,11:33,9000,카드,동치미 국수,1,0
2026-08-14,11:45,12000,카드,계란말이 추가,2,0
2026-08-14,12:01,12000,카드,계란말이 추가,2,0
2026-08-14,12:05,17000,카드,소복 정식,1,0
2026-08-14,12:07,15000,간편결제,제철 반상,1,0
2026-08-14,12:10,17000,카드,소복 정식,1,0
2026-08-14,12:11,9000,현금,동치미 국수,1,0
2026-08-14,12:21,15000,카드,제철 반상,1,0
2026-08-14,12:36,9000,간편결제,동치미 국수,1,0
2026-08-14,12:43,18000,카드,동치미 국수,2,0
2026-08-14,12:58,17000,카드,소복 정식,1,0
2026-08-14,13:25,30000,카드,제철 반상,2,0
2026-08-14,13:30,15000,간편결제,제철 반상,1,0
2026-08-14,13:30,39000,카드,들기름 고등어 한상,3,0
2026-08-14,13:31,15000,카드,제철 반상,1,0
2026-08-14,13:46,13000,카드,들기름 고등어 한상,1,0
2026-08-14,13:58,17000,카드,소복 정식,1,0
2026-08-14,13:58,26000,현금,보리굴비 정식,1,0
2026-08-14,13:59,26000,카드,들기름 고등어 한상,2,0
2026-08-14,17:02,9000,카드,동치미 국수,1,0
2026-08-14,17:17,26000,카드,들기름 고등어 한상,2,0
2026-08-14,17:19,15000,간편결제,제철 반상,1,0
2026-08-14,17:40,30000,간편결제,제철 반상,2,0
2026-08-14,17:41,6000,카드,계란말이 추가,1,0
2026-08-14,17:52,26000,카드,보리굴비 정식,1,0
2026-08-14,17:55,9000,카드,동치미 국수,1,0
2026-08-14,18:04,26000,간편결제,보리굴비 정식,1,0
2026-08-14,18:22,15000,카드,제철 반상,1,0
2026-08-14,18:30,51000,간편결제,소복 정식,3,0
2026-08-14,18:31,21000,카드,묵은지 김치찜,1,0
2026-08-14,18:32,12000,간편결제,계란말이 추가,2,0
2026-08-14,18:50,13000,카드,들기름 고등어 한상,1,0
2026-08-14,18:58,21000,카드,묵은지 김치찜,1,0
2026-08-14,19:10,30000,카드,제철 반상,2,0
2026-08-14,19:23,30000,간편결제,제철 반상,2,0
2026-08-14,19:54,9000,카드,동치미 국수,1,0
2026-08-14,19:54,63000,카드,묵은지 김치찜,3,0
2026-08-14,20:04,12000,카드,계란말이 추가,2,0
2026-08-14,20:07,17000,현금,소복 정식,1,0
2026-08-14,20:09,34000,카드,소복 정식,2,0
2026-08-14,20:16,52000,카드,보리굴비 정식,2,0
2026-08-14,20:18,34000,간편결제,소복 정식,2,0
2026-08-14,20:25,9000,카드,동치미 국수,1,0
2026-08-14,20:26,6000,카드,계란말이 추가,1,0
2026-08-14,20:28,13000,현금,들기름 고등어 한상,1,0
2026-08-14,20:32,78000,카드,보리굴비 정식,3,78000
2026-08-14,20:37,26000,현금,보리굴비 정식,1,0
2026-08-14,20:46,9000,카드,동치미 국수,1,0
2026-08-14,20:47,26000,간편결제,들기름 고등어 한상,2,0
2026-08-15,11:01,18000,간편결제,계란말이 추가,3,0
2026-08-15,11:20,52000,카드,보리굴비 정식,2,0
2026-08-15,11:31,9000,카드,동치미 국수,1,0
2026-08-15,11:40,13000,카드,들기름 고등어 한상,1,0
2026-08-15,11:42,52000,간편결제,보리굴비 정식,2,0
2026-08-15,11:48,21000,카드,묵은지 김치찜,1,0
2026-08-15,11:56,52000,카드,보리굴비 정식,2,0
2026-08-15,12:11,26000,카드,들기름 고등어 한상,2,0
2026-08-15,12:13,21000,카드,묵은지 김치찜,1,0
2026-08-15,12:43,9000,카드,동치미 국수,1,0
2026-08-15,12:45,30000,카드,제철 반상,2,0
2026-08-15,12:51,9000,간편결제,동치미 국수,1,0
2026-08-15,12:56,13000,카드,들기름 고등어 한상,1,0
2026-08-15,13:00,15000,카드,제철 반상,1,0
2026-08-15,13:07,17000,카드,소복 정식,1,0
2026-08-15,13:11,17000,카드,소복 정식,1,0
2026-08-15,13:44,26000,카드,보리굴비 정식,1,0
2026-08-15,13:48,42000,간편결제,묵은지 김치찜,2,0
2026-08-15,13:54,13000,간편결제,들기름 고등어 한상,1,0
2026-08-15,17:19,13000,현금,들기름 고등어 한상,1,0
2026-08-15,17:21,17000,카드,소복 정식,1,0
2026-08-15,18:24,30000,카드,제철 반상,2,0
2026-08-15,18:34,9000,현금,동치미 국수,1,0
2026-08-15,18:40,13000,카드,들기름 고등어 한상,1,0
2026-08-15,19:07,13000,카드,들기름 고등어 한상,1,0
2026-08-15,19:13,34000,카드,소복 정식,2,0
2026-08-15,19:41,9000,카드,동치미 국수,1,0
2026-08-15,19:44,21000,카드,묵은지 김치찜,1,0
2026-08-15,19:47,21000,간편결제,묵은지 김치찜,1,0
2026-08-15,19:52,13000,카드,들기름 고등어 한상,1,0
2026-08-15,20:01,15000,현금,제철 반상,1,0
2026-08-15,20:01,26000,카드,보리굴비 정식,1,0
2026-08-15,20:03,26000,카드,보리굴비 정식,1,0
2026-08-15,20:21,42000,간편결제,묵은지 김치찜,2,0
2026-08-15,20:39,13000,간편결제,들기름 고등어 한상,1,0
2026-08-16,11:47,26000,카드,보리굴비 정식,1,0
2026-08-16,12:03,9000,카드,동치미 국수,1,0
2026-08-16,12:12,42000,카드,묵은지 김치찜,2,0
2026-08-16,12:15,34000,현금,소복 정식,2,0
2026-08-16,12:23,15000,간편결제,제철 반상,1,0
2026-08-16,12:26,12000,카드,계란말이 추가,2,0
2026-08-16,12:36,17000,간편결제,소복 정식,1,0
2026-08-16,12:51,6000,카드,계란말이 추가,1,0
2026-08-16,12:58,52000,카드,보리굴비 정식,2,0
2026-08-16,13:22,13000,간편결제,들기름 고등어 한상,1,0
2026-08-16,13:54,26000,카드,보리굴비 정식,1,0
2026-08-16,13:57,21000,현금,묵은지 김치찜,1,0
2026-08-16,17:25,12000,간편결제,계란말이 추가,2,0
2026-08-16,17:56,6000,현금,계란말이 추가,1,0
2026-08-16,18:00,17000,카드,소복 정식,1,0
2026-08-16,18:08,52000,카드,보리굴비 정식,2,0
2026-08-16,18:11,15000,카드,제철 반상,1,0
2026-08-16,18:35,6000,카드,계란말이 추가,1,0
2026-08-16,18:35,6000,카드,계란말이 추가,1,0
2026-08-16,18:55,17000,간편결제,소복 정식,1,0
2026-08-16,19:05,21000,카드,묵은지 김치찜,1,0
2026-08-16,19:26,6000,카드,계란말이 추가,1,0
2026-08-16,20:06,39000,카드,들기름 고등어 한상,3,0
2026-08-16,20:08,21000,카드,묵은지 김치찜,1,0
2026-08-16,20:38,17000,카드,소복 정식,1,0
2026-08-16,20:52,21000,카드,묵은지 김치찜,1,0
2026-08-16,20:58,52000,카드,보리굴비 정식,2,0
2026-08-17,11:08,26000,카드,보리굴비 정식,1,0
2026-08-17,11:11,30000,간편결제,제철 반상,2,0
2026-08-17,11:19,17000,현금,소복 정식,1,0
2026-08-17,12:47,13000,현금,들기름 고등어 한상,1,0
2026-08-17,13:00,18000,카드,동치미 국수,2,0
2026-08-17,13:13,21000,카드,묵은지 김치찜,1,0
2026-08-17,13:35,17000,카드,소복 정식,1,0
2026-08-17,13:46,15000,간편결제,제철 반상,1,0
2026-08-17,13:51,6000,카드,계란말이 추가,1,0
2026-08-17,17:16,17000,간편결제,소복 정식,1,0
2026-08-17,17:37,13000,카드,들기름 고등어 한상,1,0
2026-08-17,17:39,26000,카드,보리굴비 정식,1,0
2026-08-17,17:53,26000,카드,보리굴비 정식,1,0
2026-08-17,18:29,9000,현금,동치미 국수,1,0
2026-08-17,18:55,21000,카드,묵은지 김치찜,1,0
2026-08-17,18:57,17000,카드,소복 정식,1,0
2026-08-17,19:17,6000,간편결제,계란말이 추가,1,0
2026-08-17,19:27,15000,카드,제철 반상,1,0
2026-08-17,19:36,26000,카드,보리굴비 정식,1,0
2026-08-17,19:41,17000,간편결제,소복 정식,1,0
2026-08-17,20:13,17000,카드,소복 정식,1,0
2026-08-17,20:17,15000,카드,제철 반상,1,0
2026-08-17,20:27,17000,카드,소복 정식,1,0
2026-08-17,20:27,12000,카드,계란말이 추가,2,0
2026-08-17,20:52,17000,카드,소복 정식,1,0
2026-08-18,11:50,9000,카드,동치미 국수,1,0
2026-08-18,11:57,6000,카드,계란말이 추가,1,0
2026-08-18,12:13,15000,현금,제철 반상,1,0
2026-08-18,12:55,15000,카드,제철 반상,1,0
2026-08-18,13:02,12000,카드,계란말이 추가,2,0
2026-08-18,13:07,21000,간편결제,묵은지 김치찜,1,0
2026-08-18,13:09,15000,카드,제철 반상,1,0
2026-08-18,13:25,15000,간편결제,제철 반상,1,0
2026-08-18,13:43,15000,카드,제철 반상,1,0
2026-08-18,13:43,21000,간편결제,묵은지 김치찜,1,0
2026-08-18,13:44,78000,카드,보리굴비 정식,3,0
2026-08-18,13:48,17000,카드,소복 정식,1,0
2026-08-18,17:36,42000,카드,묵은지 김치찜,2,0
2026-08-18,18:14,9000,카드,동치미 국수,1,0
2026-08-18,18:18,13000,카드,들기름 고등어 한상,1,0
2026-08-18,18:20,26000,카드,보리굴비 정식,1,0
2026-08-18,18:31,13000,간편결제,들기름 고등어 한상,1,0
2026-08-18,18:31,15000,카드,제철 반상,1,0
2026-08-18,18:32,30000,간편결제,제철 반상,2,0
2026-08-18,18:47,15000,현금,제철 반상,1,0
2026-08-18,18:55,13000,간편결제,들기름 고등어 한상,1,0
2026-08-18,18:59,17000,카드,소복 정식,1,0
2026-08-18,19:18,13000,카드,들기름 고등어 한상,1,0
2026-08-18,19:44,12000,간편결제,계란말이 추가,2,0
2026-08-18,20:06,13000,간편결제,들기름 고등어 한상,1,0
2026-08-18,20:13,26000,카드,보리굴비 정식,1,0
2026-08-18,20:27,17000,간편결제,소복 정식,1,0
2026-08-18,20:28,42000,카드,묵은지 김치찜,2,0
2026-08-18,20:28,12000,카드,계란말이 추가,2,0
2026-08-18,20:36,9000,카드,동치미 국수,1,0
2026-08-19,11:20,15000,카드,제철 반상,1,0
2026-08-19,11:23,42000,카드,묵은지 김치찜,2,0
2026-08-19,11:23,17000,카드,소복 정식,1,0
2026-08-19,11:24,26000,카드,들기름 고등어 한상,2,0
2026-08-19,11:34,63000,카드,묵은지 김치찜,3,0
2026-08-19,11:47,17000,간편결제,소복 정식,1,0
2026-08-19,11:48,26000,간편결제,보리굴비 정식,1,0
2026-08-19,11:49,17000,카드,소복 정식,1,0
2026-08-19,12:06,6000,간편결제,계란말이 추가,1,0
2026-08-19,12:08,26000,카드,보리굴비 정식,1,0
2026-08-19,12:12,26000,카드,들기름 고등어 한상,2,0
2026-08-19,12:13,9000,카드,동치미 국수,1,0
2026-08-19,12:44,12000,카드,계란말이 추가,2,0
2026-08-19,12:57,13000,현금,들기름 고등어 한상,1,0
2026-08-19,13:02,21000,간편결제,묵은지 김치찜,1,0
2026-08-19,13:14,15000,카드,제철 반상,1,0
2026-08-19,13:15,15000,카드,제철 반상,1,0
2026-08-19,13:40,9000,카드,동치미 국수,1,0
2026-08-19,17:08,34000,카드,소복 정식,2,0
2026-08-19,17:24,21000,현금,묵은지 김치찜,1,0
2026-08-19,17:40,15000,카드,제철 반상,1,0
2026-08-19,17:53,15000,카드,제철 반상,1,0
2026-08-19,17:57,42000,카드,묵은지 김치찜,2,0
2026-08-19,17:58,17000,카드,소복 정식,1,0
2026-08-19,18:02,52000,카드,보리굴비 정식,2,0
2026-08-19,18:05,15000,카드,제철 반상,1,0
2026-08-19,18:13,52000,카드,보리굴비 정식,2,0
2026-08-19,18:19,6000,카드,계란말이 추가,1,0
2026-08-19,18:19,13000,카드,들기름 고등어 한상,1,0
2026-08-19,18:40,13000,카드,들기름 고등어 한상,1,0
2026-08-19,18:51,21000,간편결제,묵은지 김치찜,1,0
2026-08-19,18:53,26000,현금,보리굴비 정식,1,0
2026-08-19,18:55,13000,카드,들기름 고등어 한상,1,0
2026-08-19,19:53,21000,카드,묵은지 김치찜,1,0
2026-08-19,20:41,13000,현금,들기름 고등어 한상,1,0
2026-08-19,20:45,9000,카드,동치미 국수,1,0
2026-08-19,20:55,52000,카드,보리굴비 정식,2,0
2026-08-20,11:01,21000,카드,묵은지 김치찜,1,0
2026-08-20,11:13,9000,간편결제,동치미 국수,1,0
2026-08-20,11:15,63000,카드,묵은지 김치찜,3,0
2026-08-20,11:28,15000,카드,제철 반상,1,0
2026-08-20,11:46,52000,카드,보리굴비 정식,2,0
2026-08-20,11:49,52000,카드,보리굴비 정식,2,0
2026-08-20,11:54,13000,간편결제,들기름 고등어 한상,1,0
2026-08-20,12:12,9000,카드,동치미 국수,1,0
2026-08-20,12:34,9000,카드,동치미 국수,1,0
2026-08-20,12:53,26000,간편결제,들기름 고등어 한상,2,0
2026-08-20,12:54,18000,현금,동치미 국수,2,0
2026-08-20,13:15,26000,카드,보리굴비 정식,1,0
2026-08-20,13:40,26000,카드,보리굴비 정식,1,0
2026-08-20,13:47,42000,카드,묵은지 김치찜,2,0
2026-08-20,17:20,13000,카드,들기름 고등어 한상,1,0
2026-08-20,17:20,15000,현금,제철 반상,1,0
2026-08-20,17:20,34000,카드,소복 정식,2,0
2026-08-20,17:24,17000,카드,소복 정식,1,0
2026-08-20,17:27,15000,현금,제철 반상,1,0
2026-08-20,18:00,26000,현금,보리굴비 정식,1,0
2026-08-20,18:01,13000,간편결제,들기름 고등어 한상,1,0
2026-08-20,18:24,42000,카드,묵은지 김치찜,2,0
2026-08-20,18:36,17000,카드,소복 정식,1,0
2026-08-20,18:51,52000,카드,보리굴비 정식,2,0
2026-08-20,18:57,15000,간편결제,제철 반상,1,15000
2026-08-20,19:00,9000,간편결제,동치미 국수,1,0
2026-08-20,19:54,26000,카드,보리굴비 정식,1,0
2026-08-20,19:57,17000,카드,소복 정식,1,0
2026-08-20,20:42,13000,카드,들기름 고등어 한상,1,0
2026-08-20,20:46,18000,카드,동치미 국수,2,0
2026-08-20,20:49,21000,카드,묵은지 김치찜,1,21000
2026-08-20,20:49,45000,카드,제철 반상,3,0
2026-08-21,11:02,17000,카드,소복 정식,1,0
2026-08-21,11:17,15000,카드,제철 반상,1,0
2026-08-21,11:17,30000,간편결제,제철 반상,2,0
2026-08-21,11:22,52000,간편결제,보리굴비 정식,2,0
2026-08-21,11:38,17000,카드,소복 정식,1,0
2026-08-21,11:54,34000,간편결제,소복 정식,2,0
2026-08-21,12:00,6000,현금,계란말이 추가,1,0
2026-08-21,12:03,63000,현금,묵은지 김치찜,3,0
2026-08-21,12:05,15000,카드,제철 반상,1,0
2026-08-21,12:39,6000,카드,계란말이 추가,1,0
2026-08-21,13:00,78000,카드,보리굴비 정식,3,0
2026-08-21,13:01,18000,카드,동치미 국수,2,0
2026-08-21,13:03,21000,카드,묵은지 김치찜,1,0
2026-08-21,13:14,21000,카드,묵은지 김치찜,1,0
2026-08-21,13:17,9000,카드,동치미 국수,1,0
2026-08-21,13:29,15000,카드,제철 반상,1,0
2026-08-21,13:46,30000,카드,제철 반상,2,0
2026-08-21,13:49,34000,카드,소복 정식,2,0
2026-08-21,13:52,9000,카드,동치미 국수,1,0
2026-08-21,13:53,6000,카드,계란말이 추가,1,0
2026-08-21,13:59,21000,카드,묵은지 김치찜,1,0
2026-08-21,17:20,9000,카드,동치미 국수,1,0
2026-08-21,17:27,17000,간편결제,소복 정식,1,0
2026-08-21,17:29,27000,카드,동치미 국수,3,0
2026-08-21,17:34,34000,현금,소복 정식,2,0
2026-08-21,17:47,30000,현금,제철 반상,2,0
2026-08-21,17:48,45000,현금,제철 반상,3,0
2026-08-21,18:06,17000,카드,소복 정식,1,0
2026-08-21,18:10,15000,카드,제철 반상,1,0
2026-08-21,18:12,21000,카드,묵은지 김치찜,1,0
2026-08-21,18:20,15000,간편결제,제철 반상,1,0
2026-08-21,18:33,15000,카드,제철 반상,1,0
2026-08-21,18:34,6000,카드,계란말이 추가,1,0
2026-08-21,18:34,21000,카드,묵은지 김치찜,1,0
2026-08-21,18:40,15000,카드,제철 반상,1,0
2026-08-21,18:49,12000,카드,계란말이 추가,2,0
2026-08-21,18:57,13000,카드,들기름 고등어 한상,1,0
2026-08-21,19:12,21000,현금,묵은지 김치찜,1,0
2026-08-21,19:24,26000,카드,보리굴비 정식,1,0
2026-08-21,19:27,17000,카드,소복 정식,1,0
2026-08-21,19:32,13000,카드,들기름 고등어 한상,1,0
2026-08-21,19:33,26000,카드,보리굴비 정식,1,0
2026-08-21,19:39,26000,카드,보리굴비 정식,1,0
2026-08-21,19:48,6000,카드,계란말이 추가,1,0
2026-08-21,20:14,6000,카드,계란말이 추가,1,0
2026-08-21,20:26,17000,카드,소복 정식,1,0
2026-08-21,20:39,34000,카드,소복 정식,2,0
2026-08-22,11:15,9000,간편결제,동치미 국수,1,0
2026-08-22,11:20,17000,카드,소복 정식,1,0
2026-08-22,11:29,9000,카드,동치미 국수,1,0
2026-08-22,11:31,26000,카드,들기름 고등어 한상,2,0
2026-08-22,11:42,12000,간편결제,계란말이 추가,2,0
2026-08-22,11:54,6000,카드,계란말이 추가,1,6000
2026-08-22,12:04,6000,카드,계란말이 추가,1,0
2026-08-22,12:05,9000,현금,동치미 국수,1,0
2026-08-22,12:20,26000,카드,보리굴비 정식,1,0
2026-08-22,12:43,13000,카드,들기름 고등어 한상,1,0
2026-08-22,13:02,9000,카드,동치미 국수,1,0
2026-08-22,13:11,9000,간편결제,동치미 국수,1,0
2026-08-22,13:14,45000,카드,제철 반상,3,0
2026-08-22,13:26,52000,간편결제,보리굴비 정식,2,0
2026-08-22,13:33,42000,카드,묵은지 김치찜,2,0
2026-08-22,13:51,15000,카드,제철 반상,1,0
2026-08-22,13:55,13000,간편결제,들기름 고등어 한상,1,0
2026-08-22,13:59,18000,카드,동치미 국수,2,0
2026-08-22,17:00,17000,카드,소복 정식,1,0
2026-08-22,17:12,21000,간편결제,묵은지 김치찜,1,0
2026-08-22,17:21,52000,카드,보리굴비 정식,2,0
2026-08-22,17:44,13000,카드,들기름 고등어 한상,1,0
2026-08-22,17:58,17000,간편결제,소복 정식,1,0
2026-08-22,18:08,52000,카드,보리굴비 정식,2,0
2026-08-22,18:41,13000,카드,들기름 고등어 한상,1,0
2026-08-22,18:43,27000,간편결제,동치미 국수,3,0
2026-08-22,18:44,9000,간편결제,동치미 국수,1,0
2026-08-22,18:50,17000,카드,소복 정식,1,0
2026-08-22,18:58,6000,카드,계란말이 추가,1,0
2026-08-22,19:13,21000,카드,묵은지 김치찜,1,0
2026-08-22,19:26,17000,카드,소복 정식,1,0
2026-08-22,19:48,26000,간편결제,보리굴비 정식,1,0
2026-08-22,19:58,27000,카드,동치미 국수,3,0
2026-08-22,20:09,26000,카드,보리굴비 정식,1,0
2026-08-22,20:11,21000,카드,묵은지 김치찜,1,0
2026-08-22,20:24,26000,카드,보리굴비 정식,1,0
2026-08-22,20:30,30000,카드,제철 반상,2,0
2026-08-22,20:45,13000,간편결제,들기름 고등어 한상,1,13000
2026-08-22,20:57,21000,카드,묵은지 김치찜,1,0
2026-08-23,11:08,17000,카드,소복 정식,1,0
2026-08-23,11:25,21000,카드,묵은지 김치찜,1,21000
2026-08-23,11:28,6000,카드,계란말이 추가,1,0
2026-08-23,11:31,17000,간편결제,소복 정식,1,0
2026-08-23,11:33,42000,카드,묵은지 김치찜,2,0
2026-08-23,11:33,30000,카드,제철 반상,2,0
2026-08-23,12:06,9000,카드,동치미 국수,1,0
2026-08-23,12:12,9000,카드,동치미 국수,1,0
2026-08-23,12:23,34000,카드,소복 정식,2,0
2026-08-23,12:28,26000,현금,보리굴비 정식,1,0
2026-08-23,12:33,18000,카드,동치미 국수,2,0
2026-08-23,12:42,26000,카드,들기름 고등어 한상,2,0
2026-08-23,12:43,26000,카드,보리굴비 정식,1,0
2026-08-23,13:24,26000,카드,보리굴비 정식,1,0
2026-08-23,13:35,12000,카드,계란말이 추가,2,0
2026-08-23,13:51,78000,카드,보리굴비 정식,3,0
2026-08-23,17:37,15000,카드,제철 반상,1,0
2026-08-23,17:39,15000,카드,제철 반상,1,0
2026-08-23,18:07,9000,카드,동치미 국수,1,0
2026-08-23,19:00,15000,카드,제철 반상,1,0
2026-08-23,19:06,26000,카드,보리굴비 정식,1,0
2026-08-23,19:13,42000,카드,묵은지 김치찜,2,0
2026-08-23,19:13,27000,카드,동치미 국수,3,0
2026-08-23,19:18,17000,간편결제,소복 정식,1,0
2026-08-23,19:25,26000,카드,들기름 고등어 한상,2,0
2026-08-23,19:30,42000,카드,묵은지 김치찜,2,0
2026-08-23,19:37,13000,카드,들기름 고등어 한상,1,0
2026-08-23,19:38,15000,카드,제철 반상,1,0
2026-08-23,19:47,15000,간편결제,제철 반상,1,0
2026-08-23,20:06,13000,카드,들기름 고등어 한상,1,0
2026-08-23,20:31,6000,현금,계란말이 추가,1,0
2026-08-23,20:40,17000,간편결제,소복 정식,1,0
2026-08-23,20:44,13000,간편결제,들기름 고등어 한상,1,0
2026-08-23,20:51,15000,카드,제철 반상,1,0
2026-08-25,11:07,26000,카드,보리굴비 정식,1,0
2026-08-25,11:15,26000,카드,보리굴비 정식,1,0
2026-08-25,11:43,9000,카드,동치미 국수,1,0
2026-08-25,12:10,15000,현금,제철 반상,1,0
2026-08-25,12:19,45000,카드,제철 반상,3,0
2026-08-25,13:06,17000,간편결제,소복 정식,1,0
2026-08-25,13:25,13000,간편결제,들기름 고등어 한상,1,0
2026-08-25,13:40,9000,간편결제,동치미 국수,1,0
2026-08-25,13:43,42000,간편결제,묵은지 김치찜,2,0
2026-08-25,13:50,6000,카드,계란말이 추가,1,0
2026-08-25,17:10,18000,카드,동치미 국수,2,0
2026-08-25,17:17,6000,카드,계란말이 추가,1,0
2026-08-25,17:24,15000,카드,제철 반상,1,15000
2026-08-25,17:50,42000,현금,묵은지 김치찜,2,0
2026-08-25,17:50,21000,간편결제,묵은지 김치찜,1,0
2026-08-25,18:00,13000,카드,들기름 고등어 한상,1,0
2026-08-25,18:11,30000,카드,제철 반상,2,0
2026-08-25,18:15,6000,카드,계란말이 추가,1,0
2026-08-25,18:51,78000,카드,보리굴비 정식,3,0
2026-08-25,18:56,6000,카드,계란말이 추가,1,0
2026-08-25,19:38,26000,카드,보리굴비 정식,1,0
2026-08-25,19:50,15000,간편결제,제철 반상,1,0
2026-08-25,20:15,9000,카드,동치미 국수,1,0
2026-08-25,20:20,26000,카드,보리굴비 정식,1,26000
2026-08-25,20:42,21000,카드,묵은지 김치찜,1,0
2026-08-25,20:52,13000,카드,들기름 고등어 한상,1,0
2026-08-26,11:37,13000,카드,들기름 고등어 한상,1,0
2026-08-26,12:50,13000,간편결제,들기름 고등어 한상,1,0
2026-08-26,13:03,52000,카드,보리굴비 정식,2,0
2026-08-26,13:10,21000,카드,묵은지 김치찜,1,0
2026-08-26,13:12,17000,간편결제,소복 정식,1,0
2026-08-26,13:17,51000,카드,소복 정식,3,0
2026-08-26,13:41,13000,카드,들기름 고등어 한상,1,0
2026-08-26,13:42,21000,카드,묵은지 김치찜,1,0
2026-08-26,17:00,26000,카드,보리굴비 정식,1,0
2026-08-26,17:11,26000,간편결제,보리굴비 정식,1,0
2026-08-26,17:41,13000,카드,들기름 고등어 한상,1,0
2026-08-26,18:04,17000,카드,소복 정식,1,0
2026-08-26,18:07,17000,카드,소복 정식,1,0
2026-08-26,18:21,17000,카드,소복 정식,1,0
2026-08-26,18:40,9000,카드,동치미 국수,1,0
2026-08-26,18:42,26000,카드,보리굴비 정식,1,0
2026-08-26,18:44,21000,카드,묵은지 김치찜,1,0
2026-08-26,18:58,13000,카드,들기름 고등어 한상,1,0
2026-08-26,19:06,9000,카드,동치미 국수,1,0
2026-08-26,19:09,6000,카드,계란말이 추가,1,0
2026-08-26,19:10,12000,현금,계란말이 추가,2,0
2026-08-26,19:17,15000,카드,제철 반상,1,0
2026-08-26,19:38,6000,카드,계란말이 추가,1,0
2026-08-26,19:43,9000,카드,동치미 국수,1,0
2026-08-26,20:20,21000,카드,묵은지 김치찜,1,0
2026-08-26,20:21,6000,현금,계란말이 추가,1,0
2026-08-26,20:28,13000,카드,들기름 고등어 한상,1,0
2026-08-26,20:47,17000,카드,소복 정식,1,0
2026-08-27,11:21,13000,간편결제,들기름 고등어 한상,1,0
2026-08-27,11:26,52000,현금,보리굴비 정식,2,0
2026-08-27,11:27,9000,카드,동치미 국수,1,0
2026-08-27,11:30,26000,카드,보리굴비 정식,1,0
2026-08-27,11:37,15000,카드,제철 반상,1,0
2026-08-27,11:39,9000,카드,동치미 국수,1,0
2026-08-27,12:00,13000,간편결제,들기름 고등어 한상,1,0
2026-08-27,12:03,30000,카드,제철 반상,2,0
2026-08-27,12:08,52000,카드,보리굴비 정식,2,0
2026-08-27,12:12,26000,카드,보리굴비 정식,1,0
2026-08-27,12:29,9000,카드,동치미 국수,1,0
2026-08-27,12:30,6000,카드,계란말이 추가,1,0
2026-08-27,12:36,63000,카드,묵은지 김치찜,3,0
2026-08-27,12:38,15000,카드,제철 반상,1,0
2026-08-27,13:22,39000,간편결제,들기름 고등어 한상,3,0
2026-08-27,17:11,26000,카드,보리굴비 정식,1,0
2026-08-27,17:22,26000,카드,보리굴비 정식,1,0
2026-08-27,17:33,21000,카드,묵은지 김치찜,1,0
2026-08-27,17:41,6000,카드,계란말이 추가,1,0
2026-08-27,17:43,18000,카드,동치미 국수,2,0
2026-08-27,17:45,21000,카드,묵은지 김치찜,1,0
2026-08-27,18:05,9000,카드,동치미 국수,1,0
2026-08-27,18:54,17000,현금,소복 정식,1,0
2026-08-27,19:30,9000,카드,동치미 국수,1,0
2026-08-27,19:34,6000,카드,계란말이 추가,1,0
2026-08-27,19:36,17000,간편결제,소복 정식,1,0
2026-08-27,19:58,21000,카드,묵은지 김치찜,1,0
2026-08-27,20:06,15000,카드,제철 반상,1,0
2026-08-27,20:22,18000,카드,동치미 국수,2,0
2026-08-27,20:29,18000,카드,계란말이 추가,3,0
2026-08-27,20:47,12000,카드,계란말이 추가,2,0
2026-08-27,20:48,52000,카드,보리굴비 정식,2,0
2026-08-28,11:24,42000,카드,묵은지 김치찜,2,0
2026-08-28,11:24,26000,간편결제,보리굴비 정식,1,0
2026-08-28,11:38,39000,간편결제,들기름 고등어 한상,3,0
2026-08-28,11:41,30000,현금,제철 반상,2,0
2026-08-28,11:44,9000,카드,동치미 국수,1,0
2026-08-28,11:51,21000,카드,묵은지 김치찜,1,0
2026-08-28,11:57,15000,카드,제철 반상,1,0
2026-08-28,12:03,13000,간편결제,들기름 고등어 한상,1,0
2026-08-28,12:19,21000,카드,묵은지 김치찜,1,21000
2026-08-28,12:24,15000,카드,제철 반상,1,0
2026-08-28,12:35,17000,카드,소복 정식,1,0
2026-08-28,12:42,13000,현금,들기름 고등어 한상,1,0
2026-08-28,12:59,6000,간편결제,계란말이 추가,1,0
2026-08-28,13:06,21000,간편결제,묵은지 김치찜,1,0
2026-08-28,13:08,21000,현금,묵은지 김치찜,1,21000
2026-08-28,13:34,13000,현금,들기름 고등어 한상,1,0
2026-08-28,13:36,9000,카드,동치미 국수,1,0
2026-08-28,13:48,21000,카드,묵은지 김치찜,1,0
2026-08-28,13:55,17000,간편결제,소복 정식,1,0
2026-08-28,17:00,26000,카드,보리굴비 정식,1,0
2026-08-28,17:04,18000,카드,동치미 국수,2,0
2026-08-28,17:24,6000,간편결제,계란말이 추가,1,0
2026-08-28,17:27,15000,카드,제철 반상,1,0
2026-08-28,17:28,30000,간편결제,제철 반상,2,0
2026-08-28,17:36,17000,카드,소복 정식,1,0
2026-08-28,18:10,6000,카드,계란말이 추가,1,0
2026-08-28,18:19,42000,카드,묵은지 김치찜,2,0
2026-08-28,18:33,12000,카드,계란말이 추가,2,0
2026-08-28,18:43,6000,카드,계란말이 추가,1,0
2026-08-28,18:55,13000,간편결제,들기름 고등어 한상,1,0
2026-08-28,18:59,17000,카드,소복 정식,1,0
2026-08-28,19:16,9000,카드,동치미 국수,1,0
2026-08-28,19:30,26000,카드,보리굴비 정식,1,0
2026-08-28,19:32,26000,간편결제,보리굴비 정식,1,0
2026-08-28,20:16,78000,카드,보리굴비 정식,3,0
2026-08-28,20:25,26000,카드,보리굴비 정식,1,0
2026-08-28,20:27,26000,현금,보리굴비 정식,1,0
2026-08-28,20:29,13000,카드,들기름 고등어 한상,1,0
2026-08-28,20:55,13000,간편결제,들기름 고등어 한상,1,0
2026-08-29,11:16,9000,카드,동치미 국수,1,0
2026-08-29,11:17,17000,카드,소복 정식,1,0
2026-08-29,11:19,9000,카드,동치미 국수,1,0
2026-08-29,11:23,30000,카드,제철 반상,2,0
2026-08-29,11:41,6000,카드,계란말이 추가,1,0
2026-08-29,11:43,13000,간편결제,들기름 고등어 한상,1,0
2026-08-29,11:46,52000,현금,보리굴비 정식,2,0
2026-08-29,11:48,6000,간편결제,계란말이 추가,1,0
2026-08-29,11:52,26000,카드,보리굴비 정식,1,0
2026-08-29,11:58,13000,카드,들기름 고등어 한상,1,0
2026-08-29,12:08,9000,카드,동치미 국수,1,0
2026-08-29,12:12,17000,카드,소복 정식,1,0
2026-08-29,12:14,17000,간편결제,소복 정식,1,0
2026-08-29,12:29,18000,현금,동치미 국수,2,0
2026-08-29,12:31,78000,카드,보리굴비 정식,3,0
2026-08-29,12:46,9000,카드,동치미 국수,1,0
2026-08-29,12:55,6000,카드,계란말이 추가,1,0
2026-08-29,12:55,15000,카드,제철 반상,1,0
2026-08-29,13:05,12000,카드,계란말이 추가,2,0
2026-08-29,13:14,18000,카드,동치미 국수,2,0
2026-08-29,13:22,9000,간편결제,동치미 국수,1,0
2026-08-29,13:36,21000,카드,묵은지 김치찜,1,0
2026-08-29,13:43,21000,카드,묵은지 김치찜,1,0
2026-08-29,13:49,26000,카드,보리굴비 정식,1,0
2026-08-29,17:06,26000,현금,보리굴비 정식,1,0
2026-08-29,17:16,17000,카드,소복 정식,1,0
2026-08-29,17:17,21000,카드,묵은지 김치찜,1,0
2026-08-29,17:27,17000,카드,소복 정식,1,0
2026-08-29,17:37,26000,카드,보리굴비 정식,1,0
2026-08-29,17:59,18000,카드,동치미 국수,2,0
2026-08-29,18:05,9000,카드,동치미 국수,1,0
2026-08-29,18:08,42000,카드,묵은지 김치찜,2,0
2026-08-29,18:19,6000,카드,계란말이 추가,1,0
2026-08-29,18:46,15000,카드,제철 반상,1,0
2026-08-29,19:12,26000,카드,보리굴비 정식,1,0
2026-08-29,19:54,17000,카드,소복 정식,1,0
2026-08-29,19:54,78000,간편결제,보리굴비 정식,3,0
2026-08-29,19:55,52000,카드,보리굴비 정식,2,0
2026-08-29,19:55,26000,간편결제,들기름 고등어 한상,2,0
2026-08-29,20:23,9000,카드,동치미 국수,1,0
2026-08-29,20:26,51000,현금,소복 정식,3,0
2026-08-29,20:33,18000,카드,동치미 국수,2,0
2026-08-29,20:34,18000,카드,동치미 국수,2,0
2026-08-29,20:40,17000,카드,소복 정식,1,0
2026-08-29,20:47,52000,카드,보리굴비 정식,2,0
2026-08-29,20:55,6000,카드,계란말이 추가,1,0
2026-08-30,11:12,6000,현금,계란말이 추가,1,0
2026-08-30,11:32,6000,현금,계란말이 추가,1,0
2026-08-30,11:50,26000,카드,보리굴비 정식,1,0
2026-08-30,12:18,13000,카드,들기름 고등어 한상,1,0
2026-08-30,13:01,12000,간편결제,계란말이 추가,2,0
2026-08-30,13:28,51000,카드,소복 정식,3,0
2026-08-30,13:47,6000,카드,계란말이 추가,1,0
2026-08-30,13:47,21000,간편결제,묵은지 김치찜,1,0
2026-08-30,17:00,13000,카드,들기름 고등어 한상,1,0
2026-08-30,17:09,21000,카드,묵은지 김치찜,1,0
2026-08-30,17:15,45000,현금,제철 반상,3,0
2026-08-30,17:33,6000,간편결제,계란말이 추가,1,0
2026-08-30,17:36,34000,카드,소복 정식,2,0
2026-08-30,17:55,39000,카드,들기름 고등어 한상,3,0
2026-08-30,18:17,30000,간편결제,제철 반상,2,0
2026-08-30,18:18,17000,카드,소복 정식,1,0
2026-08-30,18:34,26000,카드,보리굴비 정식,1,0
2026-08-30,18:35,26000,카드,보리굴비 정식,1,0
2026-08-30,18:47,52000,현금,보리굴비 정식,2,0
2026-08-30,18:54,9000,카드,동치미 국수,1,0
2026-08-30,19:12,39000,간편결제,들기름 고등어 한상,3,0
2026-08-30,19:20,17000,카드,소복 정식,1,0
2026-08-30,19:34,30000,카드,제철 반상,2,0
2026-08-30,19:44,17000,카드,소복 정식,1,0
2026-08-30,20:30,17000,카드,소복 정식,1,0
2026-08-30,20:35,63000,카드,묵은지 김치찜,3,0
2026-08-31,11:26,9000,간편결제,동치미 국수,1,0
2026-08-31,11:27,17000,간편결제,소복 정식,1,0
2026-08-31,11:48,6000,카드,계란말이 추가,1,0
2026-08-31,12:03,18000,카드,동치미 국수,2,0
2026-08-31,12:36,6000,카드,계란말이 추가,1,0
2026-08-31,12:39,18000,카드,동치미 국수,2,0
2026-08-31,13:23,30000,카드,제철 반상,2,0
2026-08-31,13:26,6000,카드,계란말이 추가,1,0
2026-08-31,13:39,17000,카드,소복 정식,1,17000
2026-08-31,13:42,42000,간편결제,묵은지 김치찜,2,0
2026-08-31,17:02,26000,카드,보리굴비 정식,1,0
2026-08-31,17:46,27000,현금,동치미 국수,3,0
2026-08-31,17:50,30000,간편결제,제철 반상,2,0
2026-08-31,18:21,52000,현금,보리굴비 정식,2,0
2026-08-31,18:26,26000,현금,보리굴비 정식,1,0
2026-08-31,18:50,6000,카드,계란말이 추가,1,0
2026-08-31,18:50,34000,간편결제,소복 정식,2,0
2026-08-31,18:50,17000,카드,소복 정식,1,0
2026-08-31,19:02,15000,카드,제철 반상,1,0
2026-08-31,19:07,26000,카드,보리굴비 정식,1,0
2026-08-31,19:20,45000,카드,제철 반상,3,0
2026-08-31,19:26,26000,카드,보리굴비 정식,1,0
2026-08-31,19:30,6000,간편결제,계란말이 추가,1,0
2026-08-31,19:35,21000,현금,묵은지 김치찜,1,0
2026-08-31,19:37,21000,카드,묵은지 김치찜,1,0
2026-08-31,20:10,12000,카드,계란말이 추가,2,0
2026-08-31,20:20,13000,간편결제,들기름 고등어 한상,1,0
2026-08-31,20:30,26000,카드,보리굴비 정식,1,26000
2026-08-31,20:59,18000,카드,계란말이 추가,3,0
